query_id,total_us,t_search_including_retention,t_candidate_retention_intrusive,t_candidate_finalize,t_exact16,t_final_topk,candidates,refined,exact_evals,gap
0,175.12799999999999,0,0,0,0,0,967,1,16,nan
1,193.232,0,0,0,0,0,1274,1,16,nan
2,187.33099999999999,0,0,0,0,0,1223,1,16,nan
3,176.636,0,0,0,0,0,1146,1,16,nan
4,164.399,0,0,0,0,0,837,1,16,nan
5,176.125,0,0,0,0,0,959,1,16,nan
6,187.501,0,0,0,0,0,1010,1,16,nan
7,164.86000000000001,0,0,0,0,0,921,1,16,nan
8,183.06299999999999,0,0,0,0,0,1194,1,16,nan
9,183.697,0,0,0,0,0,931,1,16,nan
10,233.19999999999999,0,0,0,0,0,1350,1,16,nan
11,241.631,0,0,0,0,0,1283,1,16,nan
12,161.26300000000001,0,0,0,0,0,593,1,16,nan
13,179.18000000000001,0,0,0,0,0,787,1,16,nan
14,160.78700000000001,0,0,0,0,0,811,1,16,nan
15,159.44200000000001,0,0,0,0,0,783,1,16,nan
16,197.39500000000001,0,0,0,0,0,1241,1,16,nan
17,172.29400000000001,0,0,0,0,0,991,1,16,nan
18,208.762,0,0,0,0,0,1321,1,16,nan
19,178.95699999999999,0,0,0,0,0,1105,1,16,nan
20,127.15900000000001,0,0,0,0,0,484,1,16,nan
21,180.821,0,0,0,0,0,1164,1,16,nan
22,175.84700000000001,0,0,0,0,0,1064,1,16,nan
23,177.489,0,0,0,0,0,1094,1,16,nan
24,185.786,0,0,0,0,0,1178,1,16,nan
25,173.66,0,0,0,0,0,1126,1,16,nan
26,150.05099999999999,0,0,0,0,0,694,1,16,nan
27,187.923,0,0,0,0,0,1103,1,16,nan
28,166.999,0,0,0,0,0,897,1,16,nan
29,172.55500000000001,0,0,0,0,0,846,1,16,nan
30,191.96899999999999,0,0,0,0,0,1250,1,16,nan
31,188.51300000000001,0,0,0,0,0,1174,1,16,nan
32,188.083,0,0,0,0,0,1171,1,16,nan
33,170.179,0,0,0,0,0,1053,1,16,nan
34,196.124,0,0,0,0,0,1306,1,16,nan
35,155.881,0,0,0,0,0,804,1,16,nan
36,172.69999999999999,0,0,0,0,0,1065,1,16,nan
37,151.96100000000001,0,0,0,0,0,826,1,16,nan
38,183.48599999999999,0,0,0,0,0,1090,1,16,nan
39,165.82400000000001,0,0,0,0,0,951,1,16,nan
40,183.209,0,0,0,0,0,1249,1,16,nan
41,150.61600000000001,0,0,0,0,0,742,1,16,nan
42,148.10300000000001,0,0,0,0,0,858,1,16,nan
43,187.85300000000001,0,0,0,0,0,1233,1,16,nan
44,187.821,0,0,0,0,0,1141,1,16,nan
45,157.36699999999999,0,0,0,0,0,819,1,16,nan
46,178.57499999999999,0,0,0,0,0,1200,1,16,nan
47,127.468,0,0,0,0,0,535,1,16,nan
48,187.76599999999999,0,0,0,0,0,1326,1,16,nan
49,131.559,0,0,0,0,0,599,1,16,nan
50,157.73500000000001,0,0,0,0,0,847,1,16,nan
51,150.24299999999999,0,0,0,0,0,792,1,16,nan
52,171.43600000000001,0,0,0,0,0,1120,1,16,nan
53,170.46199999999999,0,0,0,0,0,1089,1,16,nan
54,156.44900000000001,0,0,0,0,0,897,1,16,nan
55,170.84399999999999,0,0,0,0,0,1036,1,16,nan
56,156.268,0,0,0,0,0,850,1,16,nan
57,176.71899999999999,0,0,0,0,0,815,1,16,nan
58,194.846,0,0,0,0,0,1217,1,16,nan
59,178.14599999999999,0,0,0,0,0,1115,1,16,nan
60,140.78700000000001,0,0,0,0,0,645,1,16,nan
61,183.47300000000001,0,0,0,0,0,1093,1,16,nan
62,203.01300000000001,0,0,0,0,0,1317,1,16,nan
63,192.34800000000001,0,0,0,0,0,1138,1,16,nan
64,191.785,0,0,0,0,0,1283,1,16,nan
65,163.13399999999999,0,0,0,0,0,793,1,16,nan
66,185.304,0,0,0,0,0,1329,1,16,nan
67,175.82900000000001,0,0,0,0,0,1106,1,16,nan
68,174.41800000000001,0,0,0,0,0,1085,1,16,nan
69,190.53100000000001,0,0,0,0,0,1133,1,16,nan
70,176.84399999999999,0,0,0,0,0,1064,1,16,nan
71,170.68299999999999,0,0,0,0,0,953,1,16,nan
72,178.346,0,0,0,0,0,1124,1,16,nan
73,168.21899999999999,0,0,0,0,0,939,1,16,nan
74,146.43600000000001,0,0,0,0,0,690,1,16,nan
75,135.804,0,0,0,0,0,575,1,16,nan
76,177.203,0,0,0,0,0,1063,1,16,nan
77,148.83699999999999,0,0,0,0,0,645,1,16,nan
78,183.815,0,0,0,0,0,1230,1,16,nan
79,169.06,0,0,0,0,0,1117,1,16,nan
80,215.88300000000001,0,0,0,0,0,1262,1,16,nan
81,178.27799999999999,0,0,0,0,0,1201,1,16,nan
82,154.03100000000001,0,0,0,0,0,889,1,16,nan
83,104.33,0,0,0,0,0,248,1,16,nan
84,127.854,0,0,0,0,0,557,1,16,nan
85,191.34299999999999,0,0,0,0,0,1198,1,16,nan
86,171.256,0,0,0,0,0,1044,1,16,nan
87,131.36600000000001,0,0,0,0,0,554,1,16,nan
88,183.339,0,0,0,0,0,1134,1,16,nan
89,183.58699999999999,0,0,0,0,0,1235,1,16,nan
90,150.988,0,0,0,0,0,707,1,16,nan
91,171.29599999999999,0,0,0,0,0,1045,1,16,nan
92,136.72800000000001,0,0,0,0,0,568,1,16,nan
93,135.11600000000001,0,0,0,0,0,653,1,16,nan
94,159.928,0,0,0,0,0,927,1,16,nan
95,174.506,0,0,0,0,0,1135,1,16,nan
96,178.928,0,0,0,0,0,1136,1,16,nan
97,195.084,0,0,0,0,0,1296,1,16,nan
98,169.804,0,0,0,0,0,1076,1,16,nan
99,196.00999999999999,0,0,0,0,0,1330,1,16,nan
100,184.61000000000001,0,0,0,0,0,1245,1,16,nan
101,180.27699999999999,0,0,0,0,0,1158,1,16,nan
102,176.148,0,0,0,0,0,1147,1,16,nan
103,196.30099999999999,0,0,0,0,0,973,1,16,nan
104,160.86500000000001,0,0,0,0,0,920,1,16,nan
105,187.69999999999999,0,0,0,0,0,1178,1,16,nan
106,178.583,0,0,0,0,0,891,1,16,nan
107,187.80199999999999,0,0,0,0,0,1082,1,16,nan
108,182.059,0,0,0,0,0,1115,1,16,nan
109,140.13,0,0,0,0,0,524,1,16,nan
110,184.82900000000001,0,0,0,0,0,999,1,16,nan
111,161.86799999999999,0,0,0,0,0,824,1,16,nan
112,199.46799999999999,0,0,0,0,0,1204,1,16,nan
113,133.20400000000001,0,0,0,0,0,679,1,16,nan
114,177.09999999999999,0,0,0,0,0,1129,1,16,nan
115,193.00200000000001,0,0,0,0,0,1193,1,16,nan
116,188.321,0,0,0,0,0,1292,1,16,nan
117,150.73599999999999,0,0,0,0,0,823,1,16,nan
118,134.52099999999999,0,0,0,0,0,601,1,16,nan
119,141.30099999999999,0,0,0,0,0,605,1,16,nan
120,181.65199999999999,0,0,0,0,0,1197,1,16,nan
121,195.42099999999999,0,0,0,0,0,1295,1,16,nan
122,164.56399999999999,0,0,0,0,0,945,1,16,nan
123,167.834,0,0,0,0,0,1004,1,16,nan
124,165.559,0,0,0,0,0,1091,1,16,nan
125,159.04400000000001,0,0,0,0,0,929,1,16,nan
126,168.035,0,0,0,0,0,1056,1,16,nan
127,172.08799999999999,0,0,0,0,0,1080,1,16,nan
128,178.03399999999999,0,0,0,0,0,888,1,16,nan
129,188.577,0,0,0,0,0,1244,1,16,nan
130,171.607,0,0,0,0,0,1112,1,16,nan
131,177.77199999999999,0,0,0,0,0,1221,1,16,nan
132,165.547,0,0,0,0,0,933,1,16,nan
133,188.858,0,0,0,0,0,1231,1,16,nan
134,187.291,0,0,0,0,0,1178,1,16,nan
135,184.22800000000001,0,0,0,0,0,1276,1,16,nan
136,181.38499999999999,0,0,0,0,0,1174,1,16,nan
137,127.38500000000001,0,0,0,0,0,507,1,16,nan
138,174.31700000000001,0,0,0,0,0,1053,1,16,nan
139,187.65600000000001,0,0,0,0,0,1281,1,16,nan
140,157.98599999999999,0,0,0,0,0,959,1,16,nan
141,152.84999999999999,0,0,0,0,0,815,1,16,nan
142,180.87100000000001,0,0,0,0,0,1169,1,16,nan
143,170.55199999999999,0,0,0,0,0,1060,1,16,nan
144,173.71299999999999,0,0,0,0,0,1007,1,16,nan
145,140.20400000000001,0,0,0,0,0,660,1,16,nan
146,183.24700000000001,0,0,0,0,0,1205,1,16,nan
147,171.80199999999999,0,0,0,0,0,1127,1,16,nan
148,172.05500000000001,0,0,0,0,0,1136,1,16,nan
149,200.72499999999999,0,0,0,0,0,1145,1,16,nan
150,185.81700000000001,0,0,0,0,0,1020,1,16,nan
151,205.61199999999999,0,0,0,0,0,1333,1,16,nan
152,175.79900000000001,0,0,0,0,0,860,1,16,nan
153,180.18100000000001,0,0,0,0,0,1063,1,16,nan
154,175.506,0,0,0,0,0,1110,1,16,nan
155,192.721,0,0,0,0,0,1274,1,16,nan
156,178.40600000000001,0,0,0,0,0,1097,1,16,nan
157,131.726,0,0,0,0,0,571,1,16,nan
158,163.15000000000001,0,0,0,0,0,907,1,16,nan
159,157.83600000000001,0,0,0,0,0,895,1,16,nan
160,162.10599999999999,0,0,0,0,0,1000,1,16,nan
161,206.274,0,0,0,0,0,1130,1,16,nan
162,218.92099999999999,0,0,0,0,0,1336,1,16,nan
163,211.185,0,0,0,0,0,1189,1,16,nan
164,205.02199999999999,0,0,0,0,0,1267,1,16,nan
165,194.71600000000001,0,0,0,0,0,933,1,16,nan
166,182.917,0,0,0,0,0,1252,1,16,nan
167,165.297,0,0,0,0,0,1026,1,16,nan
168,178.68799999999999,0,0,0,0,0,1134,1,16,nan
169,184.61000000000001,0,0,0,0,0,1201,1,16,nan
170,188.702,0,0,0,0,0,1213,1,16,nan
171,168.035,0,0,0,0,0,963,1,16,nan
172,180.506,0,0,0,0,0,1275,1,16,nan
173,163.37200000000001,0,0,0,0,0,929,1,16,nan
174,188.46000000000001,0,0,0,0,0,1274,1,16,nan
175,175.727,0,0,0,0,0,1161,1,16,nan
176,183.45500000000001,0,0,0,0,0,1273,1,16,nan
177,208.304,0,0,0,0,0,1043,1,16,nan
178,182.91399999999999,0,0,0,0,0,1038,1,16,nan
179,155.47800000000001,0,0,0,0,0,778,1,16,nan
180,166.446,0,0,0,0,0,1001,1,16,nan
181,160.92599999999999,0,0,0,0,0,857,1,16,nan
182,175.018,0,0,0,0,0,1057,1,16,nan
183,177.459,0,0,0,0,0,959,1,16,nan
184,169.191,0,0,0,0,0,713,1,16,nan
185,158.458,0,0,0,0,0,1003,1,16,nan
186,163.16,0,0,0,0,0,1053,1,16,nan
187,187.626,0,0,0,0,0,1255,1,16,nan
188,171.68000000000001,0,0,0,0,0,1114,1,16,nan
189,173.733,0,0,0,0,0,834,1,16,nan
190,201.19499999999999,0,0,0,0,0,1138,1,16,nan
191,154.77600000000001,0,0,0,0,0,685,1,16,nan
192,191.244,0,0,0,0,0,995,1,16,nan
193,136.017,0,0,0,0,0,593,1,16,nan
194,192.05799999999999,0,0,0,0,0,1299,1,16,nan
195,195.566,0,0,0,0,0,1296,1,16,nan
196,164.01400000000001,0,0,0,0,0,1085,1,16,nan
197,178.755,0,0,0,0,0,1156,1,16,nan
198,182.91200000000001,0,0,0,0,0,1207,1,16,nan
199,187.702,0,0,0,0,0,1310,1,16,nan
200,182.833,0,0,0,0,0,1147,1,16,nan
201,156.291,0,0,0,0,0,695,1,16,nan
202,177.20400000000001,0,0,0,0,0,1153,1,16,nan
203,189.261,0,0,0,0,0,923,1,16,nan
204,180.20099999999999,0,0,0,0,0,1091,1,16,nan
205,160.58500000000001,0,0,0,0,0,796,1,16,nan
206,164.25899999999999,0,0,0,0,0,901,1,16,nan
207,155.45099999999999,0,0,0,0,0,756,1,16,nan
208,160.834,0,0,0,0,0,861,1,16,nan
209,189.137,0,0,0,0,0,1233,1,16,nan
210,155.357,0,0,0,0,0,626,1,16,nan
211,189.518,0,0,0,0,0,1053,1,16,nan
212,152.00299999999999,0,0,0,0,0,839,1,16,nan
213,194.524,0,0,0,0,0,1392,1,16,nan
214,177.37100000000001,0,0,0,0,0,1148,1,16,nan
215,159.328,0,0,0,0,0,872,1,16,nan
216,131.71199999999999,0,0,0,0,0,641,1,16,nan
217,182.428,0,0,0,0,0,1149,1,16,nan
218,170.029,0,0,0,0,0,1135,1,16,nan
219,197.89500000000001,0,0,0,0,0,1397,1,16,nan
220,183.761,0,0,0,0,0,1186,1,16,nan
221,167.34100000000001,0,0,0,0,0,1179,1,16,nan
222,181.04599999999999,0,0,0,0,0,1123,1,16,nan
223,168.21799999999999,0,0,0,0,0,1087,1,16,nan
224,177.19200000000001,0,0,0,0,0,1075,1,16,nan
225,169.62799999999999,0,0,0,0,0,1085,1,16,nan
226,144.93700000000001,0,0,0,0,0,706,1,16,nan
227,165.792,0,0,0,0,0,1015,1,16,nan
228,152.245,0,0,0,0,0,855,1,16,nan
229,177.785,0,0,0,0,0,1103,1,16,nan
230,175.48500000000001,0,0,0,0,0,1031,1,16,nan
231,160.95099999999999,0,0,0,0,0,957,1,16,nan
232,208.69800000000001,0,0,0,0,0,1232,1,16,nan
233,185.339,0,0,0,0,0,1099,1,16,nan
234,163.92699999999999,0,0,0,0,0,855,1,16,nan
235,173.642,0,0,0,0,0,1029,1,16,nan
236,178.69800000000001,0,0,0,0,0,1132,1,16,nan
237,173.72499999999999,0,0,0,0,0,1007,1,16,nan
238,167.30600000000001,0,0,0,0,0,960,1,16,nan
239,203.21899999999999,0,0,0,0,0,1220,1,16,nan
240,149.45599999999999,0,0,0,0,0,755,1,16,nan
241,119.095,0,0,0,0,0,468,1,16,nan
242,133.63,0,0,0,0,0,571,1,16,nan
243,155.88499999999999,0,0,0,0,0,958,1,16,nan
244,171.11699999999999,0,0,0,0,0,1087,1,16,nan
245,185.553,0,0,0,0,0,1182,1,16,nan
246,165.547,0,0,0,0,0,985,1,16,nan
247,151.173,0,0,0,0,0,751,1,16,nan
248,170.02500000000001,0,0,0,0,0,1066,1,16,nan
249,188.667,0,0,0,0,0,919,1,16,nan
250,167.96799999999999,0,0,0,0,0,971,1,16,nan
251,158.989,0,0,0,0,0,903,1,16,nan
252,200.148,0,0,0,0,0,1412,1,16,nan
253,207.971,0,0,0,0,0,1205,1,16,nan
254,160.358,0,0,0,0,0,937,1,16,nan
255,167.02600000000001,0,0,0,0,0,978,1,16,nan
256,172.852,0,0,0,0,0,1082,1,16,nan
257,176.84399999999999,0,0,0,0,0,1004,1,16,nan
258,183.202,0,0,0,0,0,1148,1,16,nan
259,200.05600000000001,0,0,0,0,0,1188,1,16,nan
260,168.15000000000001,0,0,0,0,0,1090,1,16,nan
261,118.56399999999999,0,0,0,0,0,435,1,16,nan
262,159.827,0,0,0,0,0,860,1,16,nan
263,187.39699999999999,0,0,0,0,0,994,1,16,nan
264,145.50800000000001,0,0,0,0,0,606,1,16,nan
265,185.43700000000001,0,0,0,0,0,1210,1,16,nan
266,191.08699999999999,0,0,0,0,0,1176,1,16,nan
267,184.19399999999999,0,0,0,0,0,1194,1,16,nan
268,174.136,0,0,0,0,0,1130,1,16,nan
269,191.41399999999999,0,0,0,0,0,1066,1,16,nan
270,170.23699999999999,0,0,0,0,0,1042,1,16,nan
271,167.583,0,0,0,0,0,1074,1,16,nan
272,174.345,0,0,0,0,0,1088,1,16,nan
273,152.16300000000001,0,0,0,0,0,814,1,16,nan
274,150.678,0,0,0,0,0,803,1,16,nan
275,169.44999999999999,0,0,0,0,0,1056,1,16,nan
276,154.858,0,0,0,0,0,866,1,16,nan
277,149.28899999999999,0,0,0,0,0,810,1,16,nan
278,130.97300000000001,0,0,0,0,0,614,1,16,nan
279,140.702,0,0,0,0,0,715,1,16,nan
280,160.863,0,0,0,0,0,928,1,16,nan
281,195.84999999999999,0,0,0,0,0,1352,1,16,nan
282,172.97999999999999,0,0,0,0,0,1059,1,16,nan
283,162.05500000000001,0,0,0,0,0,935,1,16,nan
284,177.941,0,0,0,0,0,1149,1,16,nan
285,173.875,0,0,0,0,0,1079,1,16,nan
286,152.21700000000001,0,0,0,0,0,768,1,16,nan
287,172.72499999999999,0,0,0,0,0,1031,1,16,nan
288,191.298,0,0,0,0,0,1291,1,16,nan
289,174.80500000000001,0,0,0,0,0,1030,1,16,nan
290,135.43600000000001,0,0,0,0,0,637,1,16,nan
291,167.73599999999999,0,0,0,0,0,1036,1,16,nan
292,187.65000000000001,0,0,0,0,0,1242,1,16,nan
293,187.21000000000001,0,0,0,0,0,1262,1,16,nan
294,174.38900000000001,0,0,0,0,0,1082,1,16,nan
295,167.41900000000001,0,0,0,0,0,1008,1,16,nan
296,168.16800000000001,0,0,0,0,0,1074,1,16,nan
297,189.93100000000001,0,0,0,0,0,1245,1,16,nan
298,176.38800000000001,0,0,0,0,0,1124,1,16,nan
299,129.172,0,0,0,0,0,559,1,16,nan
300,186.977,0,0,0,0,0,1140,1,16,nan
301,148.42500000000001,0,0,0,0,0,800,1,16,nan
302,165.53399999999999,0,0,0,0,0,993,1,16,nan
303,130.929,0,0,0,0,0,557,1,16,nan
304,121.898,0,0,0,0,0,486,1,16,nan
305,184.41399999999999,0,0,0,0,0,1245,1,16,nan
306,165.64599999999999,0,0,0,0,0,969,1,16,nan
307,176.67599999999999,0,0,0,0,0,1170,1,16,nan
308,195.72200000000001,0,0,0,0,0,1334,1,16,nan
309,185.42099999999999,0,0,0,0,0,1208,1,16,nan
310,121.13800000000001,0,0,0,0,0,455,1,16,nan
311,176.84700000000001,0,0,0,0,0,1141,1,16,nan
312,134.37200000000001,0,0,0,0,0,586,1,16,nan
313,138.05199999999999,0,0,0,0,0,661,1,16,nan
314,174.45599999999999,0,0,0,0,0,1129,1,16,nan
315,127.351,0,0,0,0,0,547,1,16,nan
316,183.99299999999999,0,0,0,0,0,1224,1,16,nan
317,132.80000000000001,0,0,0,0,0,612,1,16,nan
318,146.34999999999999,0,0,0,0,0,750,1,16,nan
319,152.96600000000001,0,0,0,0,0,814,1,16,nan
320,146.30099999999999,0,0,0,0,0,702,1,16,nan
321,211.48400000000001,0,0,0,0,0,1456,1,16,nan
322,133.19399999999999,0,0,0,0,0,601,1,16,nan
323,151.86199999999999,0,0,0,0,0,851,1,16,nan
324,180.363,0,0,0,0,0,1214,1,16,nan
325,172.28,0,0,0,0,0,984,1,16,nan
326,173.773,0,0,0,0,0,1088,1,16,nan
327,171.23099999999999,0,0,0,0,0,987,1,16,nan
328,155.12299999999999,0,0,0,0,0,855,1,16,nan
329,171.625,0,0,0,0,0,991,1,16,nan
330,159.02000000000001,0,0,0,0,0,905,1,16,nan
331,199.37899999999999,0,0,0,0,0,1352,1,16,nan
332,182.96299999999999,0,0,0,0,0,1242,1,16,nan
333,145.08799999999999,0,0,0,0,0,720,1,16,nan
334,219.00200000000001,0,0,0,0,0,1350,1,16,nan
335,144.322,0,0,0,0,0,749,1,16,nan
336,178.91,0,0,0,0,0,1139,1,16,nan
337,183.483,0,0,0,0,0,1184,1,16,nan
338,188.035,0,0,0,0,0,1257,1,16,nan
339,179.05600000000001,0,0,0,0,0,1157,1,16,nan
340,184.62299999999999,0,0,0,0,0,1256,1,16,nan
341,184.19399999999999,0,0,0,0,0,1290,1,16,nan
342,160.71000000000001,0,0,0,0,0,901,1,16,nan
343,164.30699999999999,0,0,0,0,0,947,1,16,nan
344,166.078,0,0,0,0,0,1044,1,16,nan
345,164.267,0,0,0,0,0,999,1,16,nan
346,175.74700000000001,0,0,0,0,0,1133,1,16,nan
347,185.096,0,0,0,0,0,1274,1,16,nan
348,152.517,0,0,0,0,0,765,1,16,nan
349,177.58000000000001,0,0,0,0,0,1167,1,16,nan
350,174.40100000000001,0,0,0,0,0,1070,1,16,nan
351,134.565,0,0,0,0,0,674,1,16,nan
352,173.72900000000001,0,0,0,0,0,1119,1,16,nan
353,175.12700000000001,0,0,0,0,0,1125,1,16,nan
354,169.679,0,0,0,0,0,976,1,16,nan
355,158.00899999999999,0,0,0,0,0,952,1,16,nan
356,156.38999999999999,0,0,0,0,0,851,1,16,nan
357,179.554,0,0,0,0,0,1224,1,16,nan
358,167.99299999999999,0,0,0,0,0,1032,1,16,nan
359,165.46299999999999,0,0,0,0,0,986,1,16,nan
360,181.22900000000001,0,0,0,0,0,1138,1,16,nan
361,189.886,0,0,0,0,0,1284,1,16,nan
362,174.43700000000001,0,0,0,0,0,1081,1,16,nan
363,149.34299999999999,0,0,0,0,0,798,1,16,nan
364,175.53399999999999,0,0,0,0,0,1139,1,16,nan
365,171.73400000000001,0,0,0,0,0,1093,1,16,nan
366,180.52600000000001,0,0,0,0,0,1137,1,16,nan
367,163.24000000000001,0,0,0,0,0,957,1,16,nan
368,183.184,0,0,0,0,0,1214,1,16,nan
369,193.63800000000001,0,0,0,0,0,1324,1,16,nan
370,128.36099999999999,0,0,0,0,0,583,1,16,nan
371,182.39400000000001,0,0,0,0,0,1195,1,16,nan
372,159.245,0,0,0,0,0,926,1,16,nan
373,190.78100000000001,0,0,0,0,0,1243,1,16,nan
374,168.46799999999999,0,0,0,0,0,1070,1,16,nan
375,141.142,0,0,0,0,0,666,1,16,nan
376,168.76300000000001,0,0,0,0,0,1030,1,16,nan
377,149.89400000000001,0,0,0,0,0,785,1,16,nan
378,150.62299999999999,0,0,0,0,0,802,1,16,nan
379,141.72800000000001,0,0,0,0,0,739,1,16,nan
380,120.709,0,0,0,0,0,441,1,16,nan
381,168.82599999999999,0,0,0,0,0,1059,1,16,nan
382,156.459,0,0,0,0,0,893,1,16,nan
383,185.31299999999999,0,0,0,0,0,1193,1,16,nan
384,190.88300000000001,0,0,0,0,0,1267,1,16,nan
385,177.75700000000001,0,0,0,0,0,1197,1,16,nan
386,181.09200000000001,0,0,0,0,0,1258,1,16,nan
387,180.66300000000001,0,0,0,0,0,1145,1,16,nan
388,169.976,0,0,0,0,0,1047,1,16,nan
389,174.708,0,0,0,0,0,1119,1,16,nan
390,156.785,0,0,0,0,0,904,1,16,nan
391,150.09800000000001,0,0,0,0,0,840,1,16,nan
392,191.745,0,0,0,0,0,1284,1,16,nan
393,171.57300000000001,0,0,0,0,0,1119,1,16,nan
394,138.10499999999999,0,0,0,0,0,576,1,16,nan
395,180.34999999999999,0,0,0,0,0,1197,1,16,nan
396,168.10300000000001,0,0,0,0,0,997,1,16,nan
397,165.143,0,0,0,0,0,965,1,16,nan
398,180.39500000000001,0,0,0,0,0,1038,1,16,nan
399,214.76499999999999,0,0,0,0,0,1233,1,16,nan
400,161.39099999999999,0,0,0,0,0,832,1,16,nan
401,168.66,0,0,0,0,0,859,1,16,nan
402,185.69399999999999,0,0,0,0,0,1106,1,16,nan
403,168.679,0,0,0,0,0,1019,1,16,nan
404,145.81399999999999,0,0,0,0,0,658,1,16,nan
405,216.65700000000001,0,0,0,0,0,1479,1,16,nan
406,187.321,0,0,0,0,0,1121,1,16,nan
407,179.459,0,0,0,0,0,1043,1,16,nan
408,188.03100000000001,0,0,0,0,0,997,1,16,nan
409,143.131,0,0,0,0,0,617,1,16,nan
410,158.34100000000001,0,0,0,0,0,945,1,16,nan
411,202.27199999999999,0,0,0,0,0,1379,1,16,nan
412,184.19300000000001,0,0,0,0,0,1205,1,16,nan
413,195.57599999999999,0,0,0,0,0,1260,1,16,nan
414,139.672,0,0,0,0,0,713,1,16,nan
415,154.977,0,0,0,0,0,889,1,16,nan
416,218.15100000000001,0,0,0,0,0,1573,1,16,nan
417,160.22999999999999,0,0,0,0,0,870,1,16,nan
418,191.114,0,0,0,0,0,1349,1,16,nan
419,232.49799999999999,0,0,0,0,0,1143,1,16,nan
420,168.32499999999999,0,0,0,0,0,963,1,16,nan
421,187.27099999999999,0,0,0,0,0,1208,1,16,nan
422,180.833,0,0,0,0,0,1082,1,16,nan
423,177.245,0,0,0,0,0,1068,1,16,nan
424,164.53299999999999,0,0,0,0,0,959,1,16,nan
425,161.06899999999999,0,0,0,0,0,958,1,16,nan
426,143.18199999999999,0,0,0,0,0,617,1,16,nan
427,162.60400000000001,0,0,0,0,0,977,1,16,nan
428,195.85599999999999,0,0,0,0,0,1130,1,16,nan
429,214.608,0,0,0,0,0,1178,1,16,nan
430,240.333,0,0,0,0,0,1471,1,16,nan
431,197.05600000000001,0,0,0,0,0,1115,1,16,nan
432,199.023,0,0,0,0,0,1237,1,16,nan
433,182.62200000000001,0,0,0,0,0,1178,1,16,nan
434,178.506,0,0,0,0,0,1137,1,16,nan
435,157.102,0,0,0,0,0,837,1,16,nan
436,139.12899999999999,0,0,0,0,0,665,1,16,nan
437,165.16,0,0,0,0,0,950,1,16,nan
438,181.672,0,0,0,0,0,1153,1,16,nan
439,196.34700000000001,0,0,0,0,0,1337,1,16,nan
440,178.08000000000001,0,0,0,0,0,1203,1,16,nan
441,171.28200000000001,0,0,0,0,0,1006,1,16,nan
442,177.97,0,0,0,0,0,1213,1,16,nan
443,152.62100000000001,0,0,0,0,0,821,1,16,nan
444,185.876,0,0,0,0,0,1243,1,16,nan
445,178.56399999999999,0,0,0,0,0,1139,1,16,nan
446,169.03399999999999,0,0,0,0,0,1018,1,16,nan
447,164.541,0,0,0,0,0,995,1,16,nan
448,182.077,0,0,0,0,0,1177,1,16,nan
449,148.84700000000001,0,0,0,0,0,770,1,16,nan
450,169.227,0,0,0,0,0,986,1,16,nan
451,184.12,0,0,0,0,0,1193,1,16,nan
452,124.946,0,0,0,0,0,467,1,16,nan
453,180.041,0,0,0,0,0,1197,1,16,nan
454,163.07400000000001,0,0,0,0,0,928,1,16,nan
455,187.667,0,0,0,0,0,1250,1,16,nan
456,201.52699999999999,0,0,0,0,0,1382,1,16,nan
457,181.232,0,0,0,0,0,1119,1,16,nan
458,219.61000000000001,0,0,0,0,0,1256,1,16,nan
459,175.61799999999999,0,0,0,0,0,1105,1,16,nan
460,184.97499999999999,0,0,0,0,0,1222,1,16,nan
461,178.46799999999999,0,0,0,0,0,1096,1,16,nan
462,160.88499999999999,0,0,0,0,0,934,1,16,nan
463,153.791,0,0,0,0,0,582,1,16,nan
464,126.193,0,0,0,0,0,461,1,16,nan
465,151.71899999999999,0,0,0,0,0,648,1,16,nan
466,175.73400000000001,0,0,0,0,0,1119,1,16,nan
467,177.46799999999999,0,0,0,0,0,1133,1,16,nan
468,147.05699999999999,0,0,0,0,0,798,1,16,nan
469,185.73099999999999,0,0,0,0,0,1182,1,16,nan
470,162.29300000000001,0,0,0,0,0,915,1,16,nan
471,178.11799999999999,0,0,0,0,0,1118,1,16,nan
472,189.881,0,0,0,0,0,1315,1,16,nan
473,170.358,0,0,0,0,0,1044,1,16,nan
474,166.49100000000001,0,0,0,0,0,1002,1,16,nan
475,176.24299999999999,0,0,0,0,0,1112,1,16,nan
476,186.25899999999999,0,0,0,0,0,1259,1,16,nan
477,182.636,0,0,0,0,0,1237,1,16,nan
478,150.58199999999999,0,0,0,0,0,788,1,16,nan
479,118.934,0,0,0,0,0,472,1,16,nan
480,141.63499999999999,0,0,0,0,0,726,1,16,nan
481,193.40100000000001,0,0,0,0,0,1369,1,16,nan
482,187.22900000000001,0,0,0,0,0,1244,1,16,nan
483,169.863,0,0,0,0,0,1074,1,16,nan
484,189.45699999999999,0,0,0,0,0,1307,1,16,nan
485,195.16,0,0,0,0,0,1353,1,16,nan
486,143.09999999999999,0,0,0,0,0,653,1,16,nan
487,178.42099999999999,0,0,0,0,0,1096,1,16,nan
488,153.94399999999999,0,0,0,0,0,856,1,16,nan
489,179.76900000000001,0,0,0,0,0,1184,1,16,nan
490,134.57400000000001,0,0,0,0,0,660,1,16,nan
491,181.97300000000001,0,0,0,0,0,1197,1,16,nan
492,187.22900000000001,0,0,0,0,0,1296,1,16,nan
493,168.512,0,0,0,0,0,1072,1,16,nan
494,167.57400000000001,0,0,0,0,0,1034,1,16,nan
495,166.25999999999999,0,0,0,0,0,1011,1,16,nan
496,177.53999999999999,0,0,0,0,0,1177,1,16,nan
497,182.131,0,0,0,0,0,1247,1,16,nan
498,184.58799999999999,0,0,0,0,0,1216,1,16,nan
499,170.13900000000001,0,0,0,0,0,835,1,16,nan
500,210.42400000000001,0,0,0,0,0,1377,1,16,nan
501,194.774,0,0,0,0,0,1106,1,16,nan
502,191.25299999999999,0,0,0,0,0,1064,1,16,nan
503,180.01900000000001,0,0,0,0,0,736,1,16,nan
504,170.13499999999999,0,0,0,0,0,965,1,16,nan
505,172.47800000000001,0,0,0,0,0,1112,1,16,nan
506,132.92599999999999,0,0,0,0,0,583,1,16,nan
507,196.15700000000001,0,0,0,0,0,1259,1,16,nan
508,159.571,0,0,0,0,0,896,1,16,nan
509,190.31399999999999,0,0,0,0,0,1219,1,16,nan
510,168.01300000000001,0,0,0,0,0,1082,1,16,nan
511,174.86799999999999,0,0,0,0,0,1074,1,16,nan
512,160.12899999999999,0,0,0,0,0,952,1,16,nan
513,169.136,0,0,0,0,0,973,1,16,nan
514,173.63999999999999,0,0,0,0,0,1152,1,16,nan
515,180.38800000000001,0,0,0,0,0,1105,1,16,nan
516,202.56399999999999,0,0,0,0,0,1360,1,16,nan
517,178.99100000000001,0,0,0,0,0,1259,1,16,nan
518,176.22,0,0,0,0,0,1185,1,16,nan
519,137.71199999999999,0,0,0,0,0,627,1,16,nan
520,130.596,0,0,0,0,0,616,1,16,nan
521,163.97200000000001,0,0,0,0,0,896,1,16,nan
522,187.625,0,0,0,0,0,1226,1,16,nan
523,143.53299999999999,0,0,0,0,0,792,1,16,nan
524,172.565,0,0,0,0,0,1134,1,16,nan
525,147.505,0,0,0,0,0,783,1,16,nan
526,190.21799999999999,0,0,0,0,0,1310,1,16,nan
527,166.72999999999999,0,0,0,0,0,1029,1,16,nan
528,118.371,0,0,0,0,0,416,1,16,nan
529,159.75899999999999,0,0,0,0,0,939,1,16,nan
530,168.59200000000001,0,0,0,0,0,1090,1,16,nan
531,181.60400000000001,0,0,0,0,0,1226,1,16,nan
532,157.905,0,0,0,0,0,850,1,16,nan
533,153.167,0,0,0,0,0,894,1,16,nan
534,211.673,0,0,0,0,0,1449,1,16,nan
535,170.97300000000001,0,0,0,0,0,1112,1,16,nan
536,152.96600000000001,0,0,0,0,0,829,1,16,nan
537,175.684,0,0,0,0,0,1110,1,16,nan
538,155.14500000000001,0,0,0,0,0,830,1,16,nan
539,133.03800000000001,0,0,0,0,0,529,1,16,nan
540,171.899,0,0,0,0,0,1053,1,16,nan
541,176.71299999999999,0,0,0,0,0,1210,1,16,nan
542,190.572,0,0,0,0,0,1213,1,16,nan
543,147.178,0,0,0,0,0,787,1,16,nan
544,185.30199999999999,0,0,0,0,0,1272,1,16,nan
545,155.59800000000001,0,0,0,0,0,859,1,16,nan
546,170.626,0,0,0,0,0,1007,1,16,nan
547,177.71299999999999,0,0,0,0,0,1138,1,16,nan
548,182.05500000000001,0,0,0,0,0,1257,1,16,nan
549,139.48099999999999,0,0,0,0,0,627,1,16,nan
550,148.52199999999999,0,0,0,0,0,796,1,16,nan
551,187.21700000000001,0,0,0,0,0,1278,1,16,nan
552,178.09399999999999,0,0,0,0,0,1135,1,16,nan
553,155.88999999999999,0,0,0,0,0,941,1,16,nan
554,196.90799999999999,0,0,0,0,0,1370,1,16,nan
555,172.53100000000001,0,0,0,0,0,1161,1,16,nan
556,140.21000000000001,0,0,0,0,0,732,1,16,nan
557,155.20599999999999,0,0,0,0,0,760,1,16,nan
558,184.87,0,0,0,0,0,1243,1,16,nan
559,182.976,0,0,0,0,0,1286,1,16,nan
560,176.06200000000001,0,0,0,0,0,1149,1,16,nan
561,176.67099999999999,0,0,0,0,0,1145,1,16,nan
562,193.447,0,0,0,0,0,1344,1,16,nan
563,167.97499999999999,0,0,0,0,0,989,1,16,nan
564,166.32900000000001,0,0,0,0,0,1035,1,16,nan
565,169.42599999999999,0,0,0,0,0,1028,1,16,nan
566,187.55000000000001,0,0,0,0,0,1219,1,16,nan
567,172.75399999999999,0,0,0,0,0,1087,1,16,nan
568,159.51900000000001,0,0,0,0,0,907,1,16,nan
569,170.041,0,0,0,0,0,1002,1,16,nan
570,184.62299999999999,0,0,0,0,0,1184,1,16,nan
571,200.148,0,0,0,0,0,1399,1,16,nan
572,147.38800000000001,0,0,0,0,0,760,1,16,nan
573,166.077,0,0,0,0,0,992,1,16,nan
574,147.047,0,0,0,0,0,887,1,16,nan
575,186.06700000000001,0,0,0,0,0,1092,1,16,nan
576,168.44999999999999,0,0,0,0,0,1022,1,16,nan
577,182.66200000000001,0,0,0,0,0,1267,1,16,nan
578,163.744,0,0,0,0,0,992,1,16,nan
579,140.369,0,0,0,0,0,715,1,16,nan
580,188.94800000000001,0,0,0,0,0,1270,1,16,nan
581,168.959,0,0,0,0,0,1076,1,16,nan
582,175.55699999999999,0,0,0,0,0,1126,1,16,nan
583,188.69,0,0,0,0,0,1241,1,16,nan
584,177.803,0,0,0,0,0,1160,1,16,nan
585,183.08099999999999,0,0,0,0,0,1208,1,16,nan
586,157.73599999999999,0,0,0,0,0,910,1,16,nan
587,175.97200000000001,0,0,0,0,0,1154,1,16,nan
588,185.90899999999999,0,0,0,0,0,841,1,16,nan
589,192.57599999999999,0,0,0,0,0,1288,1,16,nan
590,135.03200000000001,0,0,0,0,0,623,1,16,nan
591,142.17699999999999,0,0,0,0,0,506,1,16,nan
592,208.86699999999999,0,0,0,0,0,1242,1,16,nan
593,189.101,0,0,0,0,0,1102,1,16,nan
594,201.19300000000001,0,0,0,0,0,1291,1,16,nan
595,146.036,0,0,0,0,0,690,1,16,nan
596,193.965,0,0,0,0,0,1258,1,16,nan
597,200.51599999999999,0,0,0,0,0,1277,1,16,nan
598,177.61099999999999,0,0,0,0,0,1062,1,16,nan
599,197.881,0,0,0,0,0,1291,1,16,nan
600,175.46199999999999,0,0,0,0,0,909,1,16,nan
601,189.95099999999999,0,0,0,0,0,1164,1,16,nan
602,153.60300000000001,0,0,0,0,0,876,1,16,nan
603,180.23099999999999,0,0,0,0,0,1208,1,16,nan
604,143.99199999999999,0,0,0,0,0,749,1,16,nan
605,157.34100000000001,0,0,0,0,0,915,1,16,nan
606,159.292,0,0,0,0,0,878,1,16,nan
607,181.55199999999999,0,0,0,0,0,1209,1,16,nan
608,167.42500000000001,0,0,0,0,0,1057,1,16,nan
609,176.898,0,0,0,0,0,1157,1,16,nan
610,164.87799999999999,0,0,0,0,0,1032,1,16,nan
611,180.41499999999999,0,0,0,0,0,1210,1,16,nan
612,172.666,0,0,0,0,0,1142,1,16,nan
613,166.892,0,0,0,0,0,1008,1,16,nan
614,168.72499999999999,0,0,0,0,0,1009,1,16,nan
615,155.19399999999999,0,0,0,0,0,798,1,16,nan
616,175.239,0,0,0,0,0,1123,1,16,nan
617,168.26499999999999,0,0,0,0,0,1055,1,16,nan
618,162.58699999999999,0,0,0,0,0,995,1,16,nan
619,194.673,0,0,0,0,0,1346,1,16,nan
620,169.65299999999999,0,0,0,0,0,1024,1,16,nan
621,131.429,0,0,0,0,0,525,1,16,nan
622,150.982,0,0,0,0,0,564,1,16,nan
623,185.09100000000001,0,0,0,0,0,1064,1,16,nan
624,191.578,0,0,0,0,0,1102,1,16,nan
625,172.059,0,0,0,0,0,824,1,16,nan
626,178.78100000000001,0,0,0,0,0,1146,1,16,nan
627,167.16499999999999,0,0,0,0,0,1095,1,16,nan
628,192.20099999999999,0,0,0,0,0,1294,1,16,nan
629,166.77699999999999,0,0,0,0,0,1078,1,16,nan
630,156.30799999999999,0,0,0,0,0,974,1,16,nan
631,182.34100000000001,0,0,0,0,0,1232,1,16,nan
632,176.24600000000001,0,0,0,0,0,1073,1,16,nan
633,133.83600000000001,0,0,0,0,0,521,1,16,nan
634,172.85300000000001,0,0,0,0,0,1039,1,16,nan
635,161.74000000000001,0,0,0,0,0,986,1,16,nan
636,151.56800000000001,0,0,0,0,0,820,1,16,nan
637,177.72499999999999,0,0,0,0,0,1163,1,16,nan
638,150.453,0,0,0,0,0,732,1,16,nan
639,161.87700000000001,0,0,0,0,0,951,1,16,nan
640,185.49199999999999,0,0,0,0,0,1220,1,16,nan
641,174.601,0,0,0,0,0,1164,1,16,nan
642,130.34999999999999,0,0,0,0,0,660,1,16,nan
643,207.49100000000001,0,0,0,0,0,1436,1,16,nan
644,118.128,0,0,0,0,0,418,1,16,nan
645,165.98699999999999,0,0,0,0,0,1035,1,16,nan
646,187.22200000000001,0,0,0,0,0,1229,1,16,nan
647,181.78399999999999,0,0,0,0,0,1144,1,16,nan
648,155.726,0,0,0,0,0,863,1,16,nan
649,144.953,0,0,0,0,0,752,1,16,nan
650,136.405,0,0,0,0,0,667,1,16,nan
651,151.45599999999999,0,0,0,0,0,796,1,16,nan
652,176.274,0,0,0,0,0,1077,1,16,nan
653,168.96700000000001,0,0,0,0,0,847,1,16,nan
654,171.084,0,0,0,0,0,1036,1,16,nan
655,181.596,0,0,0,0,0,1068,1,16,nan
656,170.298,0,0,0,0,0,1075,1,16,nan
657,135.476,0,0,0,0,0,551,1,16,nan
658,173.63499999999999,0,0,0,0,0,1066,1,16,nan
659,159.88300000000001,0,0,0,0,0,835,1,16,nan
660,191.988,0,0,0,0,0,1119,1,16,nan
661,167.31999999999999,0,0,0,0,0,1015,1,16,nan
662,186.06999999999999,0,0,0,0,0,1182,1,16,nan
663,140.864,0,0,0,0,0,657,1,16,nan
664,137.05600000000001,0,0,0,0,0,694,1,16,nan
665,113.831,0,0,0,0,0,417,1,16,nan
666,177.08799999999999,0,0,0,0,0,1092,1,16,nan
667,194.30099999999999,0,0,0,0,0,1295,1,16,nan
668,151.215,0,0,0,0,0,842,1,16,nan
669,139.024,0,0,0,0,0,649,1,16,nan
670,177.233,0,0,0,0,0,1155,1,16,nan
671,185.43700000000001,0,0,0,0,0,1181,1,16,nan
672,180.86199999999999,0,0,0,0,0,1207,1,16,nan
673,197.39099999999999,0,0,0,0,0,965,1,16,nan
674,179.03299999999999,0,0,0,0,0,1206,1,16,nan
675,154.56999999999999,0,0,0,0,0,862,1,16,nan
676,163.36099999999999,0,0,0,0,0,1057,1,16,nan
677,146.14400000000001,0,0,0,0,0,763,1,16,nan
678,150.09800000000001,0,0,0,0,0,691,1,16,nan
679,149.357,0,0,0,0,0,805,1,16,nan
680,172.81299999999999,0,0,0,0,0,1127,1,16,nan
681,196.309,0,0,0,0,0,1330,1,16,nan
682,142.22999999999999,0,0,0,0,0,702,1,16,nan
683,173.113,0,0,0,0,0,1143,1,16,nan
684,172.78700000000001,0,0,0,0,0,1105,1,16,nan
685,167.84100000000001,0,0,0,0,0,999,1,16,nan
686,165.327,0,0,0,0,0,991,1,16,nan
687,174.18199999999999,0,0,0,0,0,1082,1,16,nan
688,170.565,0,0,0,0,0,1028,1,16,nan
689,160.99600000000001,0,0,0,0,0,947,1,16,nan
690,166.31100000000001,0,0,0,0,0,1061,1,16,nan
691,172.429,0,0,0,0,0,1039,1,16,nan
692,201.65000000000001,0,0,0,0,0,1354,1,16,nan
693,184.66499999999999,0,0,0,0,0,1231,1,16,nan
694,151.73699999999999,0,0,0,0,0,859,1,16,nan
695,158.43899999999999,0,0,0,0,0,910,1,16,nan
696,133.375,0,0,0,0,0,626,1,16,nan
697,164.417,0,0,0,0,0,1097,1,16,nan
698,115.113,0,0,0,0,0,368,1,16,nan
699,211.684,0,0,0,0,0,1229,1,16,nan
700,170.334,0,0,0,0,0,927,1,16,nan
701,185.941,0,0,0,0,0,1081,1,16,nan
702,160.36600000000001,0,0,0,0,0,928,1,16,nan
703,153.006,0,0,0,0,0,786,1,16,nan
704,143.69499999999999,0,0,0,0,0,622,1,16,nan
705,195.34800000000001,0,0,0,0,0,1252,1,16,nan
706,194.01400000000001,0,0,0,0,0,1165,1,16,nan
707,176.53,0,0,0,0,0,1139,1,16,nan
708,180.31999999999999,0,0,0,0,0,1169,1,16,nan
709,159.84399999999999,0,0,0,0,0,945,1,16,nan
710,172.30699999999999,0,0,0,0,0,1094,1,16,nan
711,191.22999999999999,0,0,0,0,0,1256,1,16,nan
712,188.37700000000001,0,0,0,0,0,1287,1,16,nan
713,166.13900000000001,0,0,0,0,0,1029,1,16,nan
714,174.126,0,0,0,0,0,1128,1,16,nan
715,183.119,0,0,0,0,0,1205,1,16,nan
716,196.00200000000001,0,0,0,0,0,1322,1,16,nan
717,176.941,0,0,0,0,0,1199,1,16,nan
718,199.86000000000001,0,0,0,0,0,1471,1,16,nan
719,162.50999999999999,0,0,0,0,0,1014,1,16,nan
720,158.148,0,0,0,0,0,904,1,16,nan
721,166.33000000000001,0,0,0,0,0,1032,1,16,nan
722,149.95400000000001,0,0,0,0,0,832,1,16,nan
723,183.916,0,0,0,0,0,1212,1,16,nan
724,170.084,0,0,0,0,0,1012,1,16,nan
725,184.69399999999999,0,0,0,0,0,1186,1,16,nan
726,166.56899999999999,0,0,0,0,0,977,1,16,nan
727,161.56800000000001,0,0,0,0,0,935,1,16,nan
728,173.03200000000001,0,0,0,0,0,1017,1,16,nan
729,171.065,0,0,0,0,0,1090,1,16,nan
730,184.64400000000001,0,0,0,0,0,1182,1,16,nan
731,180.35599999999999,0,0,0,0,0,1143,1,16,nan
732,157.02099999999999,0,0,0,0,0,873,1,16,nan
733,126.92100000000001,0,0,0,0,0,531,1,16,nan
734,179.167,0,0,0,0,0,1130,1,16,nan
735,172.626,0,0,0,0,0,1096,1,16,nan
736,186.69,0,0,0,0,0,1172,1,16,nan
737,146.84999999999999,0,0,0,0,0,810,1,16,nan
738,163.37799999999999,0,0,0,0,0,938,1,16,nan
739,154.68000000000001,0,0,0,0,0,870,1,16,nan
740,200.03700000000001,0,0,0,0,0,1346,1,16,nan
741,145.20699999999999,0,0,0,0,0,678,1,16,nan
742,154.66800000000001,0,0,0,0,0,943,1,16,nan
743,200.249,0,0,0,0,0,1366,1,16,nan
744,189.154,0,0,0,0,0,1241,1,16,nan
745,188.95099999999999,0,0,0,0,0,1254,1,16,nan
746,142.602,0,0,0,0,0,620,1,16,nan
747,177.53899999999999,0,0,0,0,0,1182,1,16,nan
748,172.40600000000001,0,0,0,0,0,1113,1,16,nan
749,173.143,0,0,0,0,0,1054,1,16,nan
750,180.23099999999999,0,0,0,0,0,1176,1,16,nan
751,145.88399999999999,0,0,0,0,0,704,1,16,nan
752,183.06899999999999,0,0,0,0,0,1257,1,16,nan
753,128.26900000000001,0,0,0,0,0,487,1,16,nan
754,147.62100000000001,0,0,0,0,0,787,1,16,nan
755,195.87299999999999,0,0,0,0,0,1408,1,16,nan
756,158.029,0,0,0,0,0,899,1,16,nan
757,183.42400000000001,0,0,0,0,0,783,1,16,nan
758,171.14699999999999,0,0,0,0,0,1012,1,16,nan
759,183.26300000000001,0,0,0,0,0,1270,1,16,nan
760,166.733,0,0,0,0,0,1039,1,16,nan
761,184.09800000000001,0,0,0,0,0,1237,1,16,nan
762,192.995,0,0,0,0,0,1355,1,16,nan
763,183.18199999999999,0,0,0,0,0,1198,1,16,nan
764,157.54300000000001,0,0,0,0,0,907,1,16,nan
765,177.21100000000001,0,0,0,0,0,1127,1,16,nan
766,196.58000000000001,0,0,0,0,0,1276,1,16,nan
767,170.05099999999999,0,0,0,0,0,1030,1,16,nan
768,187.458,0,0,0,0,0,1168,1,16,nan
769,155.37299999999999,0,0,0,0,0,958,1,16,nan
770,137.53200000000001,0,0,0,0,0,710,1,16,nan
771,173.15799999999999,0,0,0,0,0,1151,1,16,nan
772,174.994,0,0,0,0,0,1094,1,16,nan
773,172.61000000000001,0,0,0,0,0,1082,1,16,nan
774,195.654,0,0,0,0,0,1331,1,16,nan
775,168.57300000000001,0,0,0,0,0,1058,1,16,nan
776,173.46600000000001,0,0,0,0,0,1138,1,16,nan
777,139.74700000000001,0,0,0,0,0,639,1,16,nan
778,161.94,0,0,0,0,0,870,1,16,nan
779,179.47499999999999,0,0,0,0,0,1103,1,16,nan
780,107.589,0,0,0,0,0,322,1,16,nan
781,142.61099999999999,0,0,0,0,0,733,1,16,nan
782,145.34200000000001,0,0,0,0,0,805,1,16,nan
783,158.51599999999999,0,0,0,0,0,862,1,16,nan
784,140.77000000000001,0,0,0,0,0,712,1,16,nan
785,170.85499999999999,0,0,0,0,0,1132,1,16,nan
786,181.63399999999999,0,0,0,0,0,1173,1,16,nan
787,167.05699999999999,0,0,0,0,0,778,1,16,nan
788,192.22300000000001,0,0,0,0,0,1266,1,16,nan
789,180.69800000000001,0,0,0,0,0,886,1,16,nan
790,185.57599999999999,0,0,0,0,0,1163,1,16,nan
791,154.59800000000001,0,0,0,0,0,842,1,16,nan
792,195.273,0,0,0,0,0,1244,1,16,nan
793,209.30600000000001,0,0,0,0,0,1343,1,16,nan
794,198.32499999999999,0,0,0,0,0,1254,1,16,nan
795,178.44,0,0,0,0,0,1068,1,16,nan
796,180.96700000000001,0,0,0,0,0,1028,1,16,nan
797,203.547,0,0,0,0,0,1279,1,16,nan
798,184.69900000000001,0,0,0,0,0,1232,1,16,nan
799,166.691,0,0,0,0,0,1020,1,16,nan
800,175.26300000000001,0,0,0,0,0,1007,1,16,nan
801,173.649,0,0,0,0,0,1035,1,16,nan
802,183.476,0,0,0,0,0,1097,1,16,nan
803,190.90600000000001,0,0,0,0,0,1237,1,16,nan
804,178.99000000000001,0,0,0,0,0,1072,1,16,nan
805,122.66500000000001,0,0,0,0,0,473,1,16,nan
806,164.39099999999999,0,0,0,0,0,874,1,16,nan
807,165.99000000000001,0,0,0,0,0,977,1,16,nan
808,186.40899999999999,0,0,0,0,0,1291,1,16,nan
809,194.11600000000001,0,0,0,0,0,1331,1,16,nan
810,173.72800000000001,0,0,0,0,0,1139,1,16,nan
811,173.92099999999999,0,0,0,0,0,1132,1,16,nan
812,181.42400000000001,0,0,0,0,0,1170,1,16,nan
813,189.018,0,0,0,0,0,1339,1,16,nan
814,148.06899999999999,0,0,0,0,0,720,1,16,nan
815,177.93899999999999,0,0,0,0,0,1089,1,16,nan
816,206.98599999999999,0,0,0,0,0,1469,1,16,nan
817,148.24600000000001,0,0,0,0,0,803,1,16,nan
818,179.673,0,0,0,0,0,1208,1,16,nan
819,161.96600000000001,0,0,0,0,0,927,1,16,nan
820,166.59800000000001,0,0,0,0,0,1092,1,16,nan
821,150.81200000000001,0,0,0,0,0,835,1,16,nan
822,134.73099999999999,0,0,0,0,0,576,1,16,nan
823,168.29900000000001,0,0,0,0,0,1059,1,16,nan
824,183.11000000000001,0,0,0,0,0,1202,1,16,nan
825,178.03299999999999,0,0,0,0,0,1165,1,16,nan
826,154.24100000000001,0,0,0,0,0,831,1,16,nan
827,152.333,0,0,0,0,0,832,1,16,nan
828,169.45599999999999,0,0,0,0,0,1041,1,16,nan
829,161.864,0,0,0,0,0,924,1,16,nan
830,162.24100000000001,0,0,0,0,0,978,1,16,nan
831,177.31299999999999,0,0,0,0,0,1145,1,16,nan
832,176.09299999999999,0,0,0,0,0,1133,1,16,nan
833,179.28200000000001,0,0,0,0,0,1149,1,16,nan
834,167.16300000000001,0,0,0,0,0,1006,1,16,nan
835,172.09200000000001,0,0,0,0,0,1034,1,16,nan
836,174.13300000000001,0,0,0,0,0,1080,1,16,nan
837,112.697,0,0,0,0,0,351,1,16,nan
838,156.00700000000001,0,0,0,0,0,822,1,16,nan
839,180.148,0,0,0,0,0,1174,1,16,nan
840,165.87799999999999,0,0,0,0,0,1040,1,16,nan
841,193.184,0,0,0,0,0,1335,1,16,nan
842,198.21700000000001,0,0,0,0,0,1069,1,16,nan
843,180.18299999999999,0,0,0,0,0,1235,1,16,nan
844,185.53700000000001,0,0,0,0,0,1220,1,16,nan
845,188.70599999999999,0,0,0,0,0,1311,1,16,nan
846,159.49600000000001,0,0,0,0,0,929,1,16,nan
847,192.31299999999999,0,0,0,0,0,1339,1,16,nan
848,188.94499999999999,0,0,0,0,0,1119,1,16,nan
849,175.37899999999999,0,0,0,0,0,1124,1,16,nan
850,175.57400000000001,0,0,0,0,0,684,1,16,nan
851,189.422,0,0,0,0,0,1010,1,16,nan
852,190.21799999999999,0,0,0,0,0,1117,1,16,nan
853,198.02099999999999,0,0,0,0,0,1136,1,16,nan
854,180.24600000000001,0,0,0,0,0,1198,1,16,nan
855,172.298,0,0,0,0,0,1041,1,16,nan
856,187.791,0,0,0,0,0,1206,1,16,nan
857,150.09999999999999,0,0,0,0,0,858,1,16,nan
858,182.71600000000001,0,0,0,0,0,1214,1,16,nan
859,179.97999999999999,0,0,0,0,0,1229,1,16,nan
860,176.155,0,0,0,0,0,1201,1,16,nan
861,171.739,0,0,0,0,0,1129,1,16,nan
862,179.45699999999999,0,0,0,0,0,1091,1,16,nan
863,172.203,0,0,0,0,0,1151,1,16,nan
864,172.08699999999999,0,0,0,0,0,1124,1,16,nan
865,171.447,0,0,0,0,0,1079,1,16,nan
866,184.62,0,0,0,0,0,1184,1,16,nan
867,190.005,0,0,0,0,0,1277,1,16,nan
868,153.70699999999999,0,0,0,0,0,809,1,16,nan
869,162.547,0,0,0,0,0,993,1,16,nan
870,171.09399999999999,0,0,0,0,0,1157,1,16,nan
871,166.84100000000001,0,0,0,0,0,1073,1,16,nan
872,189.36799999999999,0,0,0,0,0,1311,1,16,nan
873,130.27799999999999,0,0,0,0,0,537,1,16,nan
874,161.65700000000001,0,0,0,0,0,1028,1,16,nan
875,156.75200000000001,0,0,0,0,0,918,1,16,nan
876,186.56800000000001,0,0,0,0,0,1182,1,16,nan
877,161.858,0,0,0,0,0,886,1,16,nan
878,181.78399999999999,0,0,0,0,0,1187,1,16,nan
879,124.822,0,0,0,0,0,435,1,16,nan
880,175.98599999999999,0,0,0,0,0,1139,1,16,nan
881,168.233,0,0,0,0,0,1053,1,16,nan
882,165.47,0,0,0,0,0,1029,1,16,nan
883,175.572,0,0,0,0,0,1157,1,16,nan
884,131.58699999999999,0,0,0,0,0,619,1,16,nan
885,150.399,0,0,0,0,0,775,1,16,nan
886,167.143,0,0,0,0,0,1053,1,16,nan
887,134.749,0,0,0,0,0,690,1,16,nan
888,200.69999999999999,0,0,0,0,0,1391,1,16,nan
889,156.876,0,0,0,0,0,912,1,16,nan
890,152.898,0,0,0,0,0,939,1,16,nan
891,174.96100000000001,0,0,0,0,0,1105,1,16,nan
892,176.786,0,0,0,0,0,1095,1,16,nan
893,166.648,0,0,0,0,0,1009,1,16,nan
894,128.89599999999999,0,0,0,0,0,562,1,16,nan
895,171.59299999999999,0,0,0,0,0,1127,1,16,nan
896,157.75,0,0,0,0,0,882,1,16,nan
897,136.73500000000001,0,0,0,0,0,660,1,16,nan
898,149.38999999999999,0,0,0,0,0,779,1,16,nan
899,165.89099999999999,0,0,0,0,0,1018,1,16,nan
900,170.834,0,0,0,0,0,972,1,16,nan
901,200.81,0,0,0,0,0,1398,1,16,nan
902,187.71000000000001,0,0,0,0,0,1396,1,16,nan
903,183.21100000000001,0,0,0,0,0,1140,1,16,nan
904,161.97800000000001,0,0,0,0,0,918,1,16,nan
905,163.279,0,0,0,0,0,967,1,16,nan
906,168.56100000000001,0,0,0,0,0,994,1,16,nan
907,179.09700000000001,0,0,0,0,0,1169,1,16,nan
908,186.31200000000001,0,0,0,0,0,1297,1,16,nan
909,178.75999999999999,0,0,0,0,0,1100,1,16,nan
910,166.749,0,0,0,0,0,1062,1,16,nan
911,137.41,0,0,0,0,0,707,1,16,nan
912,193.25800000000001,0,0,0,0,0,1328,1,16,nan
913,121.726,0,0,0,0,0,445,1,16,nan
914,180.64099999999999,0,0,0,0,0,1241,1,16,nan
915,190.27699999999999,0,0,0,0,0,1265,1,16,nan
916,182.62799999999999,0,0,0,0,0,1198,1,16,nan
917,165.393,0,0,0,0,0,1008,1,16,nan
918,180.70400000000001,0,0,0,0,0,1195,1,16,nan
919,168.566,0,0,0,0,0,1073,1,16,nan
920,161.036,0,0,0,0,0,820,1,16,nan
921,201.95699999999999,0,0,0,0,0,1363,1,16,nan
922,155.43899999999999,0,0,0,0,0,912,1,16,nan
923,164.38399999999999,0,0,0,0,0,1013,1,16,nan
924,162.98400000000001,0,0,0,0,0,958,1,16,nan
925,177.47,0,0,0,0,0,1142,1,16,nan
926,197.84100000000001,0,0,0,0,0,1339,1,16,nan
927,172.55099999999999,0,0,0,0,0,750,1,16,nan
928,184.21799999999999,0,0,0,0,0,1190,1,16,nan
929,192.32300000000001,0,0,0,0,0,1296,1,16,nan
930,158.321,0,0,0,0,0,921,1,16,nan
931,136.59700000000001,0,0,0,0,0,499,1,16,nan
932,200.88800000000001,0,0,0,0,0,1190,1,16,nan
933,187.458,0,0,0,0,0,1033,1,16,nan
934,194.18899999999999,0,0,0,0,0,1091,1,16,nan
935,137.68199999999999,0,0,0,0,0,573,1,16,nan
936,170.69200000000001,0,0,0,0,0,1091,1,16,nan
937,161.27000000000001,0,0,0,0,0,989,1,16,nan
938,172.31200000000001,0,0,0,0,0,1060,1,16,nan
939,168.637,0,0,0,0,0,996,1,16,nan
940,168.137,0,0,0,0,0,1059,1,16,nan
941,148.00800000000001,0,0,0,0,0,720,1,16,nan
942,160.709,0,0,0,0,0,887,1,16,nan
943,181.74600000000001,0,0,0,0,0,1181,1,16,nan
944,153.25800000000001,0,0,0,0,0,768,1,16,nan
945,154.26300000000001,0,0,0,0,0,784,1,16,nan
946,193.80099999999999,0,0,0,0,0,1298,1,16,nan
947,182.559,0,0,0,0,0,1234,1,16,nan
948,149.64699999999999,0,0,0,0,0,796,1,16,nan
949,178.042,0,0,0,0,0,1118,1,16,nan
950,181.10599999999999,0,0,0,0,0,1197,1,16,nan
951,179.43600000000001,0,0,0,0,0,1122,1,16,nan
952,169.06399999999999,0,0,0,0,0,1070,1,16,nan
953,163.07499999999999,0,0,0,0,0,915,1,16,nan
954,138.232,0,0,0,0,0,674,1,16,nan
955,155.792,0,0,0,0,0,968,1,16,nan
956,207.376,0,0,0,0,0,1180,1,16,nan
957,183.75800000000001,0,0,0,0,0,1096,1,16,nan
958,169.48699999999999,0,0,0,0,0,1045,1,16,nan
959,186.19200000000001,0,0,0,0,0,1190,1,16,nan
960,168.46799999999999,0,0,0,0,0,965,1,16,nan
961,167.73699999999999,0,0,0,0,0,861,1,16,nan
962,203.92099999999999,0,0,0,0,0,1295,1,16,nan
963,147.95599999999999,0,0,0,0,0,706,1,16,nan
964,175.928,0,0,0,0,0,986,1,16,nan
965,181.48099999999999,0,0,0,0,0,1075,1,16,nan
966,188.12799999999999,0,0,0,0,0,1076,1,16,nan
967,179.256,0,0,0,0,0,994,1,16,nan
968,187.33799999999999,0,0,0,0,0,1179,1,16,nan
969,208.87100000000001,0,0,0,0,0,1352,1,16,nan
970,194.571,0,0,0,0,0,1273,1,16,nan
971,156.24000000000001,0,0,0,0,0,818,1,16,nan
972,161.02099999999999,0,0,0,0,0,804,1,16,nan
973,177.10599999999999,0,0,0,0,0,903,1,16,nan
974,189.16300000000001,0,0,0,0,0,1167,1,16,nan
975,127.27,0,0,0,0,0,559,1,16,nan
976,162.29499999999999,0,0,0,0,0,956,1,16,nan
977,139.24600000000001,0,0,0,0,0,648,1,16,nan
978,188.99700000000001,0,0,0,0,0,1318,1,16,nan
979,177.172,0,0,0,0,0,1153,1,16,nan
980,198.68199999999999,0,0,0,0,0,1342,1,16,nan
981,196.30600000000001,0,0,0,0,0,1112,1,16,nan
982,204.73500000000001,0,0,0,0,0,1147,1,16,nan
983,190.429,0,0,0,0,0,1168,1,16,nan
984,194.691,0,0,0,0,0,1124,1,16,nan
985,178.803,0,0,0,0,0,1138,1,16,nan
986,192.714,0,0,0,0,0,1170,1,16,nan
987,169.298,0,0,0,0,0,994,1,16,nan
988,173.57900000000001,0,0,0,0,0,989,1,16,nan
989,162.39099999999999,0,0,0,0,0,769,1,16,nan
990,193.56399999999999,0,0,0,0,0,1132,1,16,nan
991,198.72900000000001,0,0,0,0,0,1255,1,16,nan
992,170.125,0,0,0,0,0,851,1,16,nan
993,182.77699999999999,0,0,0,0,0,762,1,16,nan
994,206.667,0,0,0,0,0,1105,1,16,nan
995,280.50099999999998,0,0,0,0,0,1525,1,16,nan
996,189.36799999999999,0,0,0,0,0,961,1,16,nan
997,187.05799999999999,0,0,0,0,0,1157,1,16,nan
998,185.846,0,0,0,0,0,1128,1,16,nan
999,202.74100000000001,0,0,0,0,0,1266,1,16,nan
1000,202.964,0,0,0,0,0,1275,1,16,nan
1001,198.49700000000001,0,0,0,0,0,1262,1,16,nan
1002,184.155,0,0,0,0,0,1083,1,16,nan
1003,190.54599999999999,0,0,0,0,0,1175,1,16,nan
1004,162.92099999999999,0,0,0,0,0,835,1,16,nan
1005,203.79300000000001,0,0,0,0,0,1233,1,16,nan
1006,211.22999999999999,0,0,0,0,0,1226,1,16,nan
1007,153.09299999999999,0,0,0,0,0,837,1,16,nan
1008,186.624,0,0,0,0,0,1311,1,16,nan
1009,190.91200000000001,0,0,0,0,0,1312,1,16,nan
1010,178.21299999999999,0,0,0,0,0,1185,1,16,nan
1011,218.441,0,0,0,0,0,1345,1,16,nan
1012,174.816,0,0,0,0,0,1099,1,16,nan
1013,172.852,0,0,0,0,0,1086,1,16,nan
1014,157.10599999999999,0,0,0,0,0,841,1,16,nan
1015,180.64599999999999,0,0,0,0,0,1185,1,16,nan
1016,182.988,0,0,0,0,0,1213,1,16,nan
1017,185.93299999999999,0,0,0,0,0,1272,1,16,nan
1018,153.47200000000001,0,0,0,0,0,809,1,16,nan
1019,164.583,0,0,0,0,0,1020,1,16,nan
1020,131.02199999999999,0,0,0,0,0,566,1,16,nan
1021,140.00999999999999,0,0,0,0,0,685,1,16,nan
1022,212.982,0,0,0,0,0,1346,1,16,nan
1023,165.13300000000001,0,0,0,0,0,987,1,16,nan
1024,142.97999999999999,0,0,0,0,0,687,1,16,nan
1025,162.60499999999999,0,0,0,0,0,872,1,16,nan
1026,171.41800000000001,0,0,0,0,0,1031,1,16,nan
1027,158.529,0,0,0,0,0,771,1,16,nan
1028,184.178,0,0,0,0,0,1240,1,16,nan
1029,180.495,0,0,0,0,0,1166,1,16,nan
1030,122.874,0,0,0,0,0,467,1,16,nan
1031,178.35400000000001,0,0,0,0,0,1189,1,16,nan
1032,136.38800000000001,0,0,0,0,0,709,1,16,nan
1033,187.27199999999999,0,0,0,0,0,1245,1,16,nan
1034,187.48699999999999,0,0,0,0,0,1237,1,16,nan
1035,166.51499999999999,0,0,0,0,0,954,1,16,nan
1036,154.25,0,0,0,0,0,848,1,16,nan
1037,172.20400000000001,0,0,0,0,0,984,1,16,nan
1038,159.518,0,0,0,0,0,937,1,16,nan
1039,177.85400000000001,0,0,0,0,0,1149,1,16,nan
1040,138.38399999999999,0,0,0,0,0,649,1,16,nan
1041,184.17400000000001,0,0,0,0,0,1171,1,16,nan
1042,176.602,0,0,0,0,0,1081,1,16,nan
1043,159.57300000000001,0,0,0,0,0,969,1,16,nan
1044,172.84299999999999,0,0,0,0,0,1018,1,16,nan
1045,151.48699999999999,0,0,0,0,0,901,1,16,nan
1046,195.93600000000001,0,0,0,0,0,1114,1,16,nan
1047,169.03899999999999,0,0,0,0,0,1057,1,16,nan
1048,176.11099999999999,0,0,0,0,0,897,1,16,nan
1049,177.10599999999999,0,0,0,0,0,1137,1,16,nan
1050,137.08699999999999,0,0,0,0,0,697,1,16,nan
1051,146.221,0,0,0,0,0,755,1,16,nan
1052,113.571,0,0,0,0,0,348,1,16,nan
1053,193.83500000000001,0,0,0,0,0,1237,1,16,nan
1054,149.387,0,0,0,0,0,780,1,16,nan
1055,181.92500000000001,0,0,0,0,0,1221,1,16,nan
1056,189.387,0,0,0,0,0,1263,1,16,nan
1057,161.173,0,0,0,0,0,973,1,16,nan
1058,182.25999999999999,0,0,0,0,0,1145,1,16,nan
1059,176.53800000000001,0,0,0,0,0,1106,1,16,nan
1060,181.696,0,0,0,0,0,1176,1,16,nan
1061,146.40899999999999,0,0,0,0,0,760,1,16,nan
1062,182.15000000000001,0,0,0,0,0,1168,1,16,nan
1063,144.31200000000001,0,0,0,0,0,705,1,16,nan
1064,143.91300000000001,0,0,0,0,0,654,1,16,nan
1065,138.22,0,0,0,0,0,753,1,16,nan
1066,180.233,0,0,0,0,0,1151,1,16,nan
1067,169.18600000000001,0,0,0,0,0,946,1,16,nan
1068,147.91300000000001,0,0,0,0,0,877,1,16,nan
1069,167.09299999999999,0,0,0,0,0,1066,1,16,nan
1070,170.31700000000001,0,0,0,0,0,999,1,16,nan
1071,180.02799999999999,0,0,0,0,0,1170,1,16,nan
1072,153.946,0,0,0,0,0,890,1,16,nan
1073,140.506,0,0,0,0,0,675,1,16,nan
1074,120.892,0,0,0,0,0,499,1,16,nan
1075,168.36699999999999,0,0,0,0,0,997,1,16,nan
1076,188.5,0,0,0,0,0,1221,1,16,nan
1077,186.97399999999999,0,0,0,0,0,1301,1,16,nan
1078,175.29900000000001,0,0,0,0,0,1191,1,16,nan
1079,173.679,0,0,0,0,0,1106,1,16,nan
1080,189.27600000000001,0,0,0,0,0,1320,1,16,nan
1081,166.24100000000001,0,0,0,0,0,1036,1,16,nan
1082,186.012,0,0,0,0,0,1230,1,16,nan
1083,174.357,0,0,0,0,0,1000,1,16,nan
1084,187.905,0,0,0,0,0,1335,1,16,nan
1085,152.92699999999999,0,0,0,0,0,872,1,16,nan
1086,174.68799999999999,0,0,0,0,0,1165,1,16,nan
1087,147.90000000000001,0,0,0,0,0,745,1,16,nan
1088,178.977,0,0,0,0,0,1099,1,16,nan
1089,170.83000000000001,0,0,0,0,0,1139,1,16,nan
1090,150.49700000000001,0,0,0,0,0,882,1,16,nan
1091,203.834,0,0,0,0,0,1432,1,16,nan
1092,182.46299999999999,0,0,0,0,0,1266,1,16,nan
1093,181.20500000000001,0,0,0,0,0,1216,1,16,nan
1094,179.04300000000001,0,0,0,0,0,1211,1,16,nan
1095,125.751,0,0,0,0,0,532,1,16,nan
1096,185.05000000000001,0,0,0,0,0,874,1,16,nan
1097,168.10300000000001,0,0,0,0,0,1089,1,16,nan
1098,171.56700000000001,0,0,0,0,0,1112,1,16,nan
1099,163.97900000000001,0,0,0,0,0,883,1,16,nan
1100,172.477,0,0,0,0,0,1061,1,16,nan
1101,183.738,0,0,0,0,0,1306,1,16,nan
1102,176.91399999999999,0,0,0,0,0,1172,1,16,nan
1103,154.077,0,0,0,0,0,913,1,16,nan
1104,155.86500000000001,0,0,0,0,0,832,1,16,nan
1105,176.404,0,0,0,0,0,807,1,16,nan
1106,200.577,0,0,0,0,0,1235,1,16,nan
1107,229.78,0,0,0,0,0,1440,1,16,nan
1108,139.23099999999999,0,0,0,0,0,459,1,16,nan
1109,152.215,0,0,0,0,0,768,1,16,nan
1110,133.22,0,0,0,0,0,673,1,16,nan
1111,196.08699999999999,0,0,0,0,0,1126,1,16,nan
1112,178.33099999999999,0,0,0,0,0,1021,1,16,nan
1113,198.41399999999999,0,0,0,0,0,1353,1,16,nan
1114,162.465,0,0,0,0,0,876,1,16,nan
1115,160.54599999999999,0,0,0,0,0,924,1,16,nan
1116,187.23699999999999,0,0,0,0,0,1278,1,16,nan
1117,192.71299999999999,0,0,0,0,0,1113,1,16,nan
1118,158.95400000000001,0,0,0,0,0,798,1,16,nan
1119,173.571,0,0,0,0,0,1126,1,16,nan
1120,178.71299999999999,0,0,0,0,0,1151,1,16,nan
1121,169.02199999999999,0,0,0,0,0,1039,1,16,nan
1122,180.453,0,0,0,0,0,1190,1,16,nan
1123,154.12700000000001,0,0,0,0,0,812,1,16,nan
1124,187.005,0,0,0,0,0,1266,1,16,nan
1125,207.904,0,0,0,0,0,1514,1,16,nan
1126,177.96600000000001,0,0,0,0,0,1112,1,16,nan
1127,177.69,0,0,0,0,0,1125,1,16,nan
1128,171.10300000000001,0,0,0,0,0,1026,1,16,nan
1129,170.846,0,0,0,0,0,976,1,16,nan
1130,178.45400000000001,0,0,0,0,0,1158,1,16,nan
1131,172.60499999999999,0,0,0,0,0,1038,1,16,nan
1132,156.453,0,0,0,0,0,896,1,16,nan
1133,191.79400000000001,0,0,0,0,0,1283,1,16,nan
1134,172.75,0,0,0,0,0,1074,1,16,nan
1135,196.98599999999999,0,0,0,0,0,1335,1,16,nan
1136,157.607,0,0,0,0,0,908,1,16,nan
1137,169.92599999999999,0,0,0,0,0,1067,1,16,nan
1138,189.50999999999999,0,0,0,0,0,1314,1,16,nan
1139,168.01499999999999,0,0,0,0,0,1013,1,16,nan
1140,171.69200000000001,0,0,0,0,0,1045,1,16,nan
1141,186.19300000000001,0,0,0,0,0,1242,1,16,nan
1142,161.833,0,0,0,0,0,927,1,16,nan
1143,165.47,0,0,0,0,0,1106,1,16,nan
1144,187.02600000000001,0,0,0,0,0,1195,1,16,nan
1145,145.745,0,0,0,0,0,744,1,16,nan
1146,160.13999999999999,0,0,0,0,0,912,1,16,nan
1147,152.44399999999999,0,0,0,0,0,886,1,16,nan
1148,136.74199999999999,0,0,0,0,0,713,1,16,nan
1149,172.87200000000001,0,0,0,0,0,1048,1,16,nan
1150,175.80000000000001,0,0,0,0,0,1188,1,16,nan
1151,180.726,0,0,0,0,0,1193,1,16,nan
1152,172.59100000000001,0,0,0,0,0,1110,1,16,nan
1153,181.941,0,0,0,0,0,1165,1,16,nan
1154,159.048,0,0,0,0,0,906,1,16,nan
1155,173.30199999999999,0,0,0,0,0,1147,1,16,nan
1156,138.411,0,0,0,0,0,673,1,16,nan
1157,202.524,0,0,0,0,0,1173,1,16,nan
1158,189.84,0,0,0,0,0,1259,1,16,nan
1159,193.86500000000001,0,0,0,0,0,1230,1,16,nan
1160,127.181,0,0,0,0,0,468,1,16,nan
1161,191.809,0,0,0,0,0,1231,1,16,nan
1162,178.00700000000001,0,0,0,0,0,1114,1,16,nan
1163,187.13300000000001,0,0,0,0,0,1176,1,16,nan
1164,156.82400000000001,0,0,0,0,0,737,1,16,nan
1165,186.72800000000001,0,0,0,0,0,1228,1,16,nan
1166,166.852,0,0,0,0,0,1001,1,16,nan
1167,164.95599999999999,0,0,0,0,0,996,1,16,nan
1168,194.35300000000001,0,0,0,0,0,1248,1,16,nan
1169,175.786,0,0,0,0,0,1174,1,16,nan
1170,157.42699999999999,0,0,0,0,0,946,1,16,nan
1171,180.98699999999999,0,0,0,0,0,1236,1,16,nan
1172,170.40899999999999,0,0,0,0,0,1112,1,16,nan
1173,195.11699999999999,0,0,0,0,0,1097,1,16,nan
1174,160.65299999999999,0,0,0,0,0,890,1,16,nan
1175,170.72399999999999,0,0,0,0,0,792,1,16,nan
1176,204.86099999999999,0,0,0,0,0,1098,1,16,nan
1177,165.84899999999999,0,0,0,0,0,645,1,16,nan
1178,199.57599999999999,0,0,0,0,0,1035,1,16,nan
1179,207.21600000000001,0,0,0,0,0,1141,1,16,nan
1180,177.51300000000001,0,0,0,0,0,971,1,16,nan
1181,203.815,0,0,0,0,0,1054,1,16,nan
1182,219.66399999999999,0,0,0,0,0,1284,1,16,nan
1183,145.834,0,0,0,0,0,775,1,16,nan
1184,178.52500000000001,0,0,0,0,0,1133,1,16,nan
1185,182.78100000000001,0,0,0,0,0,1160,1,16,nan
1186,183.54499999999999,0,0,0,0,0,1171,1,16,nan
1187,180.976,0,0,0,0,0,1180,1,16,nan
1188,178.63,0,0,0,0,0,1188,1,16,nan
1189,176.358,0,0,0,0,0,1101,1,16,nan
1190,172.91300000000001,0,0,0,0,0,1001,1,16,nan
1191,149.90199999999999,0,0,0,0,0,640,1,16,nan
1192,166.44900000000001,0,0,0,0,0,937,1,16,nan
1193,173.73099999999999,0,0,0,0,0,990,1,16,nan
1194,162.56,0,0,0,0,0,854,1,16,nan
1195,154.67400000000001,0,0,0,0,0,784,1,16,nan
1196,201.62100000000001,0,0,0,0,0,1278,1,16,nan
1197,165.62899999999999,0,0,0,0,0,919,1,16,nan
1198,156.59,0,0,0,0,0,769,1,16,nan
1199,161.61099999999999,0,0,0,0,0,977,1,16,nan
1200,112.113,0,0,0,0,0,352,1,16,nan
1201,169.58799999999999,0,0,0,0,0,1020,1,16,nan
1202,118.128,0,0,0,0,0,388,1,16,nan
1203,179.47800000000001,0,0,0,0,0,1105,1,16,nan
1204,145.53,0,0,0,0,0,684,1,16,nan
1205,169.42599999999999,0,0,0,0,0,1032,1,16,nan
1206,171.893,0,0,0,0,0,1045,1,16,nan
1207,180.33000000000001,0,0,0,0,0,1180,1,16,nan
1208,188.24100000000001,0,0,0,0,0,1222,1,16,nan
1209,175.071,0,0,0,0,0,1097,1,16,nan
1210,149.52699999999999,0,0,0,0,0,810,1,16,nan
1211,178.88399999999999,0,0,0,0,0,1178,1,16,nan
1212,132.59899999999999,0,0,0,0,0,633,1,16,nan
1213,151.928,0,0,0,0,0,836,1,16,nan
1214,205.744,0,0,0,0,0,1460,1,16,nan
1215,158.929,0,0,0,0,0,932,1,16,nan
1216,136.48699999999999,0,0,0,0,0,636,1,16,nan
1217,156.839,0,0,0,0,0,962,1,16,nan
1218,151.86500000000001,0,0,0,0,0,810,1,16,nan
1219,164.083,0,0,0,0,0,1001,1,16,nan
1220,157.25999999999999,0,0,0,0,0,901,1,16,nan
1221,166.54400000000001,0,0,0,0,0,991,1,16,nan
1222,168.95500000000001,0,0,0,0,0,1005,1,16,nan
1223,152.37799999999999,0,0,0,0,0,812,1,16,nan
1224,151.88399999999999,0,0,0,0,0,781,1,16,nan
1225,178.13399999999999,0,0,0,0,0,1120,1,16,nan
1226,182.28700000000001,0,0,0,0,0,1218,1,16,nan
1227,171.214,0,0,0,0,0,1099,1,16,nan
1228,140.381,0,0,0,0,0,712,1,16,nan
1229,189.601,0,0,0,0,0,1256,1,16,nan
1230,135.83600000000001,0,0,0,0,0,608,1,16,nan
1231,165.958,0,0,0,0,0,1051,1,16,nan
1232,187.47800000000001,0,0,0,0,0,1249,1,16,nan
1233,192.46000000000001,0,0,0,0,0,1300,1,16,nan
1234,190.15700000000001,0,0,0,0,0,1289,1,16,nan
1235,181.87899999999999,0,0,0,0,0,834,1,16,nan
1236,177.29400000000001,0,0,0,0,0,988,1,16,nan
1237,177.64500000000001,0,0,0,0,0,1064,1,16,nan
1238,165.70599999999999,0,0,0,0,0,916,1,16,nan
1239,194.834,0,0,0,0,0,1281,1,16,nan
1240,189.11199999999999,0,0,0,0,0,1210,1,16,nan
1241,187.34899999999999,0,0,0,0,0,1171,1,16,nan
1242,188.68799999999999,0,0,0,0,0,1162,1,16,nan
1243,172.91900000000001,0,0,0,0,0,1060,1,16,nan
1244,197.994,0,0,0,0,0,1314,1,16,nan
1245,181.65299999999999,0,0,0,0,0,1176,1,16,nan
1246,170.27199999999999,0,0,0,0,0,1083,1,16,nan
1247,149.69,0,0,0,0,0,750,1,16,nan
1248,155.67400000000001,0,0,0,0,0,861,1,16,nan
1249,136.63200000000001,0,0,0,0,0,578,1,16,nan
1250,187.76400000000001,0,0,0,0,0,1166,1,16,nan
1251,160.578,0,0,0,0,0,875,1,16,nan
1252,175.303,0,0,0,0,0,1085,1,16,nan
1253,188.23400000000001,0,0,0,0,0,1267,1,16,nan
1254,167.108,0,0,0,0,0,998,1,16,nan
1255,201.23400000000001,0,0,0,0,0,1433,1,16,nan
1256,152.624,0,0,0,0,0,832,1,16,nan
1257,181.684,0,0,0,0,0,1127,1,16,nan
1258,181.887,0,0,0,0,0,1214,1,16,nan
1259,160.27600000000001,0,0,0,0,0,1033,1,16,nan
1260,189.06299999999999,0,0,0,0,0,1302,1,16,nan
1261,156.81299999999999,0,0,0,0,0,824,1,16,nan
1262,162.48599999999999,0,0,0,0,0,958,1,16,nan
1263,158.262,0,0,0,0,0,909,1,16,nan
1264,183.999,0,0,0,0,0,1191,1,16,nan
1265,196.755,0,0,0,0,0,1060,1,16,nan
1266,195.87799999999999,0,0,0,0,0,1293,1,16,nan
1267,197.28200000000001,0,0,0,0,0,1075,1,16,nan
1268,140.505,0,0,0,0,0,586,1,16,nan
1269,191.96000000000001,0,0,0,0,0,1038,1,16,nan
1270,192.80000000000001,0,0,0,0,0,1080,1,16,nan
1271,133.11799999999999,0,0,0,0,0,545,1,16,nan
1272,140.185,0,0,0,0,0,730,1,16,nan
1273,145.16,0,0,0,0,0,740,1,16,nan
1274,168.96000000000001,0,0,0,0,0,1049,1,16,nan
1275,163.124,0,0,0,0,0,975,1,16,nan
1276,181.53100000000001,0,0,0,0,0,1231,1,16,nan
1277,187.53100000000001,0,0,0,0,0,1308,1,16,nan
1278,200.03200000000001,0,0,0,0,0,1341,1,16,nan
1279,180.63,0,0,0,0,0,1104,1,16,nan
1280,163.84399999999999,0,0,0,0,0,966,1,16,nan
1281,168.518,0,0,0,0,0,1146,1,16,nan
1282,164.988,0,0,0,0,0,987,1,16,nan
1283,184.28700000000001,0,0,0,0,0,1258,1,16,nan
1284,119.72499999999999,0,0,0,0,0,450,1,16,nan
1285,149.76400000000001,0,0,0,0,0,766,1,16,nan
1286,147.23400000000001,0,0,0,0,0,804,1,16,nan
1287,171.108,0,0,0,0,0,1086,1,16,nan
1288,167.34299999999999,0,0,0,0,0,996,1,16,nan
1289,157.483,0,0,0,0,0,937,1,16,nan
1290,165.65899999999999,0,0,0,0,0,1016,1,16,nan
1291,205.577,0,0,0,0,0,1295,1,16,nan
1292,194.28,0,0,0,0,0,1265,1,16,nan
1293,176.666,0,0,0,0,0,1112,1,16,nan
1294,166.87799999999999,0,0,0,0,0,1047,1,16,nan
1295,198.28299999999999,0,0,0,0,0,1361,1,16,nan
1296,176.46199999999999,0,0,0,0,0,1057,1,16,nan
1297,175.15799999999999,0,0,0,0,0,1095,1,16,nan
1298,143.55699999999999,0,0,0,0,0,572,1,16,nan
1299,106.54300000000001,0,0,0,0,0,357,1,16,nan
1300,171.703,0,0,0,0,0,1098,1,16,nan
1301,150.197,0,0,0,0,0,804,1,16,nan
1302,183.99600000000001,0,0,0,0,0,1132,1,16,nan
1303,158.749,0,0,0,0,0,946,1,16,nan
1304,183.29599999999999,0,0,0,0,0,1153,1,16,nan
1305,142.79900000000001,0,0,0,0,0,663,1,16,nan
1306,169.59399999999999,0,0,0,0,0,1062,1,16,nan
1307,162.13900000000001,0,0,0,0,0,1006,1,16,nan
1308,180.77000000000001,0,0,0,0,0,1142,1,16,nan
1309,179.45099999999999,0,0,0,0,0,1170,1,16,nan
1310,151.28899999999999,0,0,0,0,0,872,1,16,nan
1311,180.99799999999999,0,0,0,0,0,1163,1,16,nan
1312,168.16800000000001,0,0,0,0,0,1033,1,16,nan
1313,161.59899999999999,0,0,0,0,0,930,1,16,nan
1314,194.10499999999999,0,0,0,0,0,1372,1,16,nan
1315,157.49600000000001,0,0,0,0,0,860,1,16,nan
1316,194.054,0,0,0,0,0,1369,1,16,nan
1317,172.42599999999999,0,0,0,0,0,1122,1,16,nan
1318,178.727,0,0,0,0,0,1173,1,16,nan
1319,165.28100000000001,0,0,0,0,0,1013,1,16,nan
1320,170.83799999999999,0,0,0,0,0,1132,1,16,nan
1321,188.81100000000001,0,0,0,0,0,1237,1,16,nan
1322,181.00399999999999,0,0,0,0,0,1238,1,16,nan
1323,189.64699999999999,0,0,0,0,0,1297,1,16,nan
1324,181.47800000000001,0,0,0,0,0,1224,1,16,nan
1325,165.84,0,0,0,0,0,1033,1,16,nan
1326,167.298,0,0,0,0,0,985,1,16,nan
1327,189.786,0,0,0,0,0,1307,1,16,nan
1328,199.18299999999999,0,0,0,0,0,1363,1,16,nan
1329,145.13,0,0,0,0,0,765,1,16,nan
1330,154.49600000000001,0,0,0,0,0,846,1,16,nan
1331,180.75,0,0,0,0,0,1176,1,16,nan
1332,196.94,0,0,0,0,0,1391,1,16,nan
1333,165.822,0,0,0,0,0,1029,1,16,nan
1334,165.53,0,0,0,0,0,997,1,16,nan
1335,147.16300000000001,0,0,0,0,0,716,1,16,nan
1336,168.99799999999999,0,0,0,0,0,1038,1,16,nan
1337,161.131,0,0,0,0,0,1001,1,16,nan
1338,183.79400000000001,0,0,0,0,0,1113,1,16,nan
1339,182.93199999999999,0,0,0,0,0,1220,1,16,nan
1340,147.32300000000001,0,0,0,0,0,686,1,16,nan
1341,171.428,0,0,0,0,0,1152,1,16,nan
1342,169.947,0,0,0,0,0,1132,1,16,nan
1343,151.834,0,0,0,0,0,853,1,16,nan
1344,163.64400000000001,0,0,0,0,0,932,1,16,nan
1345,178.10300000000001,0,0,0,0,0,1147,1,16,nan
1346,168.46199999999999,0,0,0,0,0,1085,1,16,nan
1347,160.114,0,0,0,0,0,911,1,16,nan
1348,176.934,0,0,0,0,0,1142,1,16,nan
1349,135.15100000000001,0,0,0,0,0,633,1,16,nan
1350,230.672,0,0,0,0,0,1177,1,16,nan
1351,168.363,0,0,0,0,0,994,1,16,nan
1352,182.37799999999999,0,0,0,0,0,1164,1,16,nan
1353,182.19800000000001,0,0,0,0,0,1145,1,16,nan
1354,174.28100000000001,0,0,0,0,0,1048,1,16,nan
1355,179.97900000000001,0,0,0,0,0,1108,1,16,nan
1356,195.40199999999999,0,0,0,0,0,1256,1,16,nan
1357,190.869,0,0,0,0,0,1135,1,16,nan
1358,161.02199999999999,0,0,0,0,0,970,1,16,nan
1359,181.34100000000001,0,0,0,0,0,1216,1,16,nan
1360,197.929,0,0,0,0,0,1379,1,16,nan
1361,196.839,0,0,0,0,0,1360,1,16,nan
1362,188.84100000000001,0,0,0,0,0,1277,1,16,nan
1363,163.97800000000001,0,0,0,0,0,975,1,16,nan
1364,145.12,0,0,0,0,0,730,1,16,nan
1365,168.18100000000001,0,0,0,0,0,1057,1,16,nan
1366,150.03299999999999,0,0,0,0,0,758,1,16,nan
1367,187.887,0,0,0,0,0,1030,1,16,nan
1368,136.77500000000001,0,0,0,0,0,633,1,16,nan
1369,191.71799999999999,0,0,0,0,0,1068,1,16,nan
1370,179.77699999999999,0,0,0,0,0,1067,1,16,nan
1371,185.93000000000001,0,0,0,0,0,1173,1,16,nan
1372,161.60499999999999,0,0,0,0,0,808,1,16,nan
1373,190.94999999999999,0,0,0,0,0,1225,1,16,nan
1374,156.41800000000001,0,0,0,0,0,846,1,16,nan
1375,158.857,0,0,0,0,0,577,1,16,nan
1376,188.423,0,0,0,0,0,896,1,16,nan
1377,231.215,0,0,0,0,0,1302,1,16,nan
1378,213.608,0,0,0,0,0,1295,1,16,nan
1379,163.33799999999999,0,0,0,0,0,868,1,16,nan
1380,168.71600000000001,0,0,0,0,0,1058,1,16,nan
1381,171.22800000000001,0,0,0,0,0,1077,1,16,nan
1382,182.79400000000001,0,0,0,0,0,1243,1,16,nan
1383,186.47900000000001,0,0,0,0,0,1221,1,16,nan
1384,140.30099999999999,0,0,0,0,0,667,1,16,nan
1385,130.31399999999999,0,0,0,0,0,583,1,16,nan
1386,174.44,0,0,0,0,0,1088,1,16,nan
1387,185.03,0,0,0,0,0,1205,1,16,nan
1388,147.999,0,0,0,0,0,842,1,16,nan
1389,181.03299999999999,0,0,0,0,0,1106,1,16,nan
1390,193.28700000000001,0,0,0,0,0,1273,1,16,nan
1391,136.751,0,0,0,0,0,599,1,16,nan
1392,165.38,0,0,0,0,0,971,1,16,nan
1393,120.895,0,0,0,0,0,527,1,16,nan
1394,189.53800000000001,0,0,0,0,0,1305,1,16,nan
1395,177.44999999999999,0,0,0,0,0,1071,1,16,nan
1396,193.596,0,0,0,0,0,1293,1,16,nan
1397,185.79499999999999,0,0,0,0,0,1116,1,16,nan
1398,130.61199999999999,0,0,0,0,0,564,1,16,nan
1399,189.05699999999999,0,0,0,0,0,1248,1,16,nan
1400,171.47999999999999,0,0,0,0,0,1069,1,16,nan
1401,155.32599999999999,0,0,0,0,0,890,1,16,nan
1402,159.65799999999999,0,0,0,0,0,934,1,16,nan
1403,160.74700000000001,0,0,0,0,0,939,1,16,nan
1404,148.06299999999999,0,0,0,0,0,832,1,16,nan
1405,182.05699999999999,0,0,0,0,0,1167,1,16,nan
1406,191.239,0,0,0,0,0,1279,1,16,nan
1407,162.31899999999999,0,0,0,0,0,929,1,16,nan
1408,180.34,0,0,0,0,0,1220,1,16,nan
1409,164.75299999999999,0,0,0,0,0,986,1,16,nan
1410,159.292,0,0,0,0,0,947,1,16,nan
1411,146.13999999999999,0,0,0,0,0,739,1,16,nan
1412,201.79900000000001,0,0,0,0,0,1448,1,16,nan
1413,231.96199999999999,0,0,0,0,0,1679,1,16,nan
1414,185.22800000000001,0,0,0,0,0,1248,1,16,nan
1415,175.21000000000001,0,0,0,0,0,1061,1,16,nan
1416,180.417,0,0,0,0,0,1134,1,16,nan
1417,152.191,0,0,0,0,0,830,1,16,nan
1418,196.643,0,0,0,0,0,1186,1,16,nan
1419,178.16800000000001,0,0,0,0,0,1114,1,16,nan
1420,171.83500000000001,0,0,0,0,0,1055,1,16,nan
1421,114.408,0,0,0,0,0,352,1,16,nan
1422,152.851,0,0,0,0,0,771,1,16,nan
1423,170.50700000000001,0,0,0,0,0,1008,1,16,nan
1424,155.63200000000001,0,0,0,0,0,927,1,16,nan
1425,179.095,0,0,0,0,0,1045,1,16,nan
1426,187.61500000000001,0,0,0,0,0,1087,1,16,nan
1427,167.011,0,0,0,0,0,948,1,16,nan
1428,171.33099999999999,0,0,0,0,0,1029,1,16,nan
1429,193.11199999999999,0,0,0,0,0,1237,1,16,nan
1430,184.96100000000001,0,0,0,0,0,1091,1,16,nan
1431,167.60300000000001,0,0,0,0,0,950,1,16,nan
1432,183.929,0,0,0,0,0,1116,1,16,nan
1433,143.929,0,0,0,0,0,691,1,16,nan
1434,186.97999999999999,0,0,0,0,0,1195,1,16,nan
1435,244.33799999999999,0,0,0,0,0,1250,1,16,nan
1436,175.81399999999999,0,0,0,0,0,1044,1,16,nan
1437,156.28999999999999,0,0,0,0,0,800,1,16,nan
1438,199.88800000000001,0,0,0,0,0,1323,1,16,nan
1439,172.233,0,0,0,0,0,1015,1,16,nan
1440,154.577,0,0,0,0,0,851,1,16,nan
1441,199.357,0,0,0,0,0,1009,1,16,nan
1442,210.21700000000001,0,0,0,0,0,1429,1,16,nan
1443,182.56899999999999,0,0,0,0,0,1120,1,16,nan
1444,200.405,0,0,0,0,0,1391,1,16,nan
1445,158.65100000000001,0,0,0,0,0,813,1,16,nan
1446,191.506,0,0,0,0,0,1197,1,16,nan
1447,214.38900000000001,0,0,0,0,0,1424,1,16,nan
1448,180.458,0,0,0,0,0,1135,1,16,nan
1449,182.678,0,0,0,0,0,1155,1,16,nan
1450,164.32900000000001,0,0,0,0,0,864,1,16,nan
1451,180.16900000000001,0,0,0,0,0,1091,1,16,nan
1452,168.76300000000001,0,0,0,0,0,955,1,16,nan
1453,182.773,0,0,0,0,0,1108,1,16,nan
1454,152.923,0,0,0,0,0,837,1,16,nan
1455,169.27799999999999,0,0,0,0,0,972,1,16,nan
1456,174.36699999999999,0,0,0,0,0,1134,1,16,nan
1457,161.13399999999999,0,0,0,0,0,930,1,16,nan
1458,176.46700000000001,0,0,0,0,0,1071,1,16,nan
1459,159.55699999999999,0,0,0,0,0,839,1,16,nan
1460,176.52799999999999,0,0,0,0,0,1142,1,16,nan
1461,144.59399999999999,0,0,0,0,0,766,1,16,nan
1462,127.679,0,0,0,0,0,546,1,16,nan
1463,179.554,0,0,0,0,0,1264,1,16,nan
1464,157.81700000000001,0,0,0,0,0,884,1,16,nan
1465,177.39500000000001,0,0,0,0,0,1100,1,16,nan
1466,172.02000000000001,0,0,0,0,0,1154,1,16,nan
1467,148.81700000000001,0,0,0,0,0,820,1,16,nan
1468,145.999,0,0,0,0,0,722,1,16,nan
1469,141.82599999999999,0,0,0,0,0,695,1,16,nan
1470,176.21199999999999,0,0,0,0,0,1115,1,16,nan
1471,197.51900000000001,0,0,0,0,0,1324,1,16,nan
1472,152.47300000000001,0,0,0,0,0,924,1,16,nan
1473,181.12799999999999,0,0,0,0,0,1127,1,16,nan
1474,181.554,0,0,0,0,0,1240,1,16,nan
1475,166.928,0,0,0,0,0,1046,1,16,nan
1476,188.488,0,0,0,0,0,1213,1,16,nan
1477,169.273,0,0,0,0,0,1081,1,16,nan
1478,183.91999999999999,0,0,0,0,0,1184,1,16,nan
1479,140.613,0,0,0,0,0,702,1,16,nan
1480,105.923,0,0,0,0,0,301,1,16,nan
1481,186.68700000000001,0,0,0,0,0,1230,1,16,nan
1482,146.40000000000001,0,0,0,0,0,723,1,16,nan
1483,137.84200000000001,0,0,0,0,0,642,1,16,nan
1484,170.399,0,0,0,0,0,1112,1,16,nan
1485,167.03200000000001,0,0,0,0,0,983,1,16,nan
1486,174.05000000000001,0,0,0,0,0,1104,1,16,nan
1487,173.90600000000001,0,0,0,0,0,1081,1,16,nan
1488,190.25800000000001,0,0,0,0,0,1216,1,16,nan
1489,179.91399999999999,0,0,0,0,0,1139,1,16,nan
1490,141.886,0,0,0,0,0,709,1,16,nan
1491,174.61000000000001,0,0,0,0,0,1035,1,16,nan
1492,153.39599999999999,0,0,0,0,0,859,1,16,nan
1493,166.809,0,0,0,0,0,1057,1,16,nan
1494,146.15100000000001,0,0,0,0,0,731,1,16,nan
1495,157.16,0,0,0,0,0,880,1,16,nan
1496,173.809,0,0,0,0,0,1091,1,16,nan
1497,174.82900000000001,0,0,0,0,0,1170,1,16,nan
1498,173.809,0,0,0,0,0,1135,1,16,nan
1499,179.45599999999999,0,0,0,0,0,1191,1,16,nan
1500,164.273,0,0,0,0,0,976,1,16,nan
1501,171.33500000000001,0,0,0,0,0,1110,1,16,nan
1502,146.506,0,0,0,0,0,796,1,16,nan
1503,161.94900000000001,0,0,0,0,0,1026,1,16,nan
1504,120.702,0,0,0,0,0,486,1,16,nan
1505,193.958,0,0,0,0,0,1339,1,16,nan
1506,142.49000000000001,0,0,0,0,0,766,1,16,nan
1507,150.11000000000001,0,0,0,0,0,811,1,16,nan
1508,181.53800000000001,0,0,0,0,0,1176,1,16,nan
1509,184.68299999999999,0,0,0,0,0,1190,1,16,nan
1510,174.46799999999999,0,0,0,0,0,1158,1,16,nan
1511,172.59100000000001,0,0,0,0,0,1062,1,16,nan
1512,174.655,0,0,0,0,0,1062,1,16,nan
1513,185.631,0,0,0,0,0,1072,1,16,nan
1514,163.77699999999999,0,0,0,0,0,923,1,16,nan
1515,183.74199999999999,0,0,0,0,0,1193,1,16,nan
1516,168.12899999999999,0,0,0,0,0,1002,1,16,nan
1517,201.559,0,0,0,0,0,1368,1,16,nan
1518,172.21799999999999,0,0,0,0,0,997,1,16,nan
1519,221.803,0,0,0,0,0,1255,1,16,nan
1520,162.08500000000001,0,0,0,0,0,811,1,16,nan
1521,182.375,0,0,0,0,0,1217,1,16,nan
1522,176.202,0,0,0,0,0,1207,1,16,nan
1523,164.727,0,0,0,0,0,989,1,16,nan
1524,165.143,0,0,0,0,0,952,1,16,nan
1525,192.55500000000001,0,0,0,0,0,1267,1,16,nan
1526,193.297,0,0,0,0,0,1234,1,16,nan
1527,127.14100000000001,0,0,0,0,0,495,1,16,nan
1528,170.95699999999999,0,0,0,0,0,1041,1,16,nan
1529,138.977,0,0,0,0,0,721,1,16,nan
1530,178.28399999999999,0,0,0,0,0,1114,1,16,nan
1531,181.589,0,0,0,0,0,1159,1,16,nan
1532,137.81700000000001,0,0,0,0,0,640,1,16,nan
1533,137.49600000000001,0,0,0,0,0,676,1,16,nan
1534,194.017,0,0,0,0,0,1325,1,16,nan
1535,198.72,0,0,0,0,0,1370,1,16,nan
1536,178.88,0,0,0,0,0,1201,1,16,nan
1537,140.36799999999999,0,0,0,0,0,685,1,16,nan
1538,183.61500000000001,0,0,0,0,0,1183,1,16,nan
1539,188.214,0,0,0,0,0,1286,1,16,nan
1540,176.47,0,0,0,0,0,1101,1,16,nan
1541,154.959,0,0,0,0,0,860,1,16,nan
1542,153.398,0,0,0,0,0,851,1,16,nan
1543,200.262,0,0,0,0,0,1213,1,16,nan
1544,168.62200000000001,0,0,0,0,0,971,1,16,nan
1545,164.292,0,0,0,0,0,988,1,16,nan
1546,183.89099999999999,0,0,0,0,0,1150,1,16,nan
1547,131.83600000000001,0,0,0,0,0,508,1,16,nan
1548,166.62100000000001,0,0,0,0,0,784,1,16,nan
1549,118.486,0,0,0,0,0,424,1,16,nan
1550,198.114,0,0,0,0,0,1415,1,16,nan
1551,166.16900000000001,0,0,0,0,0,1066,1,16,nan
1552,195.459,0,0,0,0,0,1362,1,16,nan
1553,135.60499999999999,0,0,0,0,0,555,1,16,nan
1554,151.596,0,0,0,0,0,822,1,16,nan
1555,179.88999999999999,0,0,0,0,0,1203,1,16,nan
1556,178.297,0,0,0,0,0,1256,1,16,nan
1557,185.70699999999999,0,0,0,0,0,1240,1,16,nan
1558,188.22300000000001,0,0,0,0,0,1251,1,16,nan
1559,181.63999999999999,0,0,0,0,0,1137,1,16,nan
1560,192.88900000000001,0,0,0,0,0,1272,1,16,nan
1561,134.834,0,0,0,0,0,457,1,16,nan
1562,189.66300000000001,0,0,0,0,0,1025,1,16,nan
1563,205.44399999999999,0,0,0,0,0,1326,1,16,nan
1564,181.982,0,0,0,0,0,1061,1,16,nan
1565,202.411,0,0,0,0,0,1231,1,16,nan
1566,158.70400000000001,0,0,0,0,0,813,1,16,nan
1567,186.17699999999999,0,0,0,0,0,1139,1,16,nan
1568,181.18299999999999,0,0,0,0,0,1124,1,16,nan
1569,186.351,0,0,0,0,0,1155,1,16,nan
1570,183.489,0,0,0,0,0,1005,1,16,nan
1571,156.39599999999999,0,0,0,0,0,681,1,16,nan
1572,182.947,0,0,0,0,0,1097,1,16,nan
1573,155.09100000000001,0,0,0,0,0,840,1,16,nan
1574,157.595,0,0,0,0,0,873,1,16,nan
1575,139.53999999999999,0,0,0,0,0,650,1,16,nan
1576,187.636,0,0,0,0,0,1214,1,16,nan
1577,181.69300000000001,0,0,0,0,0,1239,1,16,nan
1578,175.36099999999999,0,0,0,0,0,1143,1,16,nan
1579,133.48099999999999,0,0,0,0,0,654,1,16,nan
1580,149.364,0,0,0,0,0,798,1,16,nan
1581,189.84999999999999,0,0,0,0,0,1282,1,16,nan
1582,167.94200000000001,0,0,0,0,0,1013,1,16,nan
1583,178.20400000000001,0,0,0,0,0,889,1,16,nan
1584,181.148,0,0,0,0,0,1152,1,16,nan
1585,179.886,0,0,0,0,0,1206,1,16,nan
1586,181.31,0,0,0,0,0,1152,1,16,nan
1587,170.26499999999999,0,0,0,0,0,1025,1,16,nan
1588,138.249,0,0,0,0,0,543,1,16,nan
1589,178.654,0,0,0,0,0,1055,1,16,nan
1590,162.131,0,0,0,0,0,880,1,16,nan
1591,168.80699999999999,0,0,0,0,0,960,1,16,nan
1592,178.28700000000001,0,0,0,0,0,1128,1,16,nan
1593,149.32400000000001,0,0,0,0,0,737,1,16,nan
1594,175.45699999999999,0,0,0,0,0,1040,1,16,nan
1595,171.952,0,0,0,0,0,964,1,16,nan
1596,183.125,0,0,0,0,0,1269,1,16,nan
1597,150.80600000000001,0,0,0,0,0,781,1,16,nan
1598,139.59700000000001,0,0,0,0,0,703,1,16,nan
1599,130.32900000000001,0,0,0,0,0,540,1,16,nan
1600,195.68199999999999,0,0,0,0,0,1304,1,16,nan
1601,197.80000000000001,0,0,0,0,0,1316,1,16,nan
1602,175,0,0,0,0,0,1165,1,16,nan
1603,172.68600000000001,0,0,0,0,0,1092,1,16,nan
1604,197.423,0,0,0,0,0,957,1,16,nan
1605,185.291,0,0,0,0,0,1169,1,16,nan
1606,177.70599999999999,0,0,0,0,0,1119,1,16,nan
1607,162.45400000000001,0,0,0,0,0,939,1,16,nan
1608,176.28200000000001,0,0,0,0,0,1124,1,16,nan
1609,179.333,0,0,0,0,0,1194,1,16,nan
1610,160.083,0,0,0,0,0,926,1,16,nan
1611,198.13300000000001,0,0,0,0,0,1379,1,16,nan
1612,126.69199999999999,0,0,0,0,0,510,1,16,nan
1613,156.56999999999999,0,0,0,0,0,870,1,16,nan
1614,161.23500000000001,0,0,0,0,0,951,1,16,nan
1615,209.965,0,0,0,0,0,1134,1,16,nan
1616,198.416,0,0,0,0,0,1217,1,16,nan
1617,212.899,0,0,0,0,0,1214,1,16,nan
1618,149.87100000000001,0,0,0,0,0,642,1,16,nan
1619,178.52199999999999,0,0,0,0,0,1160,1,16,nan
1620,164.17699999999999,0,0,0,0,0,977,1,16,nan
1621,151.797,0,0,0,0,0,800,1,16,nan
1622,156.80500000000001,0,0,0,0,0,885,1,16,nan
1623,139.083,0,0,0,0,0,623,1,16,nan
1624,214.13399999999999,0,0,0,0,0,1186,1,16,nan
1625,168.73599999999999,0,0,0,0,0,1015,1,16,nan
1626,177.69300000000001,0,0,0,0,0,1140,1,16,nan
1627,174.33000000000001,0,0,0,0,0,1119,1,16,nan
1628,166.63900000000001,0,0,0,0,0,955,1,16,nan
1629,208.84800000000001,0,0,0,0,0,1173,1,16,nan
1630,186.19200000000001,0,0,0,0,0,1120,1,16,nan
1631,153.381,0,0,0,0,0,893,1,16,nan
1632,142.715,0,0,0,0,0,711,1,16,nan
1633,156.57900000000001,0,0,0,0,0,889,1,16,nan
1634,158.179,0,0,0,0,0,915,1,16,nan
1635,186.929,0,0,0,0,0,1273,1,16,nan
1636,123.916,0,0,0,0,0,483,1,16,nan
1637,184.49799999999999,0,0,0,0,0,1173,1,16,nan
1638,171.53700000000001,0,0,0,0,0,1057,1,16,nan
1639,153.80699999999999,0,0,0,0,0,860,1,16,nan
1640,180.965,0,0,0,0,0,1142,1,16,nan
1641,185.16999999999999,0,0,0,0,0,1207,1,16,nan
1642,162.822,0,0,0,0,0,995,1,16,nan
1643,127.66200000000001,0,0,0,0,0,549,1,16,nan
1644,189.71100000000001,0,0,0,0,0,1271,1,16,nan
1645,177.65799999999999,0,0,0,0,0,1165,1,16,nan
1646,158.751,0,0,0,0,0,860,1,16,nan
1647,174.18000000000001,0,0,0,0,0,1053,1,16,nan
1648,169.08199999999999,0,0,0,0,0,1003,1,16,nan
1649,149.01599999999999,0,0,0,0,0,828,1,16,nan
1650,148.52799999999999,0,0,0,0,0,825,1,16,nan
1651,155.30699999999999,0,0,0,0,0,768,1,16,nan
1652,157.905,0,0,0,0,0,957,1,16,nan
1653,191.459,0,0,0,0,0,1271,1,16,nan
1654,176.70599999999999,0,0,0,0,0,1179,1,16,nan
1655,188.54900000000001,0,0,0,0,0,1318,1,16,nan
1656,203.69200000000001,0,0,0,0,0,1475,1,16,nan
1657,157.26400000000001,0,0,0,0,0,888,1,16,nan
1658,160.21299999999999,0,0,0,0,0,942,1,16,nan
1659,160.131,0,0,0,0,0,847,1,16,nan
1660,173.84700000000001,0,0,0,0,0,1149,1,16,nan
1661,178.58000000000001,0,0,0,0,0,1135,1,16,nan
1662,187.80000000000001,0,0,0,0,0,1190,1,16,nan
1663,154.154,0,0,0,0,0,866,1,16,nan
1664,180.72499999999999,0,0,0,0,0,1173,1,16,nan
1665,171.55000000000001,0,0,0,0,0,1105,1,16,nan
1666,176.09200000000001,0,0,0,0,0,1157,1,16,nan
1667,176.39599999999999,0,0,0,0,0,1162,1,16,nan
1668,157.26499999999999,0,0,0,0,0,906,1,16,nan
1669,176.64099999999999,0,0,0,0,0,1159,1,16,nan
1670,173.12299999999999,0,0,0,0,0,1097,1,16,nan
1671,167.83699999999999,0,0,0,0,0,986,1,16,nan
1672,169.41200000000001,0,0,0,0,0,1069,1,16,nan
1673,160.38300000000001,0,0,0,0,0,957,1,16,nan
1674,186.30799999999999,0,0,0,0,0,1250,1,16,nan
1675,153.30600000000001,0,0,0,0,0,893,1,16,nan
1676,169.87700000000001,0,0,0,0,0,1013,1,16,nan
1677,177.316,0,0,0,0,0,1151,1,16,nan
1678,174.64400000000001,0,0,0,0,0,1081,1,16,nan
1679,179.78800000000001,0,0,0,0,0,1201,1,16,nan
1680,117.593,0,0,0,0,0,439,1,16,nan
1681,119.334,0,0,0,0,0,444,1,16,nan
1682,151.46899999999999,0,0,0,0,0,836,1,16,nan
1683,172.47300000000001,0,0,0,0,0,1112,1,16,nan
1684,172.38499999999999,0,0,0,0,0,1135,1,16,nan
1685,157.03200000000001,0,0,0,0,0,931,1,16,nan
1686,203.375,0,0,0,0,0,1131,1,16,nan
1687,195.56,0,0,0,0,0,1152,1,16,nan
1688,165.536,0,0,0,0,0,751,1,16,nan
1689,219.035,0,0,0,0,0,1019,1,16,nan
1690,174.46799999999999,0,0,0,0,0,1004,1,16,nan
1691,172.42099999999999,0,0,0,0,0,1106,1,16,nan
1692,175.625,0,0,0,0,0,1110,1,16,nan
1693,187.81899999999999,0,0,0,0,0,1321,1,16,nan
1694,147.601,0,0,0,0,0,803,1,16,nan
1695,167.07599999999999,0,0,0,0,0,1094,1,16,nan
1696,177.88800000000001,0,0,0,0,0,1108,1,16,nan
1697,178.91,0,0,0,0,0,1174,1,16,nan
1698,192.649,0,0,0,0,0,1293,1,16,nan
1699,178.50800000000001,0,0,0,0,0,1152,1,16,nan
1700,167.779,0,0,0,0,0,1086,1,16,nan
1701,138.994,0,0,0,0,0,696,1,16,nan
1702,156.136,0,0,0,0,0,849,1,16,nan
1703,162.34,0,0,0,0,0,1022,1,16,nan
1704,186.011,0,0,0,0,0,1238,1,16,nan
1705,162.91200000000001,0,0,0,0,0,887,1,16,nan
1706,199.40199999999999,0,0,0,0,0,1323,1,16,nan
1707,177.82499999999999,0,0,0,0,0,1141,1,16,nan
1708,141.41499999999999,0,0,0,0,0,699,1,16,nan
1709,165.58699999999999,0,0,0,0,0,1060,1,16,nan
1710,171.36500000000001,0,0,0,0,0,1074,1,16,nan
1711,207.685,0,0,0,0,0,1228,1,16,nan
1712,142.495,0,0,0,0,0,536,1,16,nan
1713,208.44900000000001,0,0,0,0,0,1346,1,16,nan
1714,214.80500000000001,0,0,0,0,0,1336,1,16,nan
1715,154.03399999999999,0,0,0,0,0,714,1,16,nan
1716,180.18600000000001,0,0,0,0,0,1071,1,16,nan
1717,175.875,0,0,0,0,0,1114,1,16,nan
1718,169.971,0,0,0,0,0,1056,1,16,nan
1719,146.98400000000001,0,0,0,0,0,807,1,16,nan
1720,199.44399999999999,0,0,0,0,0,1428,1,16,nan
1721,176.05000000000001,0,0,0,0,0,1159,1,16,nan
1722,196.15000000000001,0,0,0,0,0,1341,1,16,nan
1723,179.399,0,0,0,0,0,1183,1,16,nan
1724,165.297,0,0,0,0,0,1024,1,16,nan
1725,170.24700000000001,0,0,0,0,0,1134,1,16,nan
1726,189.91,0,0,0,0,0,1317,1,16,nan
1727,164.167,0,0,0,0,0,933,1,16,nan
1728,174.19300000000001,0,0,0,0,0,1094,1,16,nan
1729,178.785,0,0,0,0,0,1042,1,16,nan
1730,198.15299999999999,0,0,0,0,0,1420,1,16,nan
1731,159.589,0,0,0,0,0,988,1,16,nan
1732,164.39500000000001,0,0,0,0,0,930,1,16,nan
1733,157.06200000000001,0,0,0,0,0,819,1,16,nan
1734,152.96700000000001,0,0,0,0,0,815,1,16,nan
1735,181.05000000000001,0,0,0,0,0,1196,1,16,nan
1736,186.65700000000001,0,0,0,0,0,1263,1,16,nan
1737,168.107,0,0,0,0,0,1045,1,16,nan
1738,185.36099999999999,0,0,0,0,0,1297,1,16,nan
1739,162.322,0,0,0,0,0,919,1,16,nan
1740,156.88300000000001,0,0,0,0,0,958,1,16,nan
1741,181.453,0,0,0,0,0,1198,1,16,nan
1742,136.48500000000001,0,0,0,0,0,692,1,16,nan
1743,122.245,0,0,0,0,0,484,1,16,nan
1744,149.928,0,0,0,0,0,812,1,16,nan
1745,188.34100000000001,0,0,0,0,0,1209,1,16,nan
1746,196.893,0,0,0,0,0,1316,1,16,nan
1747,178.50700000000001,0,0,0,0,0,1189,1,16,nan
1748,175.71799999999999,0,0,0,0,0,1064,1,16,nan
1749,131.64699999999999,0,0,0,0,0,603,1,16,nan
1750,148.82300000000001,0,0,0,0,0,829,1,16,nan
1751,148.16,0,0,0,0,0,703,1,16,nan
1752,150.42599999999999,0,0,0,0,0,807,1,16,nan
1753,153.94200000000001,0,0,0,0,0,902,1,16,nan
1754,180.167,0,0,0,0,0,1190,1,16,nan
1755,176.97800000000001,0,0,0,0,0,952,1,16,nan
1756,180.97999999999999,0,0,0,0,0,1111,1,16,nan
1757,220.071,0,0,0,0,0,1269,1,16,nan
1758,166.59100000000001,0,0,0,0,0,912,1,16,nan
1759,171.66999999999999,0,0,0,0,0,960,1,16,nan
1760,167.74799999999999,0,0,0,0,0,1015,1,16,nan
1761,151.61799999999999,0,0,0,0,0,751,1,16,nan
1762,203.52500000000001,0,0,0,0,0,1249,1,16,nan
1763,170.05000000000001,0,0,0,0,0,1008,1,16,nan
1764,200.476,0,0,0,0,0,1121,1,16,nan
1765,184.46000000000001,0,0,0,0,0,1142,1,16,nan
1766,151.815,0,0,0,0,0,961,1,16,nan
1767,156.36000000000001,0,0,0,0,0,847,1,16,nan
1768,166.47800000000001,0,0,0,0,0,920,1,16,nan
1769,168.06399999999999,0,0,0,0,0,847,1,16,nan
1770,183.23099999999999,0,0,0,0,0,1136,1,16,nan
1771,170.161,0,0,0,0,0,1060,1,16,nan
1772,183.499,0,0,0,0,0,1258,1,16,nan
1773,175.77500000000001,0,0,0,0,0,742,1,16,nan
1774,164.374,0,0,0,0,0,947,1,16,nan
1775,119.605,0,0,0,0,0,414,1,16,nan
1776,174.25800000000001,0,0,0,0,0,1145,1,16,nan
1777,169.798,0,0,0,0,0,1033,1,16,nan
1778,186.75999999999999,0,0,0,0,0,1241,1,16,nan
1779,153.143,0,0,0,0,0,837,1,16,nan
1780,174.196,0,0,0,0,0,1081,1,16,nan
1781,171.10300000000001,0,0,0,0,0,1023,1,16,nan
1782,153.52799999999999,0,0,0,0,0,903,1,16,nan
1783,151.46199999999999,0,0,0,0,0,820,1,16,nan
1784,195.114,0,0,0,0,0,1258,1,16,nan
1785,172.959,0,0,0,0,0,1079,1,16,nan
1786,184.953,0,0,0,0,0,1199,1,16,nan
1787,166.227,0,0,0,0,0,942,1,16,nan
1788,178.72,0,0,0,0,0,1153,1,16,nan
1789,164.001,0,0,0,0,0,928,1,16,nan
1790,170.42699999999999,0,0,0,0,0,1004,1,16,nan
1791,139.03100000000001,0,0,0,0,0,657,1,16,nan
1792,151.27199999999999,0,0,0,0,0,735,1,16,nan
1793,131.845,0,0,0,0,0,563,1,16,nan
1794,157.70699999999999,0,0,0,0,0,846,1,16,nan
1795,186.93700000000001,0,0,0,0,0,1258,1,16,nan
1796,204.60400000000001,0,0,0,0,0,1142,1,16,nan
1797,191.19200000000001,0,0,0,0,0,1208,1,16,nan
1798,168.28200000000001,0,0,0,0,0,913,1,16,nan
1799,134.88300000000001,0,0,0,0,0,574,1,16,nan
1800,167.20500000000001,0,0,0,0,0,941,1,16,nan
1801,190.63999999999999,0,0,0,0,0,1149,1,16,nan
1802,164.65899999999999,0,0,0,0,0,896,1,16,nan
1803,195.626,0,0,0,0,0,1253,1,16,nan
1804,166.94900000000001,0,0,0,0,0,990,1,16,nan
1805,181.72,0,0,0,0,0,1215,1,16,nan
1806,182.453,0,0,0,0,0,1181,1,16,nan
1807,163.80799999999999,0,0,0,0,0,757,1,16,nan
1808,206.946,0,0,0,0,0,1211,1,16,nan
1809,186.84299999999999,0,0,0,0,0,906,1,16,nan
1810,173.05799999999999,0,0,0,0,0,787,1,16,nan
1811,162.529,0,0,0,0,0,829,1,16,nan
1812,147.678,0,0,0,0,0,764,1,16,nan
1813,189.15899999999999,0,0,0,0,0,1246,1,16,nan
1814,174.77799999999999,0,0,0,0,0,1063,1,16,nan
1815,172.26599999999999,0,0,0,0,0,987,1,16,nan
1816,153.66300000000001,0,0,0,0,0,857,1,16,nan
1817,191.839,0,0,0,0,0,1086,1,16,nan
1818,187.68899999999999,0,0,0,0,0,1170,1,16,nan
1819,172.36199999999999,0,0,0,0,0,892,1,16,nan
1820,190.19399999999999,0,0,0,0,0,1196,1,16,nan
1821,129.928,0,0,0,0,0,489,1,16,nan
1822,149.71000000000001,0,0,0,0,0,755,1,16,nan
1823,184.09299999999999,0,0,0,0,0,1153,1,16,nan
1824,189.827,0,0,0,0,0,1087,1,16,nan
1825,139.73599999999999,0,0,0,0,0,610,1,16,nan
1826,195.096,0,0,0,0,0,1276,1,16,nan
1827,148.77000000000001,0,0,0,0,0,730,1,16,nan
1828,161.46299999999999,0,0,0,0,0,956,1,16,nan
1829,171.43100000000001,0,0,0,0,0,1112,1,16,nan
1830,167.63999999999999,0,0,0,0,0,1020,1,16,nan
1831,193.69399999999999,0,0,0,0,0,1298,1,16,nan
1832,173.23500000000001,0,0,0,0,0,1055,1,16,nan
1833,177.74799999999999,0,0,0,0,0,1125,1,16,nan
1834,171.59700000000001,0,0,0,0,0,1105,1,16,nan
1835,158.16999999999999,0,0,0,0,0,953,1,16,nan
1836,175.02099999999999,0,0,0,0,0,1159,1,16,nan
1837,167.98599999999999,0,0,0,0,0,1068,1,16,nan
1838,188.084,0,0,0,0,0,1288,1,16,nan
1839,140.44399999999999,0,0,0,0,0,708,1,16,nan
1840,160.792,0,0,0,0,0,916,1,16,nan
1841,200.54499999999999,0,0,0,0,0,1386,1,16,nan
1842,164.77699999999999,0,0,0,0,0,993,1,16,nan
1843,182.61099999999999,0,0,0,0,0,1238,1,16,nan
1844,187.054,0,0,0,0,0,1262,1,16,nan
1845,112.46299999999999,0,0,0,0,0,388,1,16,nan
1846,211.577,0,0,0,0,0,1532,1,16,nan
1847,154.40199999999999,0,0,0,0,0,832,1,16,nan
1848,167.10599999999999,0,0,0,0,0,982,1,16,nan
1849,164.852,0,0,0,0,0,946,1,16,nan
1850,122.892,0,0,0,0,0,463,1,16,nan
1851,179.40700000000001,0,0,0,0,0,1126,1,16,nan
1852,176.09100000000001,0,0,0,0,0,1190,1,16,nan
1853,134.30799999999999,0,0,0,0,0,596,1,16,nan
1854,169.00899999999999,0,0,0,0,0,1040,1,16,nan
1855,183.61600000000001,0,0,0,0,0,1267,1,16,nan
1856,183.98699999999999,0,0,0,0,0,1188,1,16,nan
1857,177.35400000000001,0,0,0,0,0,1130,1,16,nan
1858,204.114,0,0,0,0,0,1132,1,16,nan
1859,129.667,0,0,0,0,0,579,1,16,nan
1860,143.32599999999999,0,0,0,0,0,822,1,16,nan
1861,149.90899999999999,0,0,0,0,0,855,1,16,nan
1862,172.19,0,0,0,0,0,1050,1,16,nan
1863,180.738,0,0,0,0,0,1167,1,16,nan
1864,176.36000000000001,0,0,0,0,0,1087,1,16,nan
1865,190.12700000000001,0,0,0,0,0,1330,1,16,nan
1866,163.78700000000001,0,0,0,0,0,962,1,16,nan
1867,182.20400000000001,0,0,0,0,0,1185,1,16,nan
1868,172.06399999999999,0,0,0,0,0,1073,1,16,nan
1869,175.94399999999999,0,0,0,0,0,1150,1,16,nan
1870,168.14599999999999,0,0,0,0,0,1041,1,16,nan
1871,206.20400000000001,0,0,0,0,0,1437,1,16,nan
1872,174.21600000000001,0,0,0,0,0,1066,1,16,nan
1873,164.76599999999999,0,0,0,0,0,1027,1,16,nan
1874,160.71199999999999,0,0,0,0,0,932,1,16,nan
1875,214.13499999999999,0,0,0,0,0,1493,1,16,nan
1876,186.596,0,0,0,0,0,1256,1,16,nan
1877,154.398,0,0,0,0,0,841,1,16,nan
1878,182.792,0,0,0,0,0,1198,1,16,nan
1879,142.614,0,0,0,0,0,746,1,16,nan
1880,188.60300000000001,0,0,0,0,0,1217,1,16,nan
1881,134.06999999999999,0,0,0,0,0,688,1,16,nan
1882,129.399,0,0,0,0,0,548,1,16,nan
1883,182.15799999999999,0,0,0,0,0,1215,1,16,nan
1884,196.19800000000001,0,0,0,0,0,1375,1,16,nan
1885,168.12,0,0,0,0,0,991,1,16,nan
1886,160.96199999999999,0,0,0,0,0,614,1,16,nan
1887,158.83699999999999,0,0,0,0,0,863,1,16,nan
1888,192.286,0,0,0,0,0,1227,1,16,nan
1889,172.499,0,0,0,0,0,1036,1,16,nan
1890,172.90899999999999,0,0,0,0,0,1048,1,16,nan
1891,194.44200000000001,0,0,0,0,0,1216,1,16,nan
1892,195.721,0,0,0,0,0,1137,1,16,nan
1893,143.04400000000001,0,0,0,0,0,763,1,16,nan
1894,172.03899999999999,0,0,0,0,0,1078,1,16,nan
1895,124.444,0,0,0,0,0,557,1,16,nan
1896,180.66300000000001,0,0,0,0,0,1161,1,16,nan
1897,178.72800000000001,0,0,0,0,0,1146,1,16,nan
1898,156.24799999999999,0,0,0,0,0,886,1,16,nan
1899,178.042,0,0,0,0,0,1201,1,16,nan
1900,181.715,0,0,0,0,0,1196,1,16,nan
1901,105.732,0,0,0,0,0,302,1,16,nan
1902,167.24799999999999,0,0,0,0,0,1044,1,16,nan
1903,172.417,0,0,0,0,0,1086,1,16,nan
1904,208.446,0,0,0,0,0,1138,1,16,nan
1905,178.899,0,0,0,0,0,1200,1,16,nan
1906,165.995,0,0,0,0,0,998,1,16,nan
1907,171.804,0,0,0,0,0,1044,1,16,nan
1908,183.31899999999999,0,0,0,0,0,1204,1,16,nan
1909,193.25200000000001,0,0,0,0,0,1064,1,16,nan
1910,197.322,0,0,0,0,0,1135,1,16,nan
1911,172.11199999999999,0,0,0,0,0,1090,1,16,nan
1912,193.08699999999999,0,0,0,0,0,1316,1,16,nan
1913,173.20400000000001,0,0,0,0,0,1131,1,16,nan
1914,129.75999999999999,0,0,0,0,0,570,1,16,nan
1915,178.928,0,0,0,0,0,1102,1,16,nan
1916,186.126,0,0,0,0,0,1193,1,16,nan
1917,166.23500000000001,0,0,0,0,0,1007,1,16,nan
1918,154.73599999999999,0,0,0,0,0,759,1,16,nan
1919,139.929,0,0,0,0,0,428,1,16,nan
1920,160.80099999999999,0,0,0,0,0,876,1,16,nan
1921,160.67400000000001,0,0,0,0,0,827,1,16,nan
1922,170.98599999999999,0,0,0,0,0,1031,1,16,nan
1923,215.46299999999999,0,0,0,0,0,1534,1,16,nan
1924,184.09899999999999,0,0,0,0,0,1106,1,16,nan
1925,170.38,0,0,0,0,0,996,1,16,nan
1926,206.43899999999999,0,0,0,0,0,1116,1,16,nan
1927,150.71799999999999,0,0,0,0,0,658,1,16,nan
1928,130.506,0,0,0,0,0,583,1,16,nan
1929,165.03800000000001,0,0,0,0,0,1070,1,16,nan
1930,199.22399999999999,0,0,0,0,0,1379,1,16,nan
1931,142.45400000000001,0,0,0,0,0,725,1,16,nan
1932,176.839,0,0,0,0,0,1093,1,16,nan
1933,182.774,0,0,0,0,0,1204,1,16,nan
1934,181.74299999999999,0,0,0,0,0,1219,1,16,nan
1935,156.50399999999999,0,0,0,0,0,858,1,16,nan
1936,194.66499999999999,0,0,0,0,0,1307,1,16,nan
1937,174.256,0,0,0,0,0,1062,1,16,nan
1938,183.89699999999999,0,0,0,0,0,1249,1,16,nan
1939,179.49000000000001,0,0,0,0,0,1138,1,16,nan
1940,132.91499999999999,0,0,0,0,0,597,1,16,nan
1941,207.476,0,0,0,0,0,1425,1,16,nan
1942,180.37299999999999,0,0,0,0,0,1224,1,16,nan
1943,224.97,0,0,0,0,0,1339,1,16,nan
1944,182.30799999999999,0,0,0,0,0,1232,1,16,nan
1945,166.14400000000001,0,0,0,0,0,1045,1,16,nan
1946,157.077,0,0,0,0,0,914,1,16,nan
1947,170.04599999999999,0,0,0,0,0,1030,1,16,nan
1948,185.61199999999999,0,0,0,0,0,1216,1,16,nan
1949,155.45099999999999,0,0,0,0,0,821,1,16,nan
1950,194.572,0,0,0,0,0,1023,1,16,nan
1951,243.91,0,0,0,0,0,1597,1,16,nan
1952,210.59200000000001,0,0,0,0,0,1385,1,16,nan
1953,190.09,0,0,0,0,0,1100,1,16,nan
1954,159.88900000000001,0,0,0,0,0,860,1,16,nan
1955,183.227,0,0,0,0,0,1100,1,16,nan
1956,140.59399999999999,0,0,0,0,0,556,1,16,nan
1957,176.304,0,0,0,0,0,1075,1,16,nan
1958,191.55000000000001,0,0,0,0,0,1202,1,16,nan
1959,159.41900000000001,0,0,0,0,0,846,1,16,nan
1960,190.39400000000001,0,0,0,0,0,1112,1,16,nan
1961,189.86699999999999,0,0,0,0,0,1232,1,16,nan
1962,151.46199999999999,0,0,0,0,0,877,1,16,nan
1963,167.03399999999999,0,0,0,0,0,954,1,16,nan
1964,158.465,0,0,0,0,0,912,1,16,nan
1965,187.191,0,0,0,0,0,1288,1,16,nan
1966,191.03399999999999,0,0,0,0,0,1290,1,16,nan
1967,125.974,0,0,0,0,0,575,1,16,nan
1968,146.65799999999999,0,0,0,0,0,752,1,16,nan
1969,207.71199999999999,0,0,0,0,0,1109,1,16,nan
1970,192.15700000000001,0,0,0,0,0,1285,1,16,nan
1971,190.072,0,0,0,0,0,1232,1,16,nan
1972,191.71799999999999,0,0,0,0,0,1094,1,16,nan
1973,127.81999999999999,0,0,0,0,0,524,1,16,nan
1974,204.273,0,0,0,0,0,1463,1,16,nan
1975,173.22300000000001,0,0,0,0,0,1124,1,16,nan
1976,168.68199999999999,0,0,0,0,0,1028,1,16,nan
1977,168.917,0,0,0,0,0,1146,1,16,nan
1978,182.10599999999999,0,0,0,0,0,1169,1,16,nan
1979,180.82900000000001,0,0,0,0,0,1233,1,16,nan
1980,185.75299999999999,0,0,0,0,0,1272,1,16,nan
1981,174.09,0,0,0,0,0,1169,1,16,nan
1982,188.04900000000001,0,0,0,0,0,1258,1,16,nan
1983,184.53200000000001,0,0,0,0,0,1238,1,16,nan
1984,141.93000000000001,0,0,0,0,0,724,1,16,nan
1985,177.392,0,0,0,0,0,1136,1,16,nan
1986,143.24199999999999,0,0,0,0,0,679,1,16,nan
1987,178.477,0,0,0,0,0,1094,1,16,nan
1988,174.19300000000001,0,0,0,0,0,1135,1,16,nan
1989,172.999,0,0,0,0,0,1140,1,16,nan
1990,146.02699999999999,0,0,0,0,0,801,1,16,nan
1991,196.256,0,0,0,0,0,1322,1,16,nan
1992,172.303,0,0,0,0,0,1078,1,16,nan
1993,197.01599999999999,0,0,0,0,0,1428,1,16,nan
1994,183.90799999999999,0,0,0,0,0,1276,1,16,nan
1995,175.19999999999999,0,0,0,0,0,765,1,16,nan
1996,196.81299999999999,0,0,0,0,0,1278,1,16,nan
1997,181.45099999999999,0,0,0,0,0,1141,1,16,nan
1998,154.119,0,0,0,0,0,828,1,16,nan
1999,152.84,0,0,0,0,0,856,1,16,nan
2000,247.91900000000001,0,0,0,0,0,1395,1,16,nan
2001,214.62,0,0,0,0,0,1250,1,16,nan
2002,188.625,0,0,0,0,0,1188,1,16,nan
2003,165.917,0,0,0,0,0,746,1,16,nan
2004,190.32499999999999,0,0,0,0,0,1320,1,16,nan
2005,167.35599999999999,0,0,0,0,0,995,1,16,nan
2006,192.49799999999999,0,0,0,0,0,1315,1,16,nan
2007,198.614,0,0,0,0,0,1363,1,16,nan
2008,177.51499999999999,0,0,0,0,0,1147,1,16,nan
2009,170.71899999999999,0,0,0,0,0,822,1,16,nan
2010,196.66900000000001,0,0,0,0,0,1245,1,16,nan
2011,207.65899999999999,0,0,0,0,0,1258,1,16,nan
2012,180.43899999999999,0,0,0,0,0,1210,1,16,nan
2013,139.541,0,0,0,0,0,673,1,16,nan
2014,157.512,0,0,0,0,0,639,1,16,nan
2015,204.25700000000001,0,0,0,0,0,1227,1,16,nan
2016,212.55600000000001,0,0,0,0,0,1322,1,16,nan
2017,199.92599999999999,0,0,0,0,0,1203,1,16,nan
2018,168.48400000000001,0,0,0,0,0,980,1,16,nan
2019,173.18199999999999,0,0,0,0,0,1151,1,16,nan
2020,173.22300000000001,0,0,0,0,0,1069,1,16,nan
2021,160.494,0,0,0,0,0,824,1,16,nan
2022,182.13900000000001,0,0,0,0,0,1207,1,16,nan
2023,202.72200000000001,0,0,0,0,0,1414,1,16,nan
2024,184.798,0,0,0,0,0,1229,1,16,nan
2025,149.41399999999999,0,0,0,0,0,803,1,16,nan
2026,196.44800000000001,0,0,0,0,0,978,1,16,nan
2027,236.87299999999999,0,0,0,0,0,1244,1,16,nan
2028,202.00399999999999,0,0,0,0,0,1189,1,16,nan
2029,174.66399999999999,0,0,0,0,0,861,1,16,nan
2030,164.922,0,0,0,0,0,972,1,16,nan
2031,211.988,0,0,0,0,0,1288,1,16,nan
2032,189.99299999999999,0,0,0,0,0,1048,1,16,nan
2033,143.84999999999999,0,0,0,0,0,520,1,16,nan
2034,212.82900000000001,0,0,0,0,0,1308,1,16,nan
2035,195.91499999999999,0,0,0,0,0,1347,1,16,nan
2036,158.149,0,0,0,0,0,927,1,16,nan
2037,179.53899999999999,0,0,0,0,0,1127,1,16,nan
2038,147.804,0,0,0,0,0,758,1,16,nan
2039,180.227,0,0,0,0,0,1155,1,16,nan
2040,163.72800000000001,0,0,0,0,0,1008,1,16,nan
2041,173.71299999999999,0,0,0,0,0,1113,1,16,nan
2042,164.66,0,0,0,0,0,1058,1,16,nan
2043,167.27500000000001,0,0,0,0,0,1029,1,16,nan
2044,181.31399999999999,0,0,0,0,0,1164,1,16,nan
2045,156.55600000000001,0,0,0,0,0,998,1,16,nan
2046,182.17699999999999,0,0,0,0,0,1241,1,16,nan
2047,125.929,0,0,0,0,0,551,1,16,nan
2048,139.96899999999999,0,0,0,0,0,714,1,16,nan
2049,151.44399999999999,0,0,0,0,0,806,1,16,nan
2050,193.678,0,0,0,0,0,1284,1,16,nan
2051,164.804,0,0,0,0,0,946,1,16,nan
2052,153.12799999999999,0,0,0,0,0,790,1,16,nan
2053,185.374,0,0,0,0,0,1233,1,16,nan
2054,145.898,0,0,0,0,0,755,1,16,nan
2055,182.565,0,0,0,0,0,1204,1,16,nan
2056,179.92099999999999,0,0,0,0,0,1231,1,16,nan
2057,191.11600000000001,0,0,0,0,0,978,1,16,nan
2058,174.68299999999999,0,0,0,0,0,928,1,16,nan
2059,166.012,0,0,0,0,0,758,1,16,nan
2060,204.75999999999999,0,0,0,0,0,1202,1,16,nan
2061,189.684,0,0,0,0,0,1181,1,16,nan
2062,180.06200000000001,0,0,0,0,0,1220,1,16,nan
2063,125.843,0,0,0,0,0,480,1,16,nan
2064,170.358,0,0,0,0,0,1063,1,16,nan
2065,184.46700000000001,0,0,0,0,0,1237,1,16,nan
2066,143.154,0,0,0,0,0,723,1,16,nan
2067,157.02199999999999,0,0,0,0,0,798,1,16,nan
2068,175.56700000000001,0,0,0,0,0,1081,1,16,nan
2069,220.15600000000001,0,0,0,0,0,1580,1,16,nan
2070,161.96199999999999,0,0,0,0,0,995,1,16,nan
2071,182.42500000000001,0,0,0,0,0,1223,1,16,nan
2072,163.768,0,0,0,0,0,956,1,16,nan
2073,179.41800000000001,0,0,0,0,0,1159,1,16,nan
2074,150.75,0,0,0,0,0,809,1,16,nan
2075,146.846,0,0,0,0,0,730,1,16,nan
2076,193.40000000000001,0,0,0,0,0,1354,1,16,nan
2077,196.95400000000001,0,0,0,0,0,1344,1,16,nan
2078,183.69,0,0,0,0,0,1200,1,16,nan
2079,185.69999999999999,0,0,0,0,0,1208,1,16,nan
2080,169.56800000000001,0,0,0,0,0,1057,1,16,nan
2081,166.93000000000001,0,0,0,0,0,1037,1,16,nan
2082,171.09299999999999,0,0,0,0,0,1087,1,16,nan
2083,177.57499999999999,0,0,0,0,0,1132,1,16,nan
2084,119.417,0,0,0,0,0,430,1,16,nan
2085,183.48599999999999,0,0,0,0,0,1173,1,16,nan
2086,167.09800000000001,0,0,0,0,0,985,1,16,nan
2087,150.43799999999999,0,0,0,0,0,805,1,16,nan
2088,148.59100000000001,0,0,0,0,0,761,1,16,nan
2089,172.56200000000001,0,0,0,0,0,1137,1,16,nan
2090,185.28899999999999,0,0,0,0,0,1260,1,16,nan
2091,186.64099999999999,0,0,0,0,0,1176,1,16,nan
2092,157.684,0,0,0,0,0,891,1,16,nan
2093,168.47200000000001,0,0,0,0,0,1089,1,16,nan
2094,178.756,0,0,0,0,0,1183,1,16,nan
2095,167.119,0,0,0,0,0,937,1,16,nan
2096,160.76499999999999,0,0,0,0,0,864,1,16,nan
2097,159.72800000000001,0,0,0,0,0,834,1,16,nan
2098,189.80600000000001,0,0,0,0,0,1290,1,16,nan
2099,170.23699999999999,0,0,0,0,0,768,1,16,nan
2100,189.39500000000001,0,0,0,0,0,1118,1,16,nan
2101,187.30600000000001,0,0,0,0,0,1119,1,16,nan
2102,178.18199999999999,0,0,0,0,0,805,1,16,nan
2103,153.52500000000001,0,0,0,0,0,937,1,16,nan
2104,189.90899999999999,0,0,0,0,0,1309,1,16,nan
2105,174.62299999999999,0,0,0,0,0,1071,1,16,nan
2106,160.964,0,0,0,0,0,965,1,16,nan
2107,172.38800000000001,0,0,0,0,0,1114,1,16,nan
2108,186.006,0,0,0,0,0,1136,1,16,nan
2109,167.94499999999999,0,0,0,0,0,1099,1,16,nan
2110,168.791,0,0,0,0,0,1022,1,16,nan
2111,184.172,0,0,0,0,0,1245,1,16,nan
2112,220.94800000000001,0,0,0,0,0,1281,1,16,nan
2113,161.50200000000001,0,0,0,0,0,1032,1,16,nan
2114,172.17099999999999,0,0,0,0,0,1004,1,16,nan
2115,187.654,0,0,0,0,0,1275,1,16,nan
2116,202.88200000000001,0,0,0,0,0,1472,1,16,nan
2117,167.75399999999999,0,0,0,0,0,1074,1,16,nan
2118,158.06,0,0,0,0,0,864,1,16,nan
2119,172.541,0,0,0,0,0,1083,1,16,nan
2120,178.714,0,0,0,0,0,1160,1,16,nan
2121,181.172,0,0,0,0,0,1212,1,16,nan
2122,138.84800000000001,0,0,0,0,0,594,1,16,nan
2123,180.26900000000001,0,0,0,0,0,1172,1,16,nan
2124,148.84999999999999,0,0,0,0,0,799,1,16,nan
2125,179.602,0,0,0,0,0,1107,1,16,nan
2126,178.33500000000001,0,0,0,0,0,1156,1,16,nan
2127,147.31800000000001,0,0,0,0,0,845,1,16,nan
2128,181.256,0,0,0,0,0,1173,1,16,nan
2129,204.88300000000001,0,0,0,0,0,1414,1,16,nan
2130,137.63300000000001,0,0,0,0,0,649,1,16,nan
2131,190.929,0,0,0,0,0,1223,1,16,nan
2132,174.98500000000001,0,0,0,0,0,1180,1,16,nan
2133,175.65899999999999,0,0,0,0,0,1168,1,16,nan
2134,169.36500000000001,0,0,0,0,0,1062,1,16,nan
2135,165.00999999999999,0,0,0,0,0,1007,1,16,nan
2136,181.328,0,0,0,0,0,1245,1,16,nan
2137,180.089,0,0,0,0,0,1191,1,16,nan
2138,159.024,0,0,0,0,0,951,1,16,nan
2139,157.607,0,0,0,0,0,684,1,16,nan
2140,209.94499999999999,0,0,0,0,0,1089,1,16,nan
2141,187.125,0,0,0,0,0,1126,1,16,nan
2142,191.45099999999999,0,0,0,0,0,1126,1,16,nan
2143,193.34100000000001,0,0,0,0,0,1160,1,16,nan
2144,137.63900000000001,0,0,0,0,0,592,1,16,nan
2145,187.15600000000001,0,0,0,0,0,1181,1,16,nan
2146,166.304,0,0,0,0,0,888,1,16,nan
2147,163.614,0,0,0,0,0,821,1,16,nan
2148,188.08099999999999,0,0,0,0,0,1202,1,16,nan
2149,204.65899999999999,0,0,0,0,0,1239,1,16,nan
2150,165.834,0,0,0,0,0,879,1,16,nan
2151,150.09100000000001,0,0,0,0,0,809,1,16,nan
2152,176.15899999999999,0,0,0,0,0,1053,1,16,nan
2153,196.38300000000001,0,0,0,0,0,1234,1,16,nan
2154,199.13999999999999,0,0,0,0,0,1183,1,16,nan
2155,169.232,0,0,0,0,0,1054,1,16,nan
2156,192.346,0,0,0,0,0,1308,1,16,nan
2157,177.00399999999999,0,0,0,0,0,1076,1,16,nan
2158,154.46000000000001,0,0,0,0,0,885,1,16,nan
2159,142.56299999999999,0,0,0,0,0,696,1,16,nan
2160,149.101,0,0,0,0,0,779,1,16,nan
2161,112.47,0,0,0,0,0,388,1,16,nan
2162,168.87799999999999,0,0,0,0,0,1042,1,16,nan
2163,175.38999999999999,0,0,0,0,0,1081,1,16,nan
2164,174.53,0,0,0,0,0,1113,1,16,nan
2165,181.708,0,0,0,0,0,1201,1,16,nan
2166,148.20500000000001,0,0,0,0,0,693,1,16,nan
2167,183.499,0,0,0,0,0,1253,1,16,nan
2168,201.57900000000001,0,0,0,0,0,1399,1,16,nan
2169,181.339,0,0,0,0,0,1140,1,16,nan
2170,185.364,0,0,0,0,0,1229,1,16,nan
2171,153.32499999999999,0,0,0,0,0,790,1,16,nan
2172,180.136,0,0,0,0,0,1109,1,16,nan
2173,132.839,0,0,0,0,0,559,1,16,nan
2174,174.65299999999999,0,0,0,0,0,1094,1,16,nan
2175,168.345,0,0,0,0,0,1010,1,16,nan
2176,171.78800000000001,0,0,0,0,0,1092,1,16,nan
2177,170.083,0,0,0,0,0,1045,1,16,nan
2178,204.76900000000001,0,0,0,0,0,1148,1,16,nan
2179,173.62200000000001,0,0,0,0,0,1063,1,16,nan
2180,166.351,0,0,0,0,0,1045,1,16,nan
2181,146.376,0,0,0,0,0,801,1,16,nan
2182,171.41,0,0,0,0,0,1065,1,16,nan
2183,192.66300000000001,0,0,0,0,0,1047,1,16,nan
2184,192.22300000000001,0,0,0,0,0,1265,1,16,nan
2185,193.47499999999999,0,0,0,0,0,1220,1,16,nan
2186,169.12799999999999,0,0,0,0,0,958,1,16,nan
2187,136.05699999999999,0,0,0,0,0,525,1,16,nan
2188,197.589,0,0,0,0,0,1301,1,16,nan
2189,163.30000000000001,0,0,0,0,0,902,1,16,nan
2190,181.02799999999999,0,0,0,0,0,995,1,16,nan
2191,161.304,0,0,0,0,0,986,1,16,nan
2192,166.97499999999999,0,0,0,0,0,1000,1,16,nan
2193,169.43899999999999,0,0,0,0,0,1069,1,16,nan
2194,140.18199999999999,0,0,0,0,0,669,1,16,nan
2195,190.94999999999999,0,0,0,0,0,1226,1,16,nan
2196,162.50200000000001,0,0,0,0,0,886,1,16,nan
2197,198.75,0,0,0,0,0,996,1,16,nan
2198,183.28899999999999,0,0,0,0,0,1195,1,16,nan
2199,182.27099999999999,0,0,0,0,0,1231,1,16,nan
2200,150.09999999999999,0,0,0,0,0,771,1,16,nan
2201,150.17599999999999,0,0,0,0,0,809,1,16,nan
2202,158.84,0,0,0,0,0,1017,1,16,nan
2203,128.82400000000001,0,0,0,0,0,600,1,16,nan
2204,185.63200000000001,0,0,0,0,0,1292,1,16,nan
2205,191.036,0,0,0,0,0,1306,1,16,nan
2206,205.78800000000001,0,0,0,0,0,1456,1,16,nan
2207,160.601,0,0,0,0,0,704,1,16,nan
2208,201.251,0,0,0,0,0,1246,1,16,nan
2209,180.94,0,0,0,0,0,1165,1,16,nan
2210,176.167,0,0,0,0,0,1202,1,16,nan
2211,189.83600000000001,0,0,0,0,0,1199,1,16,nan
2212,181.709,0,0,0,0,0,1177,1,16,nan
2213,181.15600000000001,0,0,0,0,0,1267,1,16,nan
2214,151.399,0,0,0,0,0,825,1,16,nan
2215,183.702,0,0,0,0,0,1205,1,16,nan
2216,203.917,0,0,0,0,0,1329,1,16,nan
2217,121.96299999999999,0,0,0,0,0,463,1,16,nan
2218,183.03200000000001,0,0,0,0,0,1221,1,16,nan
2219,195.90899999999999,0,0,0,0,0,1272,1,16,nan
2220,155.58099999999999,0,0,0,0,0,874,1,16,nan
2221,164.941,0,0,0,0,0,1123,1,16,nan
2222,184.79499999999999,0,0,0,0,0,1178,1,16,nan
2223,156.607,0,0,0,0,0,868,1,16,nan
2224,183.24799999999999,0,0,0,0,0,1269,1,16,nan
2225,156.95699999999999,0,0,0,0,0,902,1,16,nan
2226,138.10499999999999,0,0,0,0,0,665,1,16,nan
2227,182.554,0,0,0,0,0,1192,1,16,nan
2228,156.93899999999999,0,0,0,0,0,907,1,16,nan
2229,193.65600000000001,0,0,0,0,0,1358,1,16,nan
2230,165.38200000000001,0,0,0,0,0,967,1,16,nan
2231,178.77799999999999,0,0,0,0,0,1221,1,16,nan
2232,179.244,0,0,0,0,0,1212,1,16,nan
2233,180.38900000000001,0,0,0,0,0,1245,1,16,nan
2234,189.88499999999999,0,0,0,0,0,1321,1,16,nan
2235,206.41300000000001,0,0,0,0,0,1407,1,16,nan
2236,156.65000000000001,0,0,0,0,0,811,1,16,nan
2237,187.17500000000001,0,0,0,0,0,1228,1,16,nan
2238,148.88900000000001,0,0,0,0,0,807,1,16,nan
2239,175.50999999999999,0,0,0,0,0,1095,1,16,nan
2240,162.50200000000001,0,0,0,0,0,891,1,16,nan
2241,172.715,0,0,0,0,0,1075,1,16,nan
2242,170.41,0,0,0,0,0,1040,1,16,nan
2243,175.511,0,0,0,0,0,1080,1,16,nan
2244,177.83000000000001,0,0,0,0,0,1143,1,16,nan
2245,198.42099999999999,0,0,0,0,0,1371,1,16,nan
2246,168.08000000000001,0,0,0,0,0,1143,1,16,nan
2247,185.89599999999999,0,0,0,0,0,1141,1,16,nan
2248,163.999,0,0,0,0,0,1028,1,16,nan
2249,187.696,0,0,0,0,0,1260,1,16,nan
2250,159.89699999999999,0,0,0,0,0,913,1,16,nan
2251,173.97200000000001,0,0,0,0,0,1112,1,16,nan
2252,171.65199999999999,0,0,0,0,0,1099,1,16,nan
2253,128.05799999999999,0,0,0,0,0,521,1,16,nan
2254,173.93799999999999,0,0,0,0,0,1139,1,16,nan
2255,163.917,0,0,0,0,0,988,1,16,nan
2256,167.49299999999999,0,0,0,0,0,1075,1,16,nan
2257,189.25,0,0,0,0,0,1331,1,16,nan
2258,122.32899999999999,0,0,0,0,0,438,1,16,nan
2259,162.41999999999999,0,0,0,0,0,889,1,16,nan
2260,157.661,0,0,0,0,0,897,1,16,nan
2261,162.01900000000001,0,0,0,0,0,978,1,16,nan
2262,199.631,0,0,0,0,0,1444,1,16,nan
2263,142.65799999999999,0,0,0,0,0,709,1,16,nan
2264,161.53299999999999,0,0,0,0,0,944,1,16,nan
2265,158.51900000000001,0,0,0,0,0,827,1,16,nan
2266,184.946,0,0,0,0,0,1262,1,16,nan
2267,184.93100000000001,0,0,0,0,0,1220,1,16,nan
2268,133.655,0,0,0,0,0,617,1,16,nan
2269,156.804,0,0,0,0,0,759,1,16,nan
2270,179.75399999999999,0,0,0,0,0,1224,1,16,nan
2271,208.864,0,0,0,0,0,836,1,16,nan
2272,184.98500000000001,0,0,0,0,0,1116,1,16,nan
2273,191.096,0,0,0,0,0,1254,1,16,nan
2274,192.16499999999999,0,0,0,0,0,1170,1,16,nan
2275,164.86000000000001,0,0,0,0,0,917,1,16,nan
2276,174.53700000000001,0,0,0,0,0,981,1,16,nan
2277,196.13,0,0,0,0,0,1251,1,16,nan
2278,144.59,0,0,0,0,0,698,1,16,nan
2279,199.12700000000001,0,0,0,0,0,1267,1,16,nan
2280,178.31299999999999,0,0,0,0,0,1042,1,16,nan
2281,218.29400000000001,0,0,0,0,0,1109,1,16,nan
2282,163.67400000000001,0,0,0,0,0,722,1,16,nan
2283,221.84999999999999,0,0,0,0,0,1528,1,16,nan
2284,175.88900000000001,0,0,0,0,0,1079,1,16,nan
2285,191.97,0,0,0,0,0,1226,1,16,nan
2286,156.459,0,0,0,0,0,819,1,16,nan
2287,186.702,0,0,0,0,0,1173,1,16,nan
2288,185.30099999999999,0,0,0,0,0,873,1,16,nan
2289,216.024,0,0,0,0,0,1285,1,16,nan
2290,208.19800000000001,0,0,0,0,0,1144,1,16,nan
2291,217.911,0,0,0,0,0,1264,1,16,nan
2292,191.35900000000001,0,0,0,0,0,1165,1,16,nan
2293,178.089,0,0,0,0,0,1199,1,16,nan
2294,171.184,0,0,0,0,0,1061,1,16,nan
2295,175.42599999999999,0,0,0,0,0,1202,1,16,nan
2296,163.08099999999999,0,0,0,0,0,969,1,16,nan
2297,177.774,0,0,0,0,0,1157,1,16,nan
2298,213.06999999999999,0,0,0,0,0,1341,1,16,nan
2299,184.417,0,0,0,0,0,1122,1,16,nan
2300,191.05600000000001,0,0,0,0,0,1238,1,16,nan
2301,183.333,0,0,0,0,0,1138,1,16,nan
2302,187.161,0,0,0,0,0,1161,1,16,nan
2303,173.69300000000001,0,0,0,0,0,1039,1,16,nan
2304,132.184,0,0,0,0,0,476,1,16,nan
2305,192.23699999999999,0,0,0,0,0,1292,1,16,nan
2306,183.65700000000001,0,0,0,0,0,1194,1,16,nan
2307,155.47999999999999,0,0,0,0,0,812,1,16,nan
2308,141.87100000000001,0,0,0,0,0,603,1,16,nan
2309,162.53800000000001,0,0,0,0,0,871,1,16,nan
2310,166.55799999999999,0,0,0,0,0,940,1,16,nan
2311,177.40299999999999,0,0,0,0,0,939,1,16,nan
2312,183.483,0,0,0,0,0,1185,1,16,nan
2313,176.565,0,0,0,0,0,1037,1,16,nan
2314,155.69200000000001,0,0,0,0,0,752,1,16,nan
2315,258.93599999999998,0,0,0,0,0,1562,1,16,nan
2316,208.81,0,0,0,0,0,1239,1,16,nan
2317,204.446,0,0,0,0,0,1117,1,16,nan
2318,176.42599999999999,0,0,0,0,0,883,1,16,nan
2319,182.92599999999999,0,0,0,0,0,1114,1,16,nan
2320,187.82400000000001,0,0,0,0,0,1175,1,16,nan
2321,157.74299999999999,0,0,0,0,0,828,1,16,nan
2322,154.20500000000001,0,0,0,0,0,769,1,16,nan
2323,171.68000000000001,0,0,0,0,0,967,1,16,nan
2324,168.53100000000001,0,0,0,0,0,998,1,16,nan
2325,182.90199999999999,0,0,0,0,0,1023,1,16,nan
2326,176.80699999999999,0,0,0,0,0,1135,1,16,nan
2327,187.22499999999999,0,0,0,0,0,1200,1,16,nan
2328,187.911,0,0,0,0,0,1184,1,16,nan
2329,183.77000000000001,0,0,0,0,0,818,1,16,nan
2330,212.96199999999999,0,0,0,0,0,1078,1,16,nan
2331,194.11099999999999,0,0,0,0,0,992,1,16,nan
2332,226.15700000000001,0,0,0,0,0,1275,1,16,nan
2333,163.25299999999999,0,0,0,0,0,881,1,16,nan
2334,181.07300000000001,0,0,0,0,0,1073,1,16,nan
2335,193.39599999999999,0,0,0,0,0,1228,1,16,nan
2336,193.05000000000001,0,0,0,0,0,1252,1,16,nan
2337,188.46100000000001,0,0,0,0,0,1168,1,16,nan
2338,198.44399999999999,0,0,0,0,0,1047,1,16,nan
2339,166.46299999999999,0,0,0,0,0,986,1,16,nan
2340,165.14699999999999,0,0,0,0,0,994,1,16,nan
2341,180.18000000000001,0,0,0,0,0,1223,1,16,nan
2342,164.02699999999999,0,0,0,0,0,1006,1,16,nan
2343,166.27000000000001,0,0,0,0,0,961,1,16,nan
2344,140.702,0,0,0,0,0,690,1,16,nan
2345,153.934,0,0,0,0,0,896,1,16,nan
2346,165.184,0,0,0,0,0,1019,1,16,nan
2347,158.11699999999999,0,0,0,0,0,868,1,16,nan
2348,190.43899999999999,0,0,0,0,0,1297,1,16,nan
2349,168.02000000000001,0,0,0,0,0,897,1,16,nan
2350,212.904,0,0,0,0,0,1270,1,16,nan
2351,171.78399999999999,0,0,0,0,0,1060,1,16,nan
2352,186.14400000000001,0,0,0,0,0,1131,1,16,nan
2353,170.80500000000001,0,0,0,0,0,932,1,16,nan
2354,211.53999999999999,0,0,0,0,0,1415,1,16,nan
2355,201.84399999999999,0,0,0,0,0,1323,1,16,nan
2356,179.518,0,0,0,0,0,1050,1,16,nan
2357,169.739,0,0,0,0,0,1101,1,16,nan
2358,201.81700000000001,0,0,0,0,0,1397,1,16,nan
2359,214.387,0,0,0,0,0,1477,1,16,nan
2360,195.499,0,0,0,0,0,1347,1,16,nan
2361,183.04400000000001,0,0,0,0,0,1197,1,16,nan
2362,151.35400000000001,0,0,0,0,0,820,1,16,nan
2363,182.87700000000001,0,0,0,0,0,1221,1,16,nan
2364,172.011,0,0,0,0,0,1073,1,16,nan
2365,181.541,0,0,0,0,0,1175,1,16,nan
2366,203.37700000000001,0,0,0,0,0,1104,1,16,nan
2367,154.434,0,0,0,0,0,880,1,16,nan
2368,158.94,0,0,0,0,0,989,1,16,nan
2369,170.429,0,0,0,0,0,1171,1,16,nan
2370,173.99100000000001,0,0,0,0,0,1057,1,16,nan
2371,186.38200000000001,0,0,0,0,0,1267,1,16,nan
2372,183.24799999999999,0,0,0,0,0,1186,1,16,nan
2373,165.06200000000001,0,0,0,0,0,1104,1,16,nan
2374,182.82400000000001,0,0,0,0,0,1226,1,16,nan
2375,133.29400000000001,0,0,0,0,0,598,1,16,nan
2376,157.11600000000001,0,0,0,0,0,884,1,16,nan
2377,156.726,0,0,0,0,0,882,1,16,nan
2378,181.00999999999999,0,0,0,0,0,1215,1,16,nan
2379,160.65899999999999,0,0,0,0,0,1013,1,16,nan
2380,214.625,0,0,0,0,0,1568,1,16,nan
2381,139.00800000000001,0,0,0,0,0,613,1,16,nan
2382,177.36199999999999,0,0,0,0,0,1113,1,16,nan
2383,145.40199999999999,0,0,0,0,0,757,1,16,nan
2384,177.11799999999999,0,0,0,0,0,1120,1,16,nan
2385,152.37700000000001,0,0,0,0,0,892,1,16,nan
2386,172.054,0,0,0,0,0,1180,1,16,nan
2387,177.881,0,0,0,0,0,1107,1,16,nan
2388,170.13200000000001,0,0,0,0,0,1070,1,16,nan
2389,211.27199999999999,0,0,0,0,0,1357,1,16,nan
2390,179.00299999999999,0,0,0,0,0,1021,1,16,nan
2391,197.09999999999999,0,0,0,0,0,1355,1,16,nan
2392,145.82400000000001,0,0,0,0,0,682,1,16,nan
2393,201.27799999999999,0,0,0,0,0,1319,1,16,nan
2394,186.245,0,0,0,0,0,1200,1,16,nan
2395,141.108,0,0,0,0,0,661,1,16,nan
2396,180.459,0,0,0,0,0,1063,1,16,nan
2397,177.476,0,0,0,0,0,1110,1,16,nan
2398,169.92599999999999,0,0,0,0,0,1057,1,16,nan
2399,166.744,0,0,0,0,0,997,1,16,nan
2400,178.88300000000001,0,0,0,0,0,1187,1,16,nan
2401,218.916,0,0,0,0,0,1539,1,16,nan
2402,151.72900000000001,0,0,0,0,0,810,1,16,nan
2403,141.215,0,0,0,0,0,671,1,16,nan
2404,171.703,0,0,0,0,0,1075,1,16,nan
2405,176.28700000000001,0,0,0,0,0,1095,1,16,nan
2406,139.76400000000001,0,0,0,0,0,627,1,16,nan
2407,172.52099999999999,0,0,0,0,0,1077,1,16,nan
2408,132.839,0,0,0,0,0,617,1,16,nan
2409,170.995,0,0,0,0,0,1088,1,16,nan
2410,131.93700000000001,0,0,0,0,0,589,1,16,nan
2411,176.83199999999999,0,0,0,0,0,1151,1,16,nan
2412,198.28999999999999,0,0,0,0,0,1313,1,16,nan
2413,175.554,0,0,0,0,0,1156,1,16,nan
2414,182.80799999999999,0,0,0,0,0,1260,1,16,nan
2415,166.19300000000001,0,0,0,0,0,1042,1,16,nan
2416,173.506,0,0,0,0,0,1109,1,16,nan
2417,183.733,0,0,0,0,0,1215,1,16,nan
2418,149.89699999999999,0,0,0,0,0,798,1,16,nan
2419,170.363,0,0,0,0,0,1140,1,16,nan
2420,166.76900000000001,0,0,0,0,0,1066,1,16,nan
2421,124.19799999999999,0,0,0,0,0,461,1,16,nan
2422,181.828,0,0,0,0,0,1205,1,16,nan
2423,176.11000000000001,0,0,0,0,0,1120,1,16,nan
2424,181.84299999999999,0,0,0,0,0,1194,1,16,nan
2425,154.166,0,0,0,0,0,837,1,16,nan
2426,140.80199999999999,0,0,0,0,0,736,1,16,nan
2427,188.33099999999999,0,0,0,0,0,1297,1,16,nan
2428,130.17599999999999,0,0,0,0,0,569,1,16,nan
2429,177.50800000000001,0,0,0,0,0,1039,1,16,nan
2430,177.44800000000001,0,0,0,0,0,1121,1,16,nan
2431,182.62799999999999,0,0,0,0,0,1245,1,16,nan
2432,164.702,0,0,0,0,0,961,1,16,nan
2433,170.65899999999999,0,0,0,0,0,1123,1,16,nan
2434,167.59999999999999,0,0,0,0,0,935,1,16,nan
2435,189.47800000000001,0,0,0,0,0,1228,1,16,nan
2436,167.11600000000001,0,0,0,0,0,1030,1,16,nan
2437,201.40899999999999,0,0,0,0,0,1451,1,16,nan
2438,154.08600000000001,0,0,0,0,0,906,1,16,nan
2439,182.80699999999999,0,0,0,0,0,1219,1,16,nan
2440,180.262,0,0,0,0,0,1189,1,16,nan
2441,193.47,0,0,0,0,0,1029,1,16,nan
2442,201.82599999999999,0,0,0,0,0,1246,1,16,nan
2443,192.24600000000001,0,0,0,0,0,1104,1,16,nan
2444,198.47999999999999,0,0,0,0,0,1173,1,16,nan
2445,172.828,0,0,0,0,0,1028,1,16,nan
2446,179.01900000000001,0,0,0,0,0,1154,1,16,nan
2447,141.31200000000001,0,0,0,0,0,670,1,16,nan
2448,139.58000000000001,0,0,0,0,0,607,1,16,nan
2449,150.756,0,0,0,0,0,821,1,16,nan
2450,181.19499999999999,0,0,0,0,0,1197,1,16,nan
2451,188.447,0,0,0,0,0,879,1,16,nan
2452,154.26499999999999,0,0,0,0,0,831,1,16,nan
2453,167.36199999999999,0,0,0,0,0,1044,1,16,nan
2454,179.822,0,0,0,0,0,1232,1,16,nan
2455,175.59899999999999,0,0,0,0,0,1052,1,16,nan
2456,152.07900000000001,0,0,0,0,0,820,1,16,nan
2457,185.739,0,0,0,0,0,1203,1,16,nan
2458,145.25299999999999,0,0,0,0,0,812,1,16,nan
2459,159.887,0,0,0,0,0,990,1,16,nan
2460,166.64400000000001,0,0,0,0,0,947,1,16,nan
2461,146.01499999999999,0,0,0,0,0,789,1,16,nan
2462,194.089,0,0,0,0,0,1330,1,16,nan
2463,193.05699999999999,0,0,0,0,0,1283,1,16,nan
2464,149.12899999999999,0,0,0,0,0,789,1,16,nan
2465,166.75999999999999,0,0,0,0,0,1030,1,16,nan
2466,158.08799999999999,0,0,0,0,0,1027,1,16,nan
2467,170.94,0,0,0,0,0,1011,1,16,nan
2468,159.08500000000001,0,0,0,0,0,840,1,16,nan
2469,208.35499999999999,0,0,0,0,0,1254,1,16,nan
2470,230.63399999999999,0,0,0,0,0,1280,1,16,nan
2471,159.827,0,0,0,0,0,754,1,16,nan
2472,188.423,0,0,0,0,0,1025,1,16,nan
2473,195.328,0,0,0,0,0,1104,1,16,nan
2474,156.41499999999999,0,0,0,0,0,764,1,16,nan
2475,179.37700000000001,0,0,0,0,0,1090,1,16,nan
2476,161.90299999999999,0,0,0,0,0,1004,1,16,nan
2477,181.25399999999999,0,0,0,0,0,1201,1,16,nan
2478,186.572,0,0,0,0,0,1277,1,16,nan
2479,155.34100000000001,0,0,0,0,0,900,1,16,nan
2480,180.44800000000001,0,0,0,0,0,1136,1,16,nan
2481,174.46799999999999,0,0,0,0,0,1115,1,16,nan
2482,169.36600000000001,0,0,0,0,0,1018,1,16,nan
2483,172.291,0,0,0,0,0,1073,1,16,nan
2484,195.084,0,0,0,0,0,1314,1,16,nan
2485,132.94900000000001,0,0,0,0,0,568,1,16,nan
2486,179.203,0,0,0,0,0,1163,1,16,nan
2487,169.23099999999999,0,0,0,0,0,1112,1,16,nan
2488,177.47900000000001,0,0,0,0,0,1128,1,16,nan
2489,173.154,0,0,0,0,0,1133,1,16,nan
2490,159.989,0,0,0,0,0,938,1,16,nan
2491,116.254,0,0,0,0,0,416,1,16,nan
2492,167.41499999999999,0,0,0,0,0,1014,1,16,nan
2493,171.191,0,0,0,0,0,1020,1,16,nan
2494,173.58600000000001,0,0,0,0,0,1104,1,16,nan
2495,146.12899999999999,0,0,0,0,0,757,1,16,nan
2496,164.22200000000001,0,0,0,0,0,973,1,16,nan
2497,166.52000000000001,0,0,0,0,0,1006,1,16,nan
2498,182.215,0,0,0,0,0,1147,1,16,nan
2499,186.55000000000001,0,0,0,0,0,1230,1,16,nan
2500,177.69,0,0,0,0,0,1179,1,16,nan
2501,166.94999999999999,0,0,0,0,0,1020,1,16,nan
2502,161.90100000000001,0,0,0,0,0,1007,1,16,nan
2503,179.41300000000001,0,0,0,0,0,1137,1,16,nan
2504,167.51900000000001,0,0,0,0,0,954,1,16,nan
2505,184.58199999999999,0,0,0,0,0,1229,1,16,nan
2506,170.13499999999999,0,0,0,0,0,1085,1,16,nan
2507,181.446,0,0,0,0,0,1198,1,16,nan
2508,182.636,0,0,0,0,0,1249,1,16,nan
2509,165.00399999999999,0,0,0,0,0,985,1,16,nan
2510,182.94200000000001,0,0,0,0,0,1214,1,16,nan
2511,184.69800000000001,0,0,0,0,0,1246,1,16,nan
2512,172.55099999999999,0,0,0,0,0,1158,1,16,nan
2513,167.529,0,0,0,0,0,1036,1,16,nan
2514,167.494,0,0,0,0,0,998,1,16,nan
2515,181.14099999999999,0,0,0,0,0,1172,1,16,nan
2516,117.501,0,0,0,0,0,404,1,16,nan
2517,155.34,0,0,0,0,0,873,1,16,nan
2518,175.048,0,0,0,0,0,1094,1,16,nan
2519,177.44800000000001,0,0,0,0,0,1135,1,16,nan
2520,186.66399999999999,0,0,0,0,0,1286,1,16,nan
2521,168.892,0,0,0,0,0,1014,1,16,nan
2522,183.048,0,0,0,0,0,1006,1,16,nan
2523,165.00899999999999,0,0,0,0,0,930,1,16,nan
2524,181.68899999999999,0,0,0,0,0,845,1,16,nan
2525,138.63499999999999,0,0,0,0,0,569,1,16,nan
2526,197.608,0,0,0,0,0,1311,1,16,nan
2527,176.68799999999999,0,0,0,0,0,1097,1,16,nan
2528,187.971,0,0,0,0,0,1107,1,16,nan
2529,187.11500000000001,0,0,0,0,0,1173,1,16,nan
2530,190.27099999999999,0,0,0,0,0,1178,1,16,nan
2531,176.22399999999999,0,0,0,0,0,959,1,16,nan
2532,189.90899999999999,0,0,0,0,0,1072,1,16,nan
2533,142.35599999999999,0,0,0,0,0,649,1,16,nan
2534,169.41,0,0,0,0,0,1098,1,16,nan
2535,179.08699999999999,0,0,0,0,0,788,1,16,nan
2536,142.90000000000001,0,0,0,0,0,720,1,16,nan
2537,212.15600000000001,0,0,0,0,0,1345,1,16,nan
2538,164.535,0,0,0,0,0,921,1,16,nan
2539,196.42400000000001,0,0,0,0,0,1200,1,16,nan
2540,193.518,0,0,0,0,0,1250,1,16,nan
2541,166.33600000000001,0,0,0,0,0,824,1,16,nan
2542,177.77600000000001,0,0,0,0,0,1061,1,16,nan
2543,174.69,0,0,0,0,0,1062,1,16,nan
2544,199.15700000000001,0,0,0,0,0,1212,1,16,nan
2545,186.11199999999999,0,0,0,0,0,1199,1,16,nan
2546,178.36699999999999,0,0,0,0,0,1170,1,16,nan
2547,178.02600000000001,0,0,0,0,0,1122,1,16,nan
2548,183.55099999999999,0,0,0,0,0,1169,1,16,nan
2549,150.93100000000001,0,0,0,0,0,799,1,16,nan
2550,172.047,0,0,0,0,0,1101,1,16,nan
2551,165.19999999999999,0,0,0,0,0,962,1,16,nan
2552,163.363,0,0,0,0,0,963,1,16,nan
2553,187.703,0,0,0,0,0,1257,1,16,nan
2554,132.261,0,0,0,0,0,657,1,16,nan
2555,192.61699999999999,0,0,0,0,0,1229,1,16,nan
2556,186.49799999999999,0,0,0,0,0,1214,1,16,nan
2557,159.38300000000001,0,0,0,0,0,921,1,16,nan
2558,178.511,0,0,0,0,0,1183,1,16,nan
2559,209.34100000000001,0,0,0,0,0,1475,1,16,nan
2560,137.06200000000001,0,0,0,0,0,613,1,16,nan
2561,202.02500000000001,0,0,0,0,0,1359,1,16,nan
2562,142.29499999999999,0,0,0,0,0,706,1,16,nan
2563,172.619,0,0,0,0,0,1047,1,16,nan
2564,168.524,0,0,0,0,0,1081,1,16,nan
2565,167.41999999999999,0,0,0,0,0,975,1,16,nan
2566,155.65100000000001,0,0,0,0,0,883,1,16,nan
2567,182.066,0,0,0,0,0,1152,1,16,nan
2568,160.83000000000001,0,0,0,0,0,921,1,16,nan
2569,159.404,0,0,0,0,0,889,1,16,nan
2570,182.25800000000001,0,0,0,0,0,1210,1,16,nan
2571,174.184,0,0,0,0,0,1129,1,16,nan
2572,170.43799999999999,0,0,0,0,0,1080,1,16,nan
2573,153.67099999999999,0,0,0,0,0,769,1,16,nan
2574,161.31800000000001,0,0,0,0,0,1010,1,16,nan
2575,157.54499999999999,0,0,0,0,0,861,1,16,nan
2576,175,0,0,0,0,0,1114,1,16,nan
2577,142.52000000000001,0,0,0,0,0,689,1,16,nan
2578,124.238,0,0,0,0,0,523,1,16,nan
2579,194.63499999999999,0,0,0,0,0,1310,1,16,nan
2580,148.30500000000001,0,0,0,0,0,766,1,16,nan
2581,159.28800000000001,0,0,0,0,0,826,1,16,nan
2582,173.958,0,0,0,0,0,1126,1,16,nan
2583,169.49299999999999,0,0,0,0,0,985,1,16,nan
2584,177.465,0,0,0,0,0,1142,1,16,nan
2585,171.65000000000001,0,0,0,0,0,970,1,16,nan
2586,191.19300000000001,0,0,0,0,0,1106,1,16,nan
2587,173.82300000000001,0,0,0,0,0,1010,1,16,nan
2588,180.99600000000001,0,0,0,0,0,1087,1,16,nan
2589,176.506,0,0,0,0,0,1057,1,16,nan
2590,159.90799999999999,0,0,0,0,0,737,1,16,nan
2591,187.09,0,0,0,0,0,1066,1,16,nan
2592,190.15600000000001,0,0,0,0,0,1114,1,16,nan
2593,156.68299999999999,0,0,0,0,0,907,1,16,nan
2594,183.56299999999999,0,0,0,0,0,1220,1,16,nan
2595,150.09999999999999,0,0,0,0,0,814,1,16,nan
2596,134.762,0,0,0,0,0,645,1,16,nan
2597,171.78299999999999,0,0,0,0,0,955,1,16,nan
2598,173.96299999999999,0,0,0,0,0,957,1,16,nan
2599,173.995,0,0,0,0,0,1075,1,16,nan
2600,195.273,0,0,0,0,0,1345,1,16,nan
2601,143.751,0,0,0,0,0,751,1,16,nan
2602,178.34200000000001,0,0,0,0,0,1086,1,16,nan
2603,166.87799999999999,0,0,0,0,0,1064,1,16,nan
2604,147.839,0,0,0,0,0,826,1,16,nan
2605,172.09700000000001,0,0,0,0,0,1111,1,16,nan
2606,163.05099999999999,0,0,0,0,0,955,1,16,nan
2607,190.78899999999999,0,0,0,0,0,1313,1,16,nan
2608,173.96700000000001,0,0,0,0,0,1161,1,16,nan
2609,174.821,0,0,0,0,0,1115,1,16,nan
2610,176.18899999999999,0,0,0,0,0,1017,1,16,nan
2611,174.58699999999999,0,0,0,0,0,1155,1,16,nan
2612,178.96199999999999,0,0,0,0,0,1175,1,16,nan
2613,165.221,0,0,0,0,0,1136,1,16,nan
2614,166.46000000000001,0,0,0,0,0,1001,1,16,nan
2615,180.434,0,0,0,0,0,1041,1,16,nan
2616,155.405,0,0,0,0,0,817,1,16,nan
2617,184.495,0,0,0,0,0,1235,1,16,nan
2618,184.71299999999999,0,0,0,0,0,1274,1,16,nan
2619,154.75700000000001,0,0,0,0,0,956,1,16,nan
2620,192.81899999999999,0,0,0,0,0,1004,1,16,nan
2621,180.31299999999999,0,0,0,0,0,1217,1,16,nan
2622,168.863,0,0,0,0,0,1150,1,16,nan
2623,124.712,0,0,0,0,0,515,1,16,nan
2624,132.49700000000001,0,0,0,0,0,626,1,16,nan
2625,152.69800000000001,0,0,0,0,0,916,1,16,nan
2626,191.01300000000001,0,0,0,0,0,1301,1,16,nan
2627,162.709,0,0,0,0,0,916,1,16,nan
2628,188.018,0,0,0,0,0,1185,1,16,nan
2629,126.78100000000001,0,0,0,0,0,512,1,16,nan
2630,147.44200000000001,0,0,0,0,0,785,1,16,nan
2631,170.542,0,0,0,0,0,1071,1,16,nan
2632,184.47,0,0,0,0,0,1211,1,16,nan
2633,160.27500000000001,0,0,0,0,0,937,1,16,nan
2634,183.791,0,0,0,0,0,1206,1,16,nan
2635,161.255,0,0,0,0,0,1029,1,16,nan
2636,182.19900000000001,0,0,0,0,0,1271,1,16,nan
2637,187.31100000000001,0,0,0,0,0,1170,1,16,nan
2638,192.74000000000001,0,0,0,0,0,1351,1,16,nan
2639,148.15299999999999,0,0,0,0,0,746,1,16,nan
2640,199.773,0,0,0,0,0,1302,1,16,nan
2641,173.095,0,0,0,0,0,1097,1,16,nan
2642,185.03299999999999,0,0,0,0,0,1249,1,16,nan
2643,170.88300000000001,0,0,0,0,0,1102,1,16,nan
2644,199.434,0,0,0,0,0,1387,1,16,nan
2645,173.98500000000001,0,0,0,0,0,1118,1,16,nan
2646,175.352,0,0,0,0,0,1176,1,16,nan
2647,164.41,0,0,0,0,0,1025,1,16,nan
2648,170.12200000000001,0,0,0,0,0,1010,1,16,nan
2649,136.71600000000001,0,0,0,0,0,666,1,16,nan
2650,201.47399999999999,0,0,0,0,0,1396,1,16,nan
2651,129.44,0,0,0,0,0,563,1,16,nan
2652,181.642,0,0,0,0,0,1011,1,16,nan
2653,177.86199999999999,0,0,0,0,0,1035,1,16,nan
2654,129.20500000000001,0,0,0,0,0,559,1,16,nan
2655,187.387,0,0,0,0,0,1193,1,16,nan
2656,192.71199999999999,0,0,0,0,0,1262,1,16,nan
2657,193.21000000000001,0,0,0,0,0,1220,1,16,nan
2658,134.60599999999999,0,0,0,0,0,546,1,16,nan
2659,128.03100000000001,0,0,0,0,0,536,1,16,nan
2660,153.863,0,0,0,0,0,789,1,16,nan
2661,182.649,0,0,0,0,0,1136,1,16,nan
2662,117.004,0,0,0,0,0,410,1,16,nan
2663,183.251,0,0,0,0,0,1235,1,16,nan
2664,125.039,0,0,0,0,0,519,1,16,nan
2665,114.393,0,0,0,0,0,449,1,16,nan
2666,164.71899999999999,0,0,0,0,0,1006,1,16,nan
2667,173.82300000000001,0,0,0,0,0,1167,1,16,nan
2668,170.84100000000001,0,0,0,0,0,1113,1,16,nan
2669,152.69499999999999,0,0,0,0,0,830,1,16,nan
2670,182.01499999999999,0,0,0,0,0,1172,1,16,nan
2671,172.21199999999999,0,0,0,0,0,1098,1,16,nan
2672,183.34100000000001,0,0,0,0,0,1265,1,16,nan
2673,162.804,0,0,0,0,0,984,1,16,nan
2674,154.988,0,0,0,0,0,928,1,16,nan
2675,168.786,0,0,0,0,0,1054,1,16,nan
2676,150.12899999999999,0,0,0,0,0,780,1,16,nan
2677,166.46299999999999,0,0,0,0,0,1006,1,16,nan
2678,166.40000000000001,0,0,0,0,0,993,1,16,nan
2679,185.23400000000001,0,0,0,0,0,1235,1,16,nan
2680,158.81700000000001,0,0,0,0,0,952,1,16,nan
2681,198.36099999999999,0,0,0,0,0,1362,1,16,nan
2682,174.07900000000001,0,0,0,0,0,1116,1,16,nan
2683,179.417,0,0,0,0,0,1158,1,16,nan
2684,184.47999999999999,0,0,0,0,0,1213,1,16,nan
2685,152.756,0,0,0,0,0,817,1,16,nan
2686,214.446,0,0,0,0,0,1491,1,16,nan
2687,103.345,0,0,0,0,0,367,1,16,nan
2688,179.23599999999999,0,0,0,0,0,1163,1,16,nan
2689,137.54300000000001,0,0,0,0,0,656,1,16,nan
2690,133.22300000000001,0,0,0,0,0,641,1,16,nan
2691,128.375,0,0,0,0,0,538,1,16,nan
2692,165.38,0,0,0,0,0,964,1,16,nan
2693,163.697,0,0,0,0,0,936,1,16,nan
2694,150.291,0,0,0,0,0,810,1,16,nan
2695,170.27500000000001,0,0,0,0,0,979,1,16,nan
2696,190.86799999999999,0,0,0,0,0,1260,1,16,nan
2697,187.28399999999999,0,0,0,0,0,1214,1,16,nan
2698,186.53800000000001,0,0,0,0,0,1225,1,16,nan
2699,177.70599999999999,0,0,0,0,0,1159,1,16,nan
2700,177.88,0,0,0,0,0,1170,1,16,nan
2701,168.14400000000001,0,0,0,0,0,1094,1,16,nan
2702,164.054,0,0,0,0,0,1072,1,16,nan
2703,173.20400000000001,0,0,0,0,0,1087,1,16,nan
2704,161.846,0,0,0,0,0,997,1,16,nan
2705,203.26599999999999,0,0,0,0,0,1116,1,16,nan
2706,165.678,0,0,0,0,0,868,1,16,nan
2707,153.78800000000001,0,0,0,0,0,844,1,16,nan
2708,142.101,0,0,0,0,0,653,1,16,nan
2709,131.982,0,0,0,0,0,531,1,16,nan
2710,174.661,0,0,0,0,0,1054,1,16,nan
2711,179.29900000000001,0,0,0,0,0,1119,1,16,nan
2712,171.399,0,0,0,0,0,1033,1,16,nan
2713,151.511,0,0,0,0,0,811,1,16,nan
2714,188.79400000000001,0,0,0,0,0,1228,1,16,nan
2715,177.24600000000001,0,0,0,0,0,1177,1,16,nan
2716,190.989,0,0,0,0,0,947,1,16,nan
2717,200.78399999999999,0,0,0,0,0,1125,1,16,nan
2718,186.41999999999999,0,0,0,0,0,1012,1,16,nan
2719,206.589,0,0,0,0,0,821,1,16,nan
2720,214.35900000000001,0,0,0,0,0,1236,1,16,nan
2721,170.58199999999999,0,0,0,0,0,967,1,16,nan
2722,194.93199999999999,0,0,0,0,0,1240,1,16,nan
2723,178.41300000000001,0,0,0,0,0,1163,1,16,nan
2724,188.08000000000001,0,0,0,0,0,1241,1,16,nan
2725,187.72,0,0,0,0,0,1176,1,16,nan
2726,203.97999999999999,0,0,0,0,0,1317,1,16,nan
2727,156.62100000000001,0,0,0,0,0,761,1,16,nan
2728,161.179,0,0,0,0,0,763,1,16,nan
2729,182.59700000000001,0,0,0,0,0,1039,1,16,nan
2730,184.952,0,0,0,0,0,1199,1,16,nan
2731,130.422,0,0,0,0,0,595,1,16,nan
2732,145.72499999999999,0,0,0,0,0,715,1,16,nan
2733,173.72300000000001,0,0,0,0,0,1019,1,16,nan
2734,173.596,0,0,0,0,0,1098,1,16,nan
2735,155.62700000000001,0,0,0,0,0,905,1,16,nan
2736,182.84999999999999,0,0,0,0,0,1167,1,16,nan
2737,167.196,0,0,0,0,0,980,1,16,nan
2738,203.304,0,0,0,0,0,1285,1,16,nan
2739,192.46700000000001,0,0,0,0,0,1038,1,16,nan
2740,172.655,0,0,0,0,0,1017,1,16,nan
2741,170.852,0,0,0,0,0,981,1,16,nan
2742,193.82599999999999,0,0,0,0,0,1200,1,16,nan
2743,163.66800000000001,0,0,0,0,0,942,1,16,nan
2744,167.87899999999999,0,0,0,0,0,1039,1,16,nan
2745,184.38900000000001,0,0,0,0,0,1145,1,16,nan
2746,196.136,0,0,0,0,0,1199,1,16,nan
2747,126.188,0,0,0,0,0,503,1,16,nan
2748,119.22799999999999,0,0,0,0,0,427,1,16,nan
2749,150.173,0,0,0,0,0,801,1,16,nan
2750,171.00399999999999,0,0,0,0,0,1038,1,16,nan
2751,202.309,0,0,0,0,0,1345,1,16,nan
2752,201.24600000000001,0,0,0,0,0,1357,1,16,nan
2753,159.738,0,0,0,0,0,726,1,16,nan
2754,190.65000000000001,0,0,0,0,0,1133,1,16,nan
2755,213.482,0,0,0,0,0,1338,1,16,nan
2756,189.12799999999999,0,0,0,0,0,948,1,16,nan
2757,161.226,0,0,0,0,0,880,1,16,nan
2758,184.51300000000001,0,0,0,0,0,1161,1,16,nan
2759,165.62899999999999,0,0,0,0,0,1027,1,16,nan
2760,174.74700000000001,0,0,0,0,0,1109,1,16,nan
2761,178.23699999999999,0,0,0,0,0,1086,1,16,nan
2762,177.976,0,0,0,0,0,1098,1,16,nan
2763,156.25899999999999,0,0,0,0,0,909,1,16,nan
2764,182.75299999999999,0,0,0,0,0,1253,1,16,nan
2765,150.33699999999999,0,0,0,0,0,918,1,16,nan
2766,234.95400000000001,0,0,0,0,0,1661,1,16,nan
2767,204.60499999999999,0,0,0,0,0,1155,1,16,nan
2768,173.792,0,0,0,0,0,1006,1,16,nan
2769,179.041,0,0,0,0,0,1136,1,16,nan
2770,184.02600000000001,0,0,0,0,0,1174,1,16,nan
2771,118.005,0,0,0,0,0,403,1,16,nan
2772,157.99000000000001,0,0,0,0,0,799,1,16,nan
2773,136.18000000000001,0,0,0,0,0,577,1,16,nan
2774,188.87,0,0,0,0,0,1028,1,16,nan
2775,171.268,0,0,0,0,0,1101,1,16,nan
2776,189.46000000000001,0,0,0,0,0,1308,1,16,nan
2777,186.554,0,0,0,0,0,1216,1,16,nan
2778,167.37100000000001,0,0,0,0,0,1080,1,16,nan
2779,217.821,0,0,0,0,0,1324,1,16,nan
2780,199.245,0,0,0,0,0,1206,1,16,nan
2781,194.26900000000001,0,0,0,0,0,1353,1,16,nan
2782,151.86099999999999,0,0,0,0,0,907,1,16,nan
2783,173.786,0,0,0,0,0,1153,1,16,nan
2784,198.43700000000001,0,0,0,0,0,1165,1,16,nan
2785,196.19200000000001,0,0,0,0,0,1270,1,16,nan
2786,179.54499999999999,0,0,0,0,0,1007,1,16,nan
2787,156.88,0,0,0,0,0,915,1,16,nan
2788,156.43700000000001,0,0,0,0,0,801,1,16,nan
2789,204.64599999999999,0,0,0,0,0,1088,1,16,nan
2790,173.61099999999999,0,0,0,0,0,1090,1,16,nan
2791,202.88900000000001,0,0,0,0,0,1391,1,16,nan
2792,177.815,0,0,0,0,0,1225,1,16,nan
2793,166.482,0,0,0,0,0,1051,1,16,nan
2794,172.69800000000001,0,0,0,0,0,1075,1,16,nan
2795,145.92400000000001,0,0,0,0,0,721,1,16,nan
2796,176.125,0,0,0,0,0,1212,1,16,nan
2797,214.91900000000001,0,0,0,0,0,1533,1,16,nan
2798,174.798,0,0,0,0,0,1102,1,16,nan
2799,209.34100000000001,0,0,0,0,0,1129,1,16,nan
2800,207.37299999999999,0,0,0,0,0,1197,1,16,nan
2801,187.416,0,0,0,0,0,1131,1,16,nan
2802,188.87,0,0,0,0,0,1057,1,16,nan
2803,167.28200000000001,0,0,0,0,0,922,1,16,nan
2804,130.28800000000001,0,0,0,0,0,545,1,16,nan
2805,194,0,0,0,0,0,1305,1,16,nan
2806,157.55000000000001,0,0,0,0,0,854,1,16,nan
2807,188.64099999999999,0,0,0,0,0,1276,1,16,nan
2808,185.619,0,0,0,0,0,1250,1,16,nan
2809,171.542,0,0,0,0,0,1105,1,16,nan
2810,161.227,0,0,0,0,0,869,1,16,nan
2811,205.73099999999999,0,0,0,0,0,1440,1,16,nan
2812,135.81800000000001,0,0,0,0,0,596,1,16,nan
2813,163.12700000000001,0,0,0,0,0,889,1,16,nan
2814,158.15799999999999,0,0,0,0,0,897,1,16,nan
2815,175.90100000000001,0,0,0,0,0,1111,1,16,nan
2816,155.249,0,0,0,0,0,755,1,16,nan
2817,155.863,0,0,0,0,0,892,1,16,nan
2818,157.55099999999999,0,0,0,0,0,805,1,16,nan
2819,178.85900000000001,0,0,0,0,0,1186,1,16,nan
2820,172.71000000000001,0,0,0,0,0,1141,1,16,nan
2821,171.09800000000001,0,0,0,0,0,1149,1,16,nan
2822,164.441,0,0,0,0,0,1033,1,16,nan
2823,164.84,0,0,0,0,0,964,1,16,nan
2824,178.22900000000001,0,0,0,0,0,1161,1,16,nan
2825,166.62899999999999,0,0,0,0,0,1007,1,16,nan
2826,146.34200000000001,0,0,0,0,0,741,1,16,nan
2827,165.44900000000001,0,0,0,0,0,851,1,16,nan
2828,154.197,0,0,0,0,0,871,1,16,nan
2829,161.125,0,0,0,0,0,887,1,16,nan
2830,185.149,0,0,0,0,0,1135,1,16,nan
2831,175.12200000000001,0,0,0,0,0,1116,1,16,nan
2832,180.935,0,0,0,0,0,1175,1,16,nan
2833,174.626,0,0,0,0,0,1152,1,16,nan
2834,174.542,0,0,0,0,0,1110,1,16,nan
2835,166.44900000000001,0,0,0,0,0,1060,1,16,nan
2836,188.02199999999999,0,0,0,0,0,1314,1,16,nan
2837,106.85899999999999,0,0,0,0,0,283,1,16,nan
2838,145.85300000000001,0,0,0,0,0,771,1,16,nan
2839,172.256,0,0,0,0,0,1100,1,16,nan
2840,173.964,0,0,0,0,0,1216,1,16,nan
2841,171.15199999999999,0,0,0,0,0,1142,1,16,nan
2842,173.85400000000001,0,0,0,0,0,1040,1,16,nan
2843,175.589,0,0,0,0,0,1063,1,16,nan
2844,162.25399999999999,0,0,0,0,0,990,1,16,nan
2845,144.83199999999999,0,0,0,0,0,771,1,16,nan
2846,125.29300000000001,0,0,0,0,0,472,1,16,nan
2847,132.80099999999999,0,0,0,0,0,598,1,16,nan
2848,191.76300000000001,0,0,0,0,0,1363,1,16,nan
2849,166.17599999999999,0,0,0,0,0,1003,1,16,nan
2850,148.23699999999999,0,0,0,0,0,735,1,16,nan
2851,178.42099999999999,0,0,0,0,0,1188,1,16,nan
2852,175.797,0,0,0,0,0,906,1,16,nan
2853,170.60900000000001,0,0,0,0,0,1051,1,16,nan
2854,127.051,0,0,0,0,0,529,1,16,nan
2855,171.05600000000001,0,0,0,0,0,1019,1,16,nan
2856,167.60900000000001,0,0,0,0,0,1074,1,16,nan
2857,186.63800000000001,0,0,0,0,0,1249,1,16,nan
2858,171.03700000000001,0,0,0,0,0,1005,1,16,nan
2859,142.60599999999999,0,0,0,0,0,633,1,16,nan
2860,186.38,0,0,0,0,0,1260,1,16,nan
2861,131.46600000000001,0,0,0,0,0,561,1,16,nan
2862,213.76300000000001,0,0,0,0,0,1564,1,16,nan
2863,175.99799999999999,0,0,0,0,0,1155,1,16,nan
2864,172.43199999999999,0,0,0,0,0,1096,1,16,nan
2865,157.166,0,0,0,0,0,967,1,16,nan
2866,167.97499999999999,0,0,0,0,0,916,1,16,nan
2867,162.595,0,0,0,0,0,928,1,16,nan
2868,170.452,0,0,0,0,0,1040,1,16,nan
2869,187.65600000000001,0,0,0,0,0,1257,1,16,nan
2870,184.81100000000001,0,0,0,0,0,1158,1,16,nan
2871,133.97399999999999,0,0,0,0,0,636,1,16,nan
2872,181.33000000000001,0,0,0,0,0,1104,1,16,nan
2873,180.815,0,0,0,0,0,1191,1,16,nan
2874,188.428,0,0,0,0,0,967,1,16,nan
2875,217.30099999999999,0,0,0,0,0,1452,1,16,nan
2876,208.179,0,0,0,0,0,1240,1,16,nan
2877,189.50399999999999,0,0,0,0,0,1022,1,16,nan
2878,178.66,0,0,0,0,0,913,1,16,nan
2879,194.35300000000001,0,0,0,0,0,1101,1,16,nan
2880,166.48099999999999,0,0,0,0,0,945,1,16,nan
2881,181.262,0,0,0,0,0,1217,1,16,nan
2882,139.21299999999999,0,0,0,0,0,655,1,16,nan
2883,154.392,0,0,0,0,0,771,1,16,nan
2884,197.22900000000001,0,0,0,0,0,1356,1,16,nan
2885,131.05199999999999,0,0,0,0,0,522,1,16,nan
2886,187.13,0,0,0,0,0,1225,1,16,nan
2887,159.911,0,0,0,0,0,931,1,16,nan
2888,174.726,0,0,0,0,0,1100,1,16,nan
2889,154.08099999999999,0,0,0,0,0,845,1,16,nan
2890,173.94800000000001,0,0,0,0,0,1097,1,16,nan
2891,132.31999999999999,0,0,0,0,0,688,1,16,nan
2892,159.43000000000001,0,0,0,0,0,906,1,16,nan
2893,167.85900000000001,0,0,0,0,0,972,1,16,nan
2894,158.92699999999999,0,0,0,0,0,923,1,16,nan
2895,187.542,0,0,0,0,0,1252,1,16,nan
2896,150.184,0,0,0,0,0,829,1,16,nan
2897,164.28800000000001,0,0,0,0,0,708,1,16,nan
2898,197.124,0,0,0,0,0,1140,1,16,nan
2899,199.333,0,0,0,0,0,1164,1,16,nan
2900,192.16499999999999,0,0,0,0,0,950,1,16,nan
2901,194.87,0,0,0,0,0,1127,1,16,nan
2902,138.95099999999999,0,0,0,0,0,697,1,16,nan
2903,158.29400000000001,0,0,0,0,0,958,1,16,nan
2904,185.97800000000001,0,0,0,0,0,1223,1,16,nan
2905,179.11500000000001,0,0,0,0,0,1136,1,16,nan
2906,164.25700000000001,0,0,0,0,0,1030,1,16,nan
2907,144.691,0,0,0,0,0,714,1,16,nan
2908,147.91300000000001,0,0,0,0,0,754,1,16,nan
2909,154.761,0,0,0,0,0,872,1,16,nan
2910,126.866,0,0,0,0,0,521,1,16,nan
2911,177.46000000000001,0,0,0,0,0,1155,1,16,nan
2912,217.81200000000001,0,0,0,0,0,1327,1,16,nan
2913,205.321,0,0,0,0,0,1188,1,16,nan
2914,157.44999999999999,0,0,0,0,0,756,1,16,nan
2915,192.39699999999999,0,0,0,0,0,1021,1,16,nan
2916,178.22399999999999,0,0,0,0,0,831,1,16,nan
2917,204.011,0,0,0,0,0,1173,1,16,nan
2918,210.417,0,0,0,0,0,1088,1,16,nan
2919,154.809,0,0,0,0,0,608,1,16,nan
2920,166.358,0,0,0,0,0,757,1,16,nan
2921,165.98400000000001,0,0,0,0,0,796,1,16,nan
2922,171.03899999999999,0,0,0,0,0,1039,1,16,nan
2923,176.126,0,0,0,0,0,1091,1,16,nan
2924,184.22999999999999,0,0,0,0,0,1244,1,16,nan
2925,198.78299999999999,0,0,0,0,0,1374,1,16,nan
2926,178.93799999999999,0,0,0,0,0,1214,1,16,nan
2927,205.59399999999999,0,0,0,0,0,1456,1,16,nan
2928,176.81899999999999,0,0,0,0,0,1201,1,16,nan
2929,130.91800000000001,0,0,0,0,0,563,1,16,nan
2930,176.61600000000001,0,0,0,0,0,1097,1,16,nan
2931,160.54599999999999,0,0,0,0,0,978,1,16,nan
2932,165.15299999999999,0,0,0,0,0,979,1,16,nan
2933,165.40600000000001,0,0,0,0,0,1024,1,16,nan
2934,174.26300000000001,0,0,0,0,0,1116,1,16,nan
2935,162.43100000000001,0,0,0,0,0,940,1,16,nan
2936,135.59,0,0,0,0,0,553,1,16,nan
2937,167.83099999999999,0,0,0,0,0,972,1,16,nan
2938,125.467,0,0,0,0,0,499,1,16,nan
2939,174.726,0,0,0,0,0,1153,1,16,nan
2940,173.614,0,0,0,0,0,1084,1,16,nan
2941,176.89599999999999,0,0,0,0,0,1153,1,16,nan
2942,187.54400000000001,0,0,0,0,0,1236,1,16,nan
2943,150.87200000000001,0,0,0,0,0,775,1,16,nan
2944,182.31999999999999,0,0,0,0,0,1163,1,16,nan
2945,178.821,0,0,0,0,0,1144,1,16,nan
2946,167.196,0,0,0,0,0,1005,1,16,nan
2947,140.06399999999999,0,0,0,0,0,665,1,16,nan
2948,191.541,0,0,0,0,0,1250,1,16,nan
2949,194.69800000000001,0,0,0,0,0,1303,1,16,nan
2950,189.584,0,0,0,0,0,1265,1,16,nan
2951,155.46799999999999,0,0,0,0,0,870,1,16,nan
2952,148.702,0,0,0,0,0,803,1,16,nan
2953,203.25,0,0,0,0,0,1423,1,16,nan
2954,154.39699999999999,0,0,0,0,0,882,1,16,nan
2955,166.363,0,0,0,0,0,904,1,16,nan
2956,176.524,0,0,0,0,0,1236,1,16,nan
2957,133.44300000000001,0,0,0,0,0,631,1,16,nan
2958,176.506,0,0,0,0,0,1142,1,16,nan
2959,203.899,0,0,0,0,0,1135,1,16,nan
2960,180.249,0,0,0,0,0,1194,1,16,nan
2961,198.10300000000001,0,0,0,0,0,1401,1,16,nan
2962,190.20500000000001,0,0,0,0,0,1263,1,16,nan
2963,210.22399999999999,0,0,0,0,0,1435,1,16,nan
2964,191.78399999999999,0,0,0,0,0,1279,1,16,nan
2965,169.35499999999999,0,0,0,0,0,914,1,16,nan
2966,175.27699999999999,0,0,0,0,0,1043,1,16,nan
2967,176.601,0,0,0,0,0,1136,1,16,nan
2968,168.953,0,0,0,0,0,1063,1,16,nan
2969,179.18799999999999,0,0,0,0,0,1226,1,16,nan
2970,205.417,0,0,0,0,0,1143,1,16,nan
2971,221.922,0,0,0,0,0,1251,1,16,nan
2972,205.93100000000001,0,0,0,0,0,1155,1,16,nan
2973,143.547,0,0,0,0,0,503,1,16,nan
2974,168.774,0,0,0,0,0,988,1,16,nan
2975,160.434,0,0,0,0,0,719,1,16,nan
2976,177.42400000000001,0,0,0,0,0,1036,1,16,nan
2977,161.11799999999999,0,0,0,0,0,854,1,16,nan
2978,193.572,0,0,0,0,0,1226,1,16,nan
2979,119.06399999999999,0,0,0,0,0,461,1,16,nan
2980,187.708,0,0,0,0,0,1227,1,16,nan
2981,176.58099999999999,0,0,0,0,0,1174,1,16,nan
2982,173.624,0,0,0,0,0,1117,1,16,nan
2983,173.78299999999999,0,0,0,0,0,1090,1,16,nan
2984,120.071,0,0,0,0,0,472,1,16,nan
2985,167.499,0,0,0,0,0,1006,1,16,nan
2986,170.018,0,0,0,0,0,1050,1,16,nan
2987,166.142,0,0,0,0,0,1053,1,16,nan
2988,176.346,0,0,0,0,0,1113,1,16,nan
2989,168.577,0,0,0,0,0,1073,1,16,nan
2990,186.02799999999999,0,0,0,0,0,1198,1,16,nan
2991,178.46600000000001,0,0,0,0,0,1234,1,16,nan
2992,171.33099999999999,0,0,0,0,0,1046,1,16,nan
2993,187.244,0,0,0,0,0,1285,1,16,nan
2994,175.68299999999999,0,0,0,0,0,1110,1,16,nan
2995,172.19499999999999,0,0,0,0,0,1137,1,16,nan
2996,131.411,0,0,0,0,0,603,1,16,nan
2997,150.30799999999999,0,0,0,0,0,750,1,16,nan
2998,162.589,0,0,0,0,0,906,1,16,nan
2999,153.93000000000001,0,0,0,0,0,865,1,16,nan
3000,181.83600000000001,0,0,0,0,0,1103,1,16,nan
3001,152.48500000000001,0,0,0,0,0,824,1,16,nan
3002,195.63900000000001,0,0,0,0,0,1343,1,16,nan
3003,120.76900000000001,0,0,0,0,0,474,1,16,nan
3004,143.94,0,0,0,0,0,793,1,16,nan
3005,149.11199999999999,0,0,0,0,0,844,1,16,nan
3006,170.11099999999999,0,0,0,0,0,1001,1,16,nan
3007,119.45099999999999,0,0,0,0,0,416,1,16,nan
3008,153.28399999999999,0,0,0,0,0,904,1,16,nan
3009,140.136,0,0,0,0,0,692,1,16,nan
3010,192.08799999999999,0,0,0,0,0,1301,1,16,nan
3011,180.392,0,0,0,0,0,1251,1,16,nan
3012,183.08799999999999,0,0,0,0,0,1264,1,16,nan
3013,185.601,0,0,0,0,0,1282,1,16,nan
3014,179.39699999999999,0,0,0,0,0,1204,1,16,nan
3015,171.04599999999999,0,0,0,0,0,1113,1,16,nan
3016,178.73699999999999,0,0,0,0,0,1112,1,16,nan
3017,172.86799999999999,0,0,0,0,0,1130,1,16,nan
3018,169.25399999999999,0,0,0,0,0,1016,1,16,nan
3019,175.83000000000001,0,0,0,0,0,1132,1,16,nan
3020,149.28100000000001,0,0,0,0,0,810,1,16,nan
3021,125.152,0,0,0,0,0,499,1,16,nan
3022,197.74000000000001,0,0,0,0,0,1293,1,16,nan
3023,152.161,0,0,0,0,0,795,1,16,nan
3024,176.72999999999999,0,0,0,0,0,1085,1,16,nan
3025,120.136,0,0,0,0,0,465,1,16,nan
3026,167.65199999999999,0,0,0,0,0,981,1,16,nan
3027,120.092,0,0,0,0,0,499,1,16,nan
3028,164.16,0,0,0,0,0,1020,1,16,nan
3029,162.107,0,0,0,0,0,971,1,16,nan
3030,197.00399999999999,0,0,0,0,0,1150,1,16,nan
3031,190.18600000000001,0,0,0,0,0,1105,1,16,nan
3032,221.011,0,0,0,0,0,1543,1,16,nan
3033,163.36199999999999,0,0,0,0,0,913,1,16,nan
3034,165.28200000000001,0,0,0,0,0,1069,1,16,nan
3035,164.51400000000001,0,0,0,0,0,1014,1,16,nan
3036,159.14500000000001,0,0,0,0,0,919,1,16,nan
3037,146.99199999999999,0,0,0,0,0,757,1,16,nan
3038,152.63499999999999,0,0,0,0,0,797,1,16,nan
3039,200.29400000000001,0,0,0,0,0,1336,1,16,nan
3040,184.47499999999999,0,0,0,0,0,1238,1,16,nan
3041,173.18000000000001,0,0,0,0,0,1130,1,16,nan
3042,165.86199999999999,0,0,0,0,0,1037,1,16,nan
3043,220.54900000000001,0,0,0,0,0,1325,1,16,nan
3044,151.37700000000001,0,0,0,0,0,805,1,16,nan
3045,178.16900000000001,0,0,0,0,0,1123,1,16,nan
3046,197.43199999999999,0,0,0,0,0,1362,1,16,nan
3047,196.315,0,0,0,0,0,1358,1,16,nan
3048,181.38399999999999,0,0,0,0,0,1012,1,16,nan
3049,177.38300000000001,0,0,0,0,0,1254,1,16,nan
3050,155.98500000000001,0,0,0,0,0,847,1,16,nan
3051,156.364,0,0,0,0,0,820,1,16,nan
3052,180.09200000000001,0,0,0,0,0,1195,1,16,nan
3053,185.37200000000001,0,0,0,0,0,1213,1,16,nan
3054,176.99199999999999,0,0,0,0,0,1134,1,16,nan
3055,188.34200000000001,0,0,0,0,0,1246,1,16,nan
3056,183.70500000000001,0,0,0,0,0,1264,1,16,nan
3057,133.85400000000001,0,0,0,0,0,591,1,16,nan
3058,132.03299999999999,0,0,0,0,0,691,1,16,nan
3059,184.369,0,0,0,0,0,1192,1,16,nan
3060,172.86199999999999,0,0,0,0,0,1125,1,16,nan
3061,178.55600000000001,0,0,0,0,0,1116,1,16,nan
3062,166.80099999999999,0,0,0,0,0,947,1,16,nan
3063,141.71700000000001,0,0,0,0,0,709,1,16,nan
3064,181.268,0,0,0,0,0,970,1,16,nan
3065,242.387,0,0,0,0,0,1417,1,16,nan
3066,186.33199999999999,0,0,0,0,0,931,1,16,nan
3067,174.376,0,0,0,0,0,908,1,16,nan
3068,193.77500000000001,0,0,0,0,0,1298,1,16,nan
3069,178.369,0,0,0,0,0,1079,1,16,nan
3070,179.935,0,0,0,0,0,1074,1,16,nan
3071,190.36799999999999,0,0,0,0,0,1165,1,16,nan
3072,175.529,0,0,0,0,0,1138,1,16,nan
3073,170.523,0,0,0,0,0,1106,1,16,nan
3074,196.815,0,0,0,0,0,1295,1,16,nan
3075,183.155,0,0,0,0,0,1173,1,16,nan
3076,188.79900000000001,0,0,0,0,0,1282,1,16,nan
3077,143.833,0,0,0,0,0,691,1,16,nan
3078,182.398,0,0,0,0,0,1158,1,16,nan
3079,183.32599999999999,0,0,0,0,0,1221,1,16,nan
3080,188.34399999999999,0,0,0,0,0,1367,1,16,nan
3081,184.161,0,0,0,0,0,1157,1,16,nan
3082,163.059,0,0,0,0,0,993,1,16,nan
3083,195.404,0,0,0,0,0,1299,1,16,nan
3084,173.292,0,0,0,0,0,1109,1,16,nan
3085,185.96000000000001,0,0,0,0,0,1275,1,16,nan
3086,156.202,0,0,0,0,0,796,1,16,nan
3087,170.67400000000001,0,0,0,0,0,1037,1,16,nan
3088,169.649,0,0,0,0,0,802,1,16,nan
3089,188.005,0,0,0,0,0,1162,1,16,nan
3090,204.86699999999999,0,0,0,0,0,1303,1,16,nan
3091,158.929,0,0,0,0,0,654,1,16,nan
3092,210.71199999999999,0,0,0,0,0,1239,1,16,nan
3093,164.934,0,0,0,0,0,1060,1,16,nan
3094,161.67400000000001,0,0,0,0,0,898,1,16,nan
3095,181.05500000000001,0,0,0,0,0,1164,1,16,nan
3096,167.97800000000001,0,0,0,0,0,961,1,16,nan
3097,193.256,0,0,0,0,0,1285,1,16,nan
3098,134.631,0,0,0,0,0,566,1,16,nan
3099,166.38,0,0,0,0,0,1033,1,16,nan
3100,127.479,0,0,0,0,0,494,1,16,nan
3101,147.09100000000001,0,0,0,0,0,736,1,16,nan
3102,168.876,0,0,0,0,0,972,1,16,nan
3103,184.59,0,0,0,0,0,1283,1,16,nan
3104,170.346,0,0,0,0,0,1151,1,16,nan
3105,177.92400000000001,0,0,0,0,0,904,1,16,nan
3106,159.30699999999999,0,0,0,0,0,781,1,16,nan
3107,177.64699999999999,0,0,0,0,0,849,1,16,nan
3108,172.46799999999999,0,0,0,0,0,937,1,16,nan
3109,189.387,0,0,0,0,0,1232,1,16,nan
3110,178.709,0,0,0,0,0,1120,1,16,nan
3111,181.602,0,0,0,0,0,848,1,16,nan
3112,205.404,0,0,0,0,0,1065,1,16,nan
3113,210.535,0,0,0,0,0,1159,1,16,nan
3114,220.26599999999999,0,0,0,0,0,1082,1,16,nan
3115,182.899,0,0,0,0,0,1043,1,16,nan
3116,165.75700000000001,0,0,0,0,0,810,1,16,nan
3117,171.13999999999999,0,0,0,0,0,984,1,16,nan
3118,152.74100000000001,0,0,0,0,0,739,1,16,nan
3119,164.767,0,0,0,0,0,1015,1,16,nan
3120,188.04400000000001,0,0,0,0,0,1171,1,16,nan
3121,142.32599999999999,0,0,0,0,0,639,1,16,nan
3122,163.61000000000001,0,0,0,0,0,1046,1,16,nan
3123,196.136,0,0,0,0,0,1407,1,16,nan
3124,172.428,0,0,0,0,0,1034,1,16,nan
3125,150.565,0,0,0,0,0,808,1,16,nan
3126,170.72999999999999,0,0,0,0,0,1100,1,16,nan
3127,187.75999999999999,0,0,0,0,0,1269,1,16,nan
3128,201.31999999999999,0,0,0,0,0,1131,1,16,nan
3129,186.947,0,0,0,0,0,1296,1,16,nan
3130,165.792,0,0,0,0,0,980,1,16,nan
3131,171.71799999999999,0,0,0,0,0,1071,1,16,nan
3132,179.827,0,0,0,0,0,1192,1,16,nan
3133,181.47900000000001,0,0,0,0,0,922,1,16,nan
3134,210.34299999999999,0,0,0,0,0,1317,1,16,nan
3135,164.57900000000001,0,0,0,0,0,980,1,16,nan
3136,174.25700000000001,0,0,0,0,0,1106,1,16,nan
3137,201.84700000000001,0,0,0,0,0,1378,1,16,nan
3138,172.62899999999999,0,0,0,0,0,986,1,16,nan
3139,171.03700000000001,0,0,0,0,0,1100,1,16,nan
3140,187.66499999999999,0,0,0,0,0,1290,1,16,nan
3141,184.95099999999999,0,0,0,0,0,1215,1,16,nan
3142,175.84100000000001,0,0,0,0,0,1161,1,16,nan
3143,149.55199999999999,0,0,0,0,0,803,1,16,nan
3144,179.87100000000001,0,0,0,0,0,1197,1,16,nan
3145,133.471,0,0,0,0,0,616,1,16,nan
3146,199.595,0,0,0,0,0,1440,1,16,nan
3147,201.51400000000001,0,0,0,0,0,1398,1,16,nan
3148,183.05799999999999,0,0,0,0,0,1192,1,16,nan
3149,151.255,0,0,0,0,0,750,1,16,nan
3150,162.23599999999999,0,0,0,0,0,972,1,16,nan
3151,187.82400000000001,0,0,0,0,0,1216,1,16,nan
3152,161.87799999999999,0,0,0,0,0,975,1,16,nan
3153,160.61199999999999,0,0,0,0,0,866,1,16,nan
3154,168.84999999999999,0,0,0,0,0,1055,1,16,nan
3155,187.774,0,0,0,0,0,1233,1,16,nan
3156,172.256,0,0,0,0,0,1100,1,16,nan
3157,129.98400000000001,0,0,0,0,0,542,1,16,nan
3158,171.27500000000001,0,0,0,0,0,798,1,16,nan
3159,217.196,0,0,0,0,0,1344,1,16,nan
3160,201.25999999999999,0,0,0,0,0,1233,1,16,nan
3161,209.566,0,0,0,0,0,1214,1,16,nan
3162,168.678,0,0,0,0,0,858,1,16,nan
3163,165.68600000000001,0,0,0,0,0,1045,1,16,nan
3164,192.12700000000001,0,0,0,0,0,1171,1,16,nan
3165,138.64500000000001,0,0,0,0,0,601,1,16,nan
3166,191.73500000000001,0,0,0,0,0,1211,1,16,nan
3167,207.32300000000001,0,0,0,0,0,1303,1,16,nan
3168,126.01900000000001,0,0,0,0,0,509,1,16,nan
3169,183.75999999999999,0,0,0,0,0,1218,1,16,nan
3170,190.94900000000001,0,0,0,0,0,1237,1,16,nan
3171,175.268,0,0,0,0,0,1145,1,16,nan
3172,190.78200000000001,0,0,0,0,0,1260,1,16,nan
3173,177.21199999999999,0,0,0,0,0,1099,1,16,nan
3174,176.584,0,0,0,0,0,1109,1,16,nan
3175,162.17500000000001,0,0,0,0,0,914,1,16,nan
3176,175.52699999999999,0,0,0,0,0,1138,1,16,nan
3177,173.44800000000001,0,0,0,0,0,1132,1,16,nan
3178,207.24100000000001,0,0,0,0,0,1452,1,16,nan
3179,181.857,0,0,0,0,0,1276,1,16,nan
3180,184.328,0,0,0,0,0,1246,1,16,nan
3181,176.001,0,0,0,0,0,1130,1,16,nan
3182,187.816,0,0,0,0,0,1238,1,16,nan
3183,174.19300000000001,0,0,0,0,0,1045,1,16,nan
3184,193.37700000000001,0,0,0,0,0,1338,1,16,nan
3185,170.732,0,0,0,0,0,995,1,16,nan
3186,139.208,0,0,0,0,0,620,1,16,nan
3187,163,0,0,0,0,0,987,1,16,nan
3188,167.43799999999999,0,0,0,0,0,1023,1,16,nan
3189,133.89599999999999,0,0,0,0,0,597,1,16,nan
3190,183.87100000000001,0,0,0,0,0,1154,1,16,nan
3191,190.89699999999999,0,0,0,0,0,1314,1,16,nan
3192,186.34700000000001,0,0,0,0,0,1269,1,16,nan
3193,174.19399999999999,0,0,0,0,0,1102,1,16,nan
3194,178.71899999999999,0,0,0,0,0,1187,1,16,nan
3195,217.50200000000001,0,0,0,0,0,1237,1,16,nan
3196,144.054,0,0,0,0,0,737,1,16,nan
3197,162.666,0,0,0,0,0,1015,1,16,nan
3198,179.357,0,0,0,0,0,1191,1,16,nan
3199,161.21799999999999,0,0,0,0,0,904,1,16,nan
3200,171.345,0,0,0,0,0,1038,1,16,nan
3201,200.79400000000001,0,0,0,0,0,1101,1,16,nan
3202,177.74000000000001,0,0,0,0,0,1150,1,16,nan
3203,180.50299999999999,0,0,0,0,0,1187,1,16,nan
3204,159.297,0,0,0,0,0,836,1,16,nan
3205,134.17099999999999,0,0,0,0,0,606,1,16,nan
3206,174.79400000000001,0,0,0,0,0,1085,1,16,nan
3207,139.298,0,0,0,0,0,772,1,16,nan
3208,153.125,0,0,0,0,0,714,1,16,nan
3209,184.21799999999999,0,0,0,0,0,1202,1,16,nan
3210,112.73,0,0,0,0,0,345,1,16,nan
3211,164.27199999999999,0,0,0,0,0,956,1,16,nan
3212,181.48500000000001,0,0,0,0,0,1165,1,16,nan
3213,186.74799999999999,0,0,0,0,0,864,1,16,nan
3214,169.83699999999999,0,0,0,0,0,1050,1,16,nan
3215,183.59800000000001,0,0,0,0,0,1232,1,16,nan
3216,182.61699999999999,0,0,0,0,0,1261,1,16,nan
3217,170.52600000000001,0,0,0,0,0,1099,1,16,nan
3218,170.642,0,0,0,0,0,1067,1,16,nan
3219,129.65299999999999,0,0,0,0,0,533,1,16,nan
3220,187.03999999999999,0,0,0,0,0,1249,1,16,nan
3221,166.79400000000001,0,0,0,0,0,1011,1,16,nan
3222,165.91200000000001,0,0,0,0,0,980,1,16,nan
3223,183.83099999999999,0,0,0,0,0,1171,1,16,nan
3224,167.51300000000001,0,0,0,0,0,1078,1,16,nan
3225,176.48099999999999,0,0,0,0,0,1172,1,16,nan
3226,157.94300000000001,0,0,0,0,0,1010,1,16,nan
3227,172.821,0,0,0,0,0,1151,1,16,nan
3228,188.643,0,0,0,0,0,1253,1,16,nan
3229,189.672,0,0,0,0,0,1312,1,16,nan
3230,122.907,0,0,0,0,0,485,1,16,nan
3231,176.05199999999999,0,0,0,0,0,1128,1,16,nan
3232,189.51300000000001,0,0,0,0,0,1296,1,16,nan
3233,187.41,0,0,0,0,0,1274,1,16,nan
3234,162.99100000000001,0,0,0,0,0,993,1,16,nan
3235,189.13200000000001,0,0,0,0,0,1286,1,16,nan
3236,197,0,0,0,0,0,1390,1,16,nan
3237,173.404,0,0,0,0,0,1092,1,16,nan
3238,144.27600000000001,0,0,0,0,0,746,1,16,nan
3239,173.40899999999999,0,0,0,0,0,1045,1,16,nan
3240,167.327,0,0,0,0,0,1043,1,16,nan
3241,189.643,0,0,0,0,0,1237,1,16,nan
3242,183.608,0,0,0,0,0,1233,1,16,nan
3243,179.50700000000001,0,0,0,0,0,1164,1,16,nan
3244,173.428,0,0,0,0,0,1058,1,16,nan
3245,167.42099999999999,0,0,0,0,0,1103,1,16,nan
3246,175.119,0,0,0,0,0,1062,1,16,nan
3247,174.60300000000001,0,0,0,0,0,1106,1,16,nan
3248,147.72900000000001,0,0,0,0,0,714,1,16,nan
3249,170.88200000000001,0,0,0,0,0,1010,1,16,nan
3250,195.83199999999999,0,0,0,0,0,1395,1,16,nan
3251,142.85900000000001,0,0,0,0,0,694,1,16,nan
3252,186.928,0,0,0,0,0,1259,1,16,nan
3253,149.93299999999999,0,0,0,0,0,777,1,16,nan
3254,184.27600000000001,0,0,0,0,0,1294,1,16,nan
3255,177.244,0,0,0,0,0,1189,1,16,nan
3256,180.76900000000001,0,0,0,0,0,1177,1,16,nan
3257,166.102,0,0,0,0,0,1024,1,16,nan
3258,170.054,0,0,0,0,0,1078,1,16,nan
3259,175.447,0,0,0,0,0,1117,1,16,nan
3260,165.691,0,0,0,0,0,736,1,16,nan
3261,173.755,0,0,0,0,0,899,1,16,nan
3262,197.98099999999999,0,0,0,0,0,1253,1,16,nan
3263,202.11799999999999,0,0,0,0,0,1232,1,16,nan
3264,175.041,0,0,0,0,0,1012,1,16,nan
3265,184.179,0,0,0,0,0,1250,1,16,nan
3266,177.50299999999999,0,0,0,0,0,1206,1,16,nan
3267,161.095,0,0,0,0,0,812,1,16,nan
3268,168.09399999999999,0,0,0,0,0,1062,1,16,nan
3269,172.36099999999999,0,0,0,0,0,1087,1,16,nan
3270,172.673,0,0,0,0,0,1028,1,16,nan
3271,165.98500000000001,0,0,0,0,0,1022,1,16,nan
3272,151.755,0,0,0,0,0,803,1,16,nan
3273,121.39,0,0,0,0,0,510,1,16,nan
3274,167.16900000000001,0,0,0,0,0,1079,1,16,nan
3275,170.97200000000001,0,0,0,0,0,1027,1,16,nan
3276,125.563,0,0,0,0,0,447,1,16,nan
3277,176.06800000000001,0,0,0,0,0,1088,1,16,nan
3278,178.767,0,0,0,0,0,1084,1,16,nan
3279,189.55099999999999,0,0,0,0,0,1279,1,16,nan
3280,185.60499999999999,0,0,0,0,0,1253,1,16,nan
3281,185.273,0,0,0,0,0,1227,1,16,nan
3282,176.851,0,0,0,0,0,1074,1,16,nan
3283,183.22300000000001,0,0,0,0,0,1259,1,16,nan
3284,133.89500000000001,0,0,0,0,0,598,1,16,nan
3285,188.92599999999999,0,0,0,0,0,1193,1,16,nan
3286,198.935,0,0,0,0,0,1345,1,16,nan
3287,169.31399999999999,0,0,0,0,0,1094,1,16,nan
3288,173.16900000000001,0,0,0,0,0,1032,1,16,nan
3289,171.31700000000001,0,0,0,0,0,1064,1,16,nan
3290,146.18100000000001,0,0,0,0,0,773,1,16,nan
3291,171.90899999999999,0,0,0,0,0,1064,1,16,nan
3292,172.21700000000001,0,0,0,0,0,1024,1,16,nan
3293,122.282,0,0,0,0,0,474,1,16,nan
3294,173.86600000000001,0,0,0,0,0,1146,1,16,nan
3295,169.50700000000001,0,0,0,0,0,1035,1,16,nan
3296,181.053,0,0,0,0,0,983,1,16,nan
3297,206.172,0,0,0,0,0,794,1,16,nan
3298,148.583,0,0,0,0,0,716,1,16,nan
3299,195.23500000000001,0,0,0,0,0,1204,1,16,nan
3300,201.614,0,0,0,0,0,1180,1,16,nan
3301,184.803,0,0,0,0,0,1109,1,16,nan
3302,195.245,0,0,0,0,0,1252,1,16,nan
3303,157.12,0,0,0,0,0,746,1,16,nan
3304,153.34200000000001,0,0,0,0,0,744,1,16,nan
3305,205.018,0,0,0,0,0,1279,1,16,nan
3306,190.70099999999999,0,0,0,0,0,1072,1,16,nan
3307,167.892,0,0,0,0,0,878,1,16,nan
3308,151.97,0,0,0,0,0,842,1,16,nan
3309,191.76400000000001,0,0,0,0,0,1348,1,16,nan
3310,173.78200000000001,0,0,0,0,0,1117,1,16,nan
3311,184.33699999999999,0,0,0,0,0,1252,1,16,nan
3312,178.62899999999999,0,0,0,0,0,1172,1,16,nan
3313,185.97300000000001,0,0,0,0,0,1278,1,16,nan
3314,182.072,0,0,0,0,0,1232,1,16,nan
3315,165.67599999999999,0,0,0,0,0,961,1,16,nan
3316,152.49700000000001,0,0,0,0,0,893,1,16,nan
3317,131.88200000000001,0,0,0,0,0,545,1,16,nan
3318,185.69300000000001,0,0,0,0,0,1218,1,16,nan
3319,150.97999999999999,0,0,0,0,0,797,1,16,nan
3320,153.82300000000001,0,0,0,0,0,857,1,16,nan
3321,142.55099999999999,0,0,0,0,0,679,1,16,nan
3322,182.09999999999999,0,0,0,0,0,1174,1,16,nan
3323,193.56299999999999,0,0,0,0,0,1279,1,16,nan
3324,160.31100000000001,0,0,0,0,0,1006,1,16,nan
3325,184.52199999999999,0,0,0,0,0,1197,1,16,nan
3326,183.703,0,0,0,0,0,1167,1,16,nan
3327,177.36099999999999,0,0,0,0,0,1146,1,16,nan
3328,169.05699999999999,0,0,0,0,0,1003,1,16,nan
3329,180.31299999999999,0,0,0,0,0,1125,1,16,nan
3330,187.911,0,0,0,0,0,1276,1,16,nan
3331,170.09299999999999,0,0,0,0,0,1137,1,16,nan
3332,179.68700000000001,0,0,0,0,0,1202,1,16,nan
3333,134.04499999999999,0,0,0,0,0,549,1,16,nan
3334,170.40799999999999,0,0,0,0,0,874,1,16,nan
3335,154.535,0,0,0,0,0,856,1,16,nan
3336,185.64699999999999,0,0,0,0,0,1258,1,16,nan
3337,163.197,0,0,0,0,0,975,1,16,nan
3338,188.13499999999999,0,0,0,0,0,1203,1,16,nan
3339,184.54900000000001,0,0,0,0,0,1237,1,16,nan
3340,176.24299999999999,0,0,0,0,0,1144,1,16,nan
3341,169.119,0,0,0,0,0,1045,1,16,nan
3342,193.71700000000001,0,0,0,0,0,1106,1,16,nan
3343,189.49100000000001,0,0,0,0,0,1200,1,16,nan
3344,176.08199999999999,0,0,0,0,0,1059,1,16,nan
3345,176.06399999999999,0,0,0,0,0,1076,1,16,nan
3346,197.23500000000001,0,0,0,0,0,1197,1,16,nan
3347,177.976,0,0,0,0,0,1115,1,16,nan
3348,147.57400000000001,0,0,0,0,0,723,1,16,nan
3349,194.476,0,0,0,0,0,1150,1,16,nan
3350,179.05799999999999,0,0,0,0,0,1227,1,16,nan
3351,184.46199999999999,0,0,0,0,0,1265,1,16,nan
3352,147.77799999999999,0,0,0,0,0,778,1,16,nan
3353,154.40299999999999,0,0,0,0,0,850,1,16,nan
3354,177.77199999999999,0,0,0,0,0,1136,1,16,nan
3355,182.17400000000001,0,0,0,0,0,1211,1,16,nan
3356,197.285,0,0,0,0,0,1417,1,16,nan
3357,179.321,0,0,0,0,0,973,1,16,nan
3358,162.41200000000001,0,0,0,0,0,853,1,16,nan
3359,192.51400000000001,0,0,0,0,0,1232,1,16,nan
3360,160.89699999999999,0,0,0,0,0,860,1,16,nan
3361,174.018,0,0,0,0,0,1082,1,16,nan
3362,154.46299999999999,0,0,0,0,0,772,1,16,nan
3363,201.67400000000001,0,0,0,0,0,1322,1,16,nan
3364,180.49299999999999,0,0,0,0,0,949,1,16,nan
3365,158.999,0,0,0,0,0,735,1,16,nan
3366,194.00899999999999,0,0,0,0,0,1406,1,16,nan
3367,148.16499999999999,0,0,0,0,0,756,1,16,nan
3368,145.32900000000001,0,0,0,0,0,693,1,16,nan
3369,180.32499999999999,0,0,0,0,0,1125,1,16,nan
3370,183.803,0,0,0,0,0,1221,1,16,nan
3371,171.267,0,0,0,0,0,1005,1,16,nan
3372,137.04499999999999,0,0,0,0,0,685,1,16,nan
3373,144.495,0,0,0,0,0,815,1,16,nan
3374,151.58699999999999,0,0,0,0,0,792,1,16,nan
3375,186.15899999999999,0,0,0,0,0,1175,1,16,nan
3376,141.99100000000001,0,0,0,0,0,693,1,16,nan
3377,171.60599999999999,0,0,0,0,0,1067,1,16,nan
3378,188.96000000000001,0,0,0,0,0,1221,1,16,nan
3379,183.292,0,0,0,0,0,1220,1,16,nan
3380,160.04900000000001,0,0,0,0,0,920,1,16,nan
3381,168.20400000000001,0,0,0,0,0,932,1,16,nan
3382,187.922,0,0,0,0,0,954,1,16,nan
3383,153.80099999999999,0,0,0,0,0,771,1,16,nan
3384,172.559,0,0,0,0,0,1120,1,16,nan
3385,165.60900000000001,0,0,0,0,0,960,1,16,nan
3386,171.91900000000001,0,0,0,0,0,1073,1,16,nan
3387,174.285,0,0,0,0,0,1085,1,16,nan
3388,180.47200000000001,0,0,0,0,0,1153,1,16,nan
3389,155.809,0,0,0,0,0,870,1,16,nan
3390,181.62200000000001,0,0,0,0,0,1190,1,16,nan
3391,153.60400000000001,0,0,0,0,0,848,1,16,nan
3392,192.72200000000001,0,0,0,0,0,1326,1,16,nan
3393,133.916,0,0,0,0,0,606,1,16,nan
3394,193.20599999999999,0,0,0,0,0,1328,1,16,nan
3395,191.227,0,0,0,0,0,1296,1,16,nan
3396,201.11500000000001,0,0,0,0,0,1139,1,16,nan
3397,144.16,0,0,0,0,0,683,1,16,nan
3398,171.977,0,0,0,0,0,1014,1,16,nan
3399,182.95400000000001,0,0,0,0,0,1029,1,16,nan
3400,162.62299999999999,0,0,0,0,0,1006,1,16,nan
3401,126.023,0,0,0,0,0,561,1,16,nan
3402,160.06399999999999,0,0,0,0,0,907,1,16,nan
3403,174.49799999999999,0,0,0,0,0,1079,1,16,nan
3404,134.905,0,0,0,0,0,673,1,16,nan
3405,158.17699999999999,0,0,0,0,0,911,1,16,nan
3406,167.947,0,0,0,0,0,1066,1,16,nan
3407,172.59200000000001,0,0,0,0,0,1150,1,16,nan
3408,194.91300000000001,0,0,0,0,0,1249,1,16,nan
3409,155.63399999999999,0,0,0,0,0,909,1,16,nan
3410,187.733,0,0,0,0,0,1260,1,16,nan
3411,179.06800000000001,0,0,0,0,0,1145,1,16,nan
3412,159.857,0,0,0,0,0,983,1,16,nan
3413,160.91900000000001,0,0,0,0,0,918,1,16,nan
3414,150.84800000000001,0,0,0,0,0,780,1,16,nan
3415,187.57900000000001,0,0,0,0,0,1332,1,16,nan
3416,170.50999999999999,0,0,0,0,0,1067,1,16,nan
3417,143.89599999999999,0,0,0,0,0,748,1,16,nan
3418,167.773,0,0,0,0,0,1093,1,16,nan
3419,174.27000000000001,0,0,0,0,0,1120,1,16,nan
3420,149.62899999999999,0,0,0,0,0,774,1,16,nan
3421,187.14699999999999,0,0,0,0,0,1289,1,16,nan
3422,174.83699999999999,0,0,0,0,0,1100,1,16,nan
3423,144.792,0,0,0,0,0,766,1,16,nan
3424,148.57400000000001,0,0,0,0,0,805,1,16,nan
3425,160.68100000000001,0,0,0,0,0,906,1,16,nan
3426,178.16999999999999,0,0,0,0,0,1178,1,16,nan
3427,146.30600000000001,0,0,0,0,0,762,1,16,nan
3428,204.464,0,0,0,0,0,1407,1,16,nan
3429,150.31399999999999,0,0,0,0,0,769,1,16,nan
3430,177.06399999999999,0,0,0,0,0,1117,1,16,nan
3431,179.09899999999999,0,0,0,0,0,1219,1,16,nan
3432,181.05500000000001,0,0,0,0,0,1223,1,16,nan
3433,191.94300000000001,0,0,0,0,0,1263,1,16,nan
3434,185.13200000000001,0,0,0,0,0,1174,1,16,nan
3435,169.64500000000001,0,0,0,0,0,1084,1,16,nan
3436,150.54900000000001,0,0,0,0,0,783,1,16,nan
3437,168.01900000000001,0,0,0,0,0,1139,1,16,nan
3438,167.696,0,0,0,0,0,1022,1,16,nan
3439,171.553,0,0,0,0,0,1068,1,16,nan
3440,188.10300000000001,0,0,0,0,0,1238,1,16,nan
3441,167.20099999999999,0,0,0,0,0,1110,1,16,nan
3442,168.583,0,0,0,0,0,1011,1,16,nan
3443,169.94999999999999,0,0,0,0,0,1114,1,16,nan
3444,166.87200000000001,0,0,0,0,0,1034,1,16,nan
3445,147.29599999999999,0,0,0,0,0,765,1,16,nan
3446,186.846,0,0,0,0,0,1238,1,16,nan
3447,166.31,0,0,0,0,0,973,1,16,nan
3448,179.55600000000001,0,0,0,0,0,1169,1,16,nan
3449,190.209,0,0,0,0,0,1360,1,16,nan
3450,166.56899999999999,0,0,0,0,0,1010,1,16,nan
3451,191.28399999999999,0,0,0,0,0,1299,1,16,nan
3452,185.46299999999999,0,0,0,0,0,1292,1,16,nan
3453,119.715,0,0,0,0,0,501,1,16,nan
3454,169.137,0,0,0,0,0,1089,1,16,nan
3455,146.572,0,0,0,0,0,779,1,16,nan
3456,191.63499999999999,0,0,0,0,0,1291,1,16,nan
3457,192.33500000000001,0,0,0,0,0,1337,1,16,nan
3458,177.417,0,0,0,0,0,1146,1,16,nan
3459,180.97499999999999,0,0,0,0,0,1171,1,16,nan
3460,152.11699999999999,0,0,0,0,0,859,1,16,nan
3461,162.298,0,0,0,0,0,980,1,16,nan
3462,168.23400000000001,0,0,0,0,0,1005,1,16,nan
3463,183.601,0,0,0,0,0,1217,1,16,nan
3464,121.96299999999999,0,0,0,0,0,498,1,16,nan
3465,181.22800000000001,0,0,0,0,0,1233,1,16,nan
3466,127.59399999999999,0,0,0,0,0,511,1,16,nan
3467,216.74000000000001,0,0,0,0,0,1266,1,16,nan
3468,172.68700000000001,0,0,0,0,0,1137,1,16,nan
3469,177.226,0,0,0,0,0,1108,1,16,nan
3470,190.56100000000001,0,0,0,0,0,1316,1,16,nan
3471,172.20500000000001,0,0,0,0,0,1066,1,16,nan
3472,163.702,0,0,0,0,0,1018,1,16,nan
3473,174.31200000000001,0,0,0,0,0,1166,1,16,nan
3474,159.22999999999999,0,0,0,0,0,931,1,16,nan
3475,200.31800000000001,0,0,0,0,0,1210,1,16,nan
3476,176.148,0,0,0,0,0,1017,1,16,nan
3477,191.154,0,0,0,0,0,1256,1,16,nan
3478,185.541,0,0,0,0,0,1213,1,16,nan
3479,164.44800000000001,0,0,0,0,0,904,1,16,nan
3480,216.68899999999999,0,0,0,0,0,1468,1,16,nan
3481,174.66,0,0,0,0,0,1080,1,16,nan
3482,161.738,0,0,0,0,0,806,1,16,nan
3483,197.358,0,0,0,0,0,1383,1,16,nan
3484,139.61799999999999,0,0,0,0,0,662,1,16,nan
3485,155.69300000000001,0,0,0,0,0,919,1,16,nan
3486,169.83000000000001,0,0,0,0,0,849,1,16,nan
3487,213.51300000000001,0,0,0,0,0,1477,1,16,nan
3488,161.55099999999999,0,0,0,0,0,957,1,16,nan
3489,171.97,0,0,0,0,0,1125,1,16,nan
3490,186.86600000000001,0,0,0,0,0,1146,1,16,nan
3491,187.495,0,0,0,0,0,1159,1,16,nan
3492,190.31899999999999,0,0,0,0,0,1035,1,16,nan
3493,139.78100000000001,0,0,0,0,0,597,1,16,nan
3494,134.01300000000001,0,0,0,0,0,530,1,16,nan
3495,182.666,0,0,0,0,0,1121,1,16,nan
3496,190.167,0,0,0,0,0,1181,1,16,nan
3497,181.262,0,0,0,0,0,1106,1,16,nan
3498,190.511,0,0,0,0,0,1165,1,16,nan
3499,179.476,0,0,0,0,0,1040,1,16,nan
3500,159.489,0,0,0,0,0,712,1,16,nan
3501,198.09800000000001,0,0,0,0,0,1296,1,16,nan
3502,157.73500000000001,0,0,0,0,0,914,1,16,nan
3503,179.935,0,0,0,0,0,1155,1,16,nan
3504,150.654,0,0,0,0,0,750,1,16,nan
3505,128.97,0,0,0,0,0,513,1,16,nan
3506,169.197,0,0,0,0,0,1029,1,16,nan
3507,150.81299999999999,0,0,0,0,0,770,1,16,nan
3508,127.998,0,0,0,0,0,591,1,16,nan
3509,163.33099999999999,0,0,0,0,0,1042,1,16,nan
3510,168.166,0,0,0,0,0,994,1,16,nan
3511,163.05799999999999,0,0,0,0,0,1001,1,16,nan
3512,196.066,0,0,0,0,0,1135,1,16,nan
3513,235.84800000000001,0,0,0,0,0,1390,1,16,nan
3514,203.59800000000001,0,0,0,0,0,1183,1,16,nan
3515,176.803,0,0,0,0,0,827,1,16,nan
3516,226.88200000000001,0,0,0,0,0,1360,1,16,nan
3517,195.304,0,0,0,0,0,1280,1,16,nan
3518,153.21299999999999,0,0,0,0,0,664,1,16,nan
3519,172.416,0,0,0,0,0,1061,1,16,nan
3520,130.79900000000001,0,0,0,0,0,607,1,16,nan
3521,188.11600000000001,0,0,0,0,0,1246,1,16,nan
3522,165.816,0,0,0,0,0,1046,1,16,nan
3523,178.84200000000001,0,0,0,0,0,1102,1,16,nan
3524,151.91,0,0,0,0,0,780,1,16,nan
3525,177.03399999999999,0,0,0,0,0,1090,1,16,nan
3526,162.82400000000001,0,0,0,0,0,1089,1,16,nan
3527,161.393,0,0,0,0,0,904,1,16,nan
3528,177.999,0,0,0,0,0,1130,1,16,nan
3529,171.72200000000001,0,0,0,0,0,1095,1,16,nan
3530,191.22999999999999,0,0,0,0,0,1313,1,16,nan
3531,179.24700000000001,0,0,0,0,0,1096,1,16,nan
3532,143.93700000000001,0,0,0,0,0,745,1,16,nan
3533,168.16300000000001,0,0,0,0,0,819,1,16,nan
3534,158.56100000000001,0,0,0,0,0,899,1,16,nan
3535,182.13399999999999,0,0,0,0,0,1258,1,16,nan
3536,207.22200000000001,0,0,0,0,0,1234,1,16,nan
3537,199.983,0,0,0,0,0,1173,1,16,nan
3538,168.833,0,0,0,0,0,834,1,16,nan
3539,174.86199999999999,0,0,0,0,0,829,1,16,nan
3540,198.434,0,0,0,0,0,1368,1,16,nan
3541,188.88300000000001,0,0,0,0,0,1256,1,16,nan
3542,191.03700000000001,0,0,0,0,0,1320,1,16,nan
3543,178.73599999999999,0,0,0,0,0,1172,1,16,nan
3544,163.345,0,0,0,0,0,1061,1,16,nan
3545,179.04499999999999,0,0,0,0,0,1190,1,16,nan
3546,172.84399999999999,0,0,0,0,0,1172,1,16,nan
3547,195.15000000000001,0,0,0,0,0,1313,1,16,nan
3548,152.22900000000001,0,0,0,0,0,845,1,16,nan
3549,150.738,0,0,0,0,0,809,1,16,nan
3550,149.81899999999999,0,0,0,0,0,730,1,16,nan
3551,219.06800000000001,0,0,0,0,0,1083,1,16,nan
3552,173.499,0,0,0,0,0,979,1,16,nan
3553,185.393,0,0,0,0,0,1194,1,16,nan
3554,154.66800000000001,0,0,0,0,0,805,1,16,nan
3555,190.16300000000001,0,0,0,0,0,1258,1,16,nan
3556,155.291,0,0,0,0,0,758,1,16,nan
3557,126.363,0,0,0,0,0,482,1,16,nan
3558,192.81899999999999,0,0,0,0,0,1150,1,16,nan
3559,136.24000000000001,0,0,0,0,0,637,1,16,nan
3560,182.35300000000001,0,0,0,0,0,1183,1,16,nan
3561,137.547,0,0,0,0,0,646,1,16,nan
3562,193.63999999999999,0,0,0,0,0,1327,1,16,nan
3563,169.154,0,0,0,0,0,1056,1,16,nan
3564,150.32900000000001,0,0,0,0,0,812,1,16,nan
3565,127.414,0,0,0,0,0,530,1,16,nan
3566,156.58600000000001,0,0,0,0,0,838,1,16,nan
3567,144.16999999999999,0,0,0,0,0,712,1,16,nan
3568,163.00399999999999,0,0,0,0,0,696,1,16,nan
3569,197.19999999999999,0,0,0,0,0,1171,1,16,nan
3570,173.30699999999999,0,0,0,0,0,875,1,16,nan
3571,189.61500000000001,0,0,0,0,0,1052,1,16,nan
3572,184.148,0,0,0,0,0,1140,1,16,nan
3573,187.92599999999999,0,0,0,0,0,1240,1,16,nan
3574,177.99700000000001,0,0,0,0,0,1221,1,16,nan
3575,178.977,0,0,0,0,0,1167,1,16,nan
3576,171.70500000000001,0,0,0,0,0,1013,1,16,nan
3577,182.99199999999999,0,0,0,0,0,1222,1,16,nan
3578,158.38399999999999,0,0,0,0,0,967,1,16,nan
3579,151.50899999999999,0,0,0,0,0,808,1,16,nan
3580,167.084,0,0,0,0,0,1050,1,16,nan
3581,163.018,0,0,0,0,0,984,1,16,nan
3582,181.137,0,0,0,0,0,1183,1,16,nan
3583,181.11500000000001,0,0,0,0,0,1179,1,16,nan
3584,174.631,0,0,0,0,0,1098,1,16,nan
3585,178.101,0,0,0,0,0,1270,1,16,nan
3586,173.86600000000001,0,0,0,0,0,1148,1,16,nan
3587,172.059,0,0,0,0,0,1065,1,16,nan
3588,168.52600000000001,0,0,0,0,0,1026,1,16,nan
3589,186.44800000000001,0,0,0,0,0,1233,1,16,nan
3590,197.804,0,0,0,0,0,1360,1,16,nan
3591,189.32400000000001,0,0,0,0,0,1306,1,16,nan
3592,207.714,0,0,0,0,0,1459,1,16,nan
3593,157.048,0,0,0,0,0,920,1,16,nan
3594,172.03,0,0,0,0,0,1101,1,16,nan
3595,137.18199999999999,0,0,0,0,0,633,1,16,nan
3596,184.87899999999999,0,0,0,0,0,1190,1,16,nan
3597,165.55199999999999,0,0,0,0,0,1015,1,16,nan
3598,169.05000000000001,0,0,0,0,0,1103,1,16,nan
3599,168.78399999999999,0,0,0,0,0,1052,1,16,nan
3600,187.285,0,0,0,0,0,1318,1,16,nan
3601,162.30699999999999,0,0,0,0,0,981,1,16,nan
3602,186.14699999999999,0,0,0,0,0,1242,1,16,nan
3603,179.50899999999999,0,0,0,0,0,1101,1,16,nan
3604,190.327,0,0,0,0,0,1256,1,16,nan
3605,210.04300000000001,0,0,0,0,0,1521,1,16,nan
3606,150.041,0,0,0,0,0,837,1,16,nan
3607,190.26300000000001,0,0,0,0,0,1284,1,16,nan
3608,197.87700000000001,0,0,0,0,0,1415,1,16,nan
3609,190.21899999999999,0,0,0,0,0,1369,1,16,nan
3610,189.80199999999999,0,0,0,0,0,1301,1,16,nan
3611,164.267,0,0,0,0,0,963,1,16,nan
3612,172.32900000000001,0,0,0,0,0,1113,1,16,nan
3613,173.64400000000001,0,0,0,0,0,1072,1,16,nan
3614,170.34999999999999,0,0,0,0,0,1064,1,16,nan
3615,159.86799999999999,0,0,0,0,0,962,1,16,nan
3616,124.441,0,0,0,0,0,498,1,16,nan
3617,168.03899999999999,0,0,0,0,0,1045,1,16,nan
3618,171.41900000000001,0,0,0,0,0,1141,1,16,nan
3619,212.256,0,0,0,0,0,1313,1,16,nan
3620,180.92400000000001,0,0,0,0,0,1003,1,16,nan
3621,168.268,0,0,0,0,0,828,1,16,nan
3622,198.30699999999999,0,0,0,0,0,1169,1,16,nan
3623,196.74700000000001,0,0,0,0,0,1251,1,16,nan
3624,171.78100000000001,0,0,0,0,0,1068,1,16,nan
3625,154.29300000000001,0,0,0,0,0,820,1,16,nan
3626,166.07900000000001,0,0,0,0,0,1114,1,16,nan
3627,157.49199999999999,0,0,0,0,0,966,1,16,nan
3628,151.31999999999999,0,0,0,0,0,841,1,16,nan
3629,170.55199999999999,0,0,0,0,0,1057,1,16,nan
3630,190.774,0,0,0,0,0,1296,1,16,nan
3631,180.65199999999999,0,0,0,0,0,1214,1,16,nan
3632,174.27600000000001,0,0,0,0,0,1193,1,16,nan
3633,174.67500000000001,0,0,0,0,0,1148,1,16,nan
3634,146.52099999999999,0,0,0,0,0,804,1,16,nan
3635,175.77699999999999,0,0,0,0,0,1140,1,16,nan
3636,168.15899999999999,0,0,0,0,0,588,1,16,nan
3637,160.822,0,0,0,0,0,959,1,16,nan
3638,181.24299999999999,0,0,0,0,0,1237,1,16,nan
3639,187.23599999999999,0,0,0,0,0,1235,1,16,nan
3640,163.749,0,0,0,0,0,968,1,16,nan
3641,187.56899999999999,0,0,0,0,0,1276,1,16,nan
3642,162.57900000000001,0,0,0,0,0,1003,1,16,nan
3643,178.34200000000001,0,0,0,0,0,1174,1,16,nan
3644,185.80500000000001,0,0,0,0,0,1298,1,16,nan
3645,161.49199999999999,0,0,0,0,0,948,1,16,nan
3646,160.26900000000001,0,0,0,0,0,938,1,16,nan
3647,162.81800000000001,0,0,0,0,0,1048,1,16,nan
3648,173.107,0,0,0,0,0,1106,1,16,nan
3649,156.84999999999999,0,0,0,0,0,884,1,16,nan
3650,171.874,0,0,0,0,0,1101,1,16,nan
3651,164.881,0,0,0,0,0,1108,1,16,nan
3652,186.00200000000001,0,0,0,0,0,1244,1,16,nan
3653,164.66900000000001,0,0,0,0,0,1042,1,16,nan
3654,199.286,0,0,0,0,0,1085,1,16,nan
3655,189.38200000000001,0,0,0,0,0,1235,1,16,nan
3656,181.05000000000001,0,0,0,0,0,1093,1,16,nan
3657,152.91999999999999,0,0,0,0,0,747,1,16,nan
3658,162.542,0,0,0,0,0,969,1,16,nan
3659,180.74100000000001,0,0,0,0,0,1064,1,16,nan
3660,180.20599999999999,0,0,0,0,0,935,1,16,nan
3661,162.602,0,0,0,0,0,1024,1,16,nan
3662,173.971,0,0,0,0,0,1120,1,16,nan
3663,155.69499999999999,0,0,0,0,0,891,1,16,nan
3664,171.32400000000001,0,0,0,0,0,1098,1,16,nan
3665,166.23500000000001,0,0,0,0,0,1005,1,16,nan
3666,173.202,0,0,0,0,0,1144,1,16,nan
3667,145.23400000000001,0,0,0,0,0,752,1,16,nan
3668,188.19499999999999,0,0,0,0,0,1226,1,16,nan
3669,127.58499999999999,0,0,0,0,0,505,1,16,nan
3670,153.84100000000001,0,0,0,0,0,888,1,16,nan
3671,144.15799999999999,0,0,0,0,0,681,1,16,nan
3672,142.50299999999999,0,0,0,0,0,697,1,16,nan
3673,134.66499999999999,0,0,0,0,0,690,1,16,nan
3674,183.626,0,0,0,0,0,1234,1,16,nan
3675,126.13800000000001,0,0,0,0,0,575,1,16,nan
3676,177.53999999999999,0,0,0,0,0,1145,1,16,nan
3677,185.923,0,0,0,0,0,1248,1,16,nan
3678,149.26900000000001,0,0,0,0,0,703,1,16,nan
3679,182.00399999999999,0,0,0,0,0,1213,1,16,nan
3680,152.5,0,0,0,0,0,860,1,16,nan
3681,157.84800000000001,0,0,0,0,0,925,1,16,nan
3682,180.589,0,0,0,0,0,1262,1,16,nan
3683,211.023,0,0,0,0,0,1566,1,16,nan
3684,177.60499999999999,0,0,0,0,0,856,1,16,nan
3685,214.57900000000001,0,0,0,0,0,1264,1,16,nan
3686,207.506,0,0,0,0,0,1376,1,16,nan
3687,176.65600000000001,0,0,0,0,0,985,1,16,nan
3688,185.86799999999999,0,0,0,0,0,1163,1,16,nan
3689,179.083,0,0,0,0,0,1046,1,16,nan
3690,189.964,0,0,0,0,0,1227,1,16,nan
3691,155.678,0,0,0,0,0,720,1,16,nan
3692,179.084,0,0,0,0,0,1142,1,16,nan
3693,141.75800000000001,0,0,0,0,0,499,1,16,nan
3694,164.67699999999999,0,0,0,0,0,783,1,16,nan
3695,190.07499999999999,0,0,0,0,0,1219,1,16,nan
3696,180.04499999999999,0,0,0,0,0,1213,1,16,nan
3697,129.077,0,0,0,0,0,696,1,16,nan
3698,154.41399999999999,0,0,0,0,0,832,1,16,nan
3699,176.05000000000001,0,0,0,0,0,1130,1,16,nan
3700,191.56899999999999,0,0,0,0,0,1005,1,16,nan
3701,180.44999999999999,0,0,0,0,0,925,1,16,nan
3702,187.30500000000001,0,0,0,0,0,1092,1,16,nan
3703,197.58099999999999,0,0,0,0,0,1208,1,16,nan
3704,178.637,0,0,0,0,0,956,1,16,nan
3705,153.27199999999999,0,0,0,0,0,630,1,16,nan
3706,197.94999999999999,0,0,0,0,0,1133,1,16,nan
3707,187.81999999999999,0,0,0,0,0,1264,1,16,nan
3708,137.785,0,0,0,0,0,674,1,16,nan
3709,177.65000000000001,0,0,0,0,0,1175,1,16,nan
3710,194.48500000000001,0,0,0,0,0,1356,1,16,nan
3711,169.39400000000001,0,0,0,0,0,1074,1,16,nan
3712,148.785,0,0,0,0,0,705,1,16,nan
3713,175.85300000000001,0,0,0,0,0,1120,1,16,nan
3714,164.601,0,0,0,0,0,937,1,16,nan
3715,131.96199999999999,0,0,0,0,0,539,1,16,nan
3716,175.40100000000001,0,0,0,0,0,1099,1,16,nan
3717,177.941,0,0,0,0,0,1085,1,16,nan
3718,193.15600000000001,0,0,0,0,0,912,1,16,nan
3719,182.83600000000001,0,0,0,0,0,1046,1,16,nan
3720,228.316,0,0,0,0,0,1274,1,16,nan
3721,209.357,0,0,0,0,0,898,1,16,nan
3722,173.619,0,0,0,0,0,1008,1,16,nan
3723,149.249,0,0,0,0,0,744,1,16,nan
3724,183.21600000000001,0,0,0,0,0,1001,1,16,nan
3725,142.721,0,0,0,0,0,685,1,16,nan
3726,179.28700000000001,0,0,0,0,0,1105,1,16,nan
3727,165.251,0,0,0,0,0,1010,1,16,nan
3728,173.28,0,0,0,0,0,1158,1,16,nan
3729,129.053,0,0,0,0,0,554,1,16,nan
3730,181.84299999999999,0,0,0,0,0,1158,1,16,nan
3731,147.98400000000001,0,0,0,0,0,776,1,16,nan
3732,187.87100000000001,0,0,0,0,0,1198,1,16,nan
3733,220.97800000000001,0,0,0,0,0,1301,1,16,nan
3734,203.08699999999999,0,0,0,0,0,1229,1,16,nan
3735,198.87,0,0,0,0,0,1187,1,16,nan
3736,168.94300000000001,0,0,0,0,0,714,1,16,nan
3737,176.72499999999999,0,0,0,0,0,1176,1,16,nan
3738,165.87200000000001,0,0,0,0,0,946,1,16,nan
3739,204.76900000000001,0,0,0,0,0,1440,1,16,nan
3740,202.36099999999999,0,0,0,0,0,1312,1,16,nan
3741,169.55500000000001,0,0,0,0,0,1092,1,16,nan
3742,164.102,0,0,0,0,0,1044,1,16,nan
3743,171.28700000000001,0,0,0,0,0,1108,1,16,nan
3744,191.52500000000001,0,0,0,0,0,1105,1,16,nan
3745,129.63200000000001,0,0,0,0,0,464,1,16,nan
3746,191.33099999999999,0,0,0,0,0,1124,1,16,nan
3747,200.858,0,0,0,0,0,1313,1,16,nan
3748,204.339,0,0,0,0,0,1018,1,16,nan
3749,207.06399999999999,0,0,0,0,0,1189,1,16,nan
3750,220.501,0,0,0,0,0,1237,1,16,nan
3751,191.61099999999999,0,0,0,0,0,1044,1,16,nan
3752,150.50899999999999,0,0,0,0,0,762,1,16,nan
3753,173.501,0,0,0,0,0,1114,1,16,nan
3754,178.10400000000001,0,0,0,0,0,1104,1,16,nan
3755,184.197,0,0,0,0,0,1232,1,16,nan
3756,163.72300000000001,0,0,0,0,0,988,1,16,nan
3757,173.922,0,0,0,0,0,1109,1,16,nan
3758,156.626,0,0,0,0,0,918,1,16,nan
3759,166.47300000000001,0,0,0,0,0,1017,1,16,nan
3760,182.86099999999999,0,0,0,0,0,1224,1,16,nan
3761,191.88399999999999,0,0,0,0,0,1260,1,16,nan
3762,186.74000000000001,0,0,0,0,0,1215,1,16,nan
3763,176.346,0,0,0,0,0,1257,1,16,nan
3764,191.20099999999999,0,0,0,0,0,1047,1,16,nan
3765,179.77600000000001,0,0,0,0,0,1098,1,16,nan
3766,184.155,0,0,0,0,0,1201,1,16,nan
3767,202.459,0,0,0,0,0,1317,1,16,nan
3768,200.31899999999999,0,0,0,0,0,1258,1,16,nan
3769,171.982,0,0,0,0,0,1053,1,16,nan
3770,177.03999999999999,0,0,0,0,0,1194,1,16,nan
3771,162.41200000000001,0,0,0,0,0,1004,1,16,nan
3772,174.40600000000001,0,0,0,0,0,1146,1,16,nan
3773,176.291,0,0,0,0,0,1187,1,16,nan
3774,172.17500000000001,0,0,0,0,0,1158,1,16,nan
3775,172.804,0,0,0,0,0,1109,1,16,nan
3776,187.453,0,0,0,0,0,1264,1,16,nan
3777,193.45599999999999,0,0,0,0,0,1277,1,16,nan
3778,161.745,0,0,0,0,0,980,1,16,nan
3779,201.5,0,0,0,0,0,1300,1,16,nan
3780,163.691,0,0,0,0,0,1082,1,16,nan
3781,143.029,0,0,0,0,0,684,1,16,nan
3782,188.50299999999999,0,0,0,0,0,1224,1,16,nan
3783,152.88800000000001,0,0,0,0,0,851,1,16,nan
3784,138.613,0,0,0,0,0,666,1,16,nan
3785,184.97300000000001,0,0,0,0,0,1202,1,16,nan
3786,143.31100000000001,0,0,0,0,0,772,1,16,nan
3787,144.26599999999999,0,0,0,0,0,718,1,16,nan
3788,162.48099999999999,0,0,0,0,0,951,1,16,nan
3789,170.40799999999999,0,0,0,0,0,1092,1,16,nan
3790,175.56100000000001,0,0,0,0,0,1113,1,16,nan
3791,173.59399999999999,0,0,0,0,0,1101,1,16,nan
3792,181.55099999999999,0,0,0,0,0,1145,1,16,nan
3793,174.30099999999999,0,0,0,0,0,1137,1,16,nan
3794,151.27600000000001,0,0,0,0,0,762,1,16,nan
3795,153.58500000000001,0,0,0,0,0,870,1,16,nan
3796,168.244,0,0,0,0,0,1116,1,16,nan
3797,192.172,0,0,0,0,0,1113,1,16,nan
3798,154.892,0,0,0,0,0,842,1,16,nan
3799,143.786,0,0,0,0,0,636,1,16,nan
3800,199.34800000000001,0,0,0,0,0,1332,1,16,nan
3801,184.67699999999999,0,0,0,0,0,1134,1,16,nan
3802,188.95500000000001,0,0,0,0,0,1278,1,16,nan
3803,180.65199999999999,0,0,0,0,0,1190,1,16,nan
3804,192.172,0,0,0,0,0,1109,1,16,nan
3805,209.17500000000001,0,0,0,0,0,1195,1,16,nan
3806,155.00299999999999,0,0,0,0,0,804,1,16,nan
3807,169.624,0,0,0,0,0,1030,1,16,nan
3808,184.834,0,0,0,0,0,1274,1,16,nan
3809,182.42400000000001,0,0,0,0,0,1182,1,16,nan
3810,163.77099999999999,0,0,0,0,0,982,1,16,nan
3811,180.22399999999999,0,0,0,0,0,1108,1,16,nan
3812,178.93799999999999,0,0,0,0,0,1164,1,16,nan
3813,181.142,0,0,0,0,0,1169,1,16,nan
3814,164.14599999999999,0,0,0,0,0,1022,1,16,nan
3815,120.176,0,0,0,0,0,469,1,16,nan
3816,188.416,0,0,0,0,0,1346,1,16,nan
3817,175.53299999999999,0,0,0,0,0,1145,1,16,nan
3818,186.61099999999999,0,0,0,0,0,1272,1,16,nan
3819,187.435,0,0,0,0,0,1274,1,16,nan
3820,179.011,0,0,0,0,0,1136,1,16,nan
3821,177.59200000000001,0,0,0,0,0,1159,1,16,nan
3822,178.06100000000001,0,0,0,0,0,1201,1,16,nan
3823,134.43199999999999,0,0,0,0,0,584,1,16,nan
3824,167.14400000000001,0,0,0,0,0,1011,1,16,nan
3825,187.41800000000001,0,0,0,0,0,1235,1,16,nan
3826,180.53100000000001,0,0,0,0,0,1187,1,16,nan
3827,153.76599999999999,0,0,0,0,0,842,1,16,nan
3828,168.797,0,0,0,0,0,1043,1,16,nan
3829,202.51599999999999,0,0,0,0,0,1436,1,16,nan
3830,159.84899999999999,0,0,0,0,0,962,1,16,nan
3831,122.39700000000001,0,0,0,0,0,463,1,16,nan
3832,154.13300000000001,0,0,0,0,0,855,1,16,nan
3833,206.506,0,0,0,0,0,1437,1,16,nan
3834,182.13499999999999,0,0,0,0,0,1218,1,16,nan
3835,186.84700000000001,0,0,0,0,0,1220,1,16,nan
3836,161.786,0,0,0,0,0,971,1,16,nan
3837,183.06399999999999,0,0,0,0,0,1250,1,16,nan
3838,185.20599999999999,0,0,0,0,0,1253,1,16,nan
3839,161.11600000000001,0,0,0,0,0,1007,1,16,nan
3840,174.09399999999999,0,0,0,0,0,1121,1,16,nan
3841,142.745,0,0,0,0,0,675,1,16,nan
3842,168.703,0,0,0,0,0,1077,1,16,nan
3843,167.108,0,0,0,0,0,957,1,16,nan
3844,134.274,0,0,0,0,0,597,1,16,nan
3845,164.00899999999999,0,0,0,0,0,990,1,16,nan
3846,156.328,0,0,0,0,0,890,1,16,nan
3847,183.435,0,0,0,0,0,1266,1,16,nan
3848,193.874,0,0,0,0,0,1282,1,16,nan
3849,158.36799999999999,0,0,0,0,0,931,1,16,nan
3850,153.05600000000001,0,0,0,0,0,846,1,16,nan
3851,139.85300000000001,0,0,0,0,0,701,1,16,nan
3852,197.18000000000001,0,0,0,0,0,1332,1,16,nan
3853,146.94999999999999,0,0,0,0,0,782,1,16,nan
3854,169.96299999999999,0,0,0,0,0,1044,1,16,nan
3855,140.60300000000001,0,0,0,0,0,744,1,16,nan
3856,166.02799999999999,0,0,0,0,0,967,1,16,nan
3857,146.93199999999999,0,0,0,0,0,792,1,16,nan
3858,153.03399999999999,0,0,0,0,0,845,1,16,nan
3859,169.41399999999999,0,0,0,0,0,965,1,16,nan
3860,140.785,0,0,0,0,0,676,1,16,nan
3861,168.09299999999999,0,0,0,0,0,1067,1,16,nan
3862,163.50700000000001,0,0,0,0,0,883,1,16,nan
3863,176.816,0,0,0,0,0,1098,1,16,nan
3864,161.15600000000001,0,0,0,0,0,954,1,16,nan
3865,158.59100000000001,0,0,0,0,0,975,1,16,nan
3866,169.50700000000001,0,0,0,0,0,1083,1,16,nan
3867,165.77600000000001,0,0,0,0,0,1068,1,16,nan
3868,149.70500000000001,0,0,0,0,0,839,1,16,nan
3869,169.25200000000001,0,0,0,0,0,1076,1,16,nan
3870,176.971,0,0,0,0,0,1151,1,16,nan
3871,155.66200000000001,0,0,0,0,0,952,1,16,nan
3872,175.774,0,0,0,0,0,1165,1,16,nan
3873,182.101,0,0,0,0,0,1231,1,16,nan
3874,189.71799999999999,0,0,0,0,0,1312,1,16,nan
3875,175.27000000000001,0,0,0,0,0,1135,1,16,nan
3876,186.67099999999999,0,0,0,0,0,1066,1,16,nan
3877,202.44800000000001,0,0,0,0,0,1025,1,16,nan
3878,174.85900000000001,0,0,0,0,0,1084,1,16,nan
3879,164.505,0,0,0,0,0,828,1,16,nan
3880,173.96600000000001,0,0,0,0,0,943,1,16,nan
3881,170.97800000000001,0,0,0,0,0,968,1,16,nan
3882,206.55199999999999,0,0,0,0,0,1312,1,16,nan
3883,190.21799999999999,0,0,0,0,0,1196,1,16,nan
3884,189.11799999999999,0,0,0,0,0,1122,1,16,nan
3885,194.62799999999999,0,0,0,0,0,1244,1,16,nan
3886,184.72499999999999,0,0,0,0,0,896,1,16,nan
3887,193.87299999999999,0,0,0,0,0,1407,1,16,nan
3888,131.69999999999999,0,0,0,0,0,573,1,16,nan
3889,157.49199999999999,0,0,0,0,0,907,1,16,nan
3890,202.77600000000001,0,0,0,0,0,1035,1,16,nan
3891,185.137,0,0,0,0,0,1151,1,16,nan
3892,168.47499999999999,0,0,0,0,0,1095,1,16,nan
3893,197.60499999999999,0,0,0,0,0,1409,1,16,nan
3894,150.96600000000001,0,0,0,0,0,839,1,16,nan
3895,164.452,0,0,0,0,0,1006,1,16,nan
3896,175.48400000000001,0,0,0,0,0,1017,1,16,nan
3897,168.01300000000001,0,0,0,0,0,1053,1,16,nan
3898,198.40799999999999,0,0,0,0,0,1160,1,16,nan
3899,191.738,0,0,0,0,0,1104,1,16,nan
3900,188.52000000000001,0,0,0,0,0,1123,1,16,nan
3901,163.19399999999999,0,0,0,0,0,888,1,16,nan
3902,188.72399999999999,0,0,0,0,0,1225,1,16,nan
3903,163.661,0,0,0,0,0,996,1,16,nan
3904,178.16200000000001,0,0,0,0,0,1119,1,16,nan
3905,223.136,0,0,0,0,0,1458,1,16,nan
3906,188.536,0,0,0,0,0,1249,1,16,nan
3907,179.583,0,0,0,0,0,1147,1,16,nan
3908,158.67400000000001,0,0,0,0,0,911,1,16,nan
3909,180.202,0,0,0,0,0,1137,1,16,nan
3910,166.91499999999999,0,0,0,0,0,1030,1,16,nan
3911,162.78399999999999,0,0,0,0,0,918,1,16,nan
3912,145.286,0,0,0,0,0,730,1,16,nan
3913,189.233,0,0,0,0,0,1227,1,16,nan
3914,143.72900000000001,0,0,0,0,0,707,1,16,nan
3915,117.79900000000001,0,0,0,0,0,458,1,16,nan
3916,124.256,0,0,0,0,0,488,1,16,nan
3917,182.28999999999999,0,0,0,0,0,1240,1,16,nan
3918,161.233,0,0,0,0,0,875,1,16,nan
3919,151.17400000000001,0,0,0,0,0,881,1,16,nan
3920,156.04900000000001,0,0,0,0,0,699,1,16,nan
3921,173.09299999999999,0,0,0,0,0,1106,1,16,nan
3922,183.53299999999999,0,0,0,0,0,984,1,16,nan
3923,194.15299999999999,0,0,0,0,0,1350,1,16,nan
3924,190.517,0,0,0,0,0,1303,1,16,nan
3925,185.5,0,0,0,0,0,1209,1,16,nan
3926,168.101,0,0,0,0,0,972,1,16,nan
3927,171.07499999999999,0,0,0,0,0,1062,1,16,nan
3928,183.10599999999999,0,0,0,0,0,1180,1,16,nan
3929,184.316,0,0,0,0,0,1250,1,16,nan
3930,179.298,0,0,0,0,0,1173,1,16,nan
3931,120.956,0,0,0,0,0,466,1,16,nan
3932,145.94200000000001,0,0,0,0,0,654,1,16,nan
3933,180.53700000000001,0,0,0,0,0,1218,1,16,nan
3934,171.09700000000001,0,0,0,0,0,1076,1,16,nan
3935,181.76499999999999,0,0,0,0,0,1266,1,16,nan
3936,166.90600000000001,0,0,0,0,0,1004,1,16,nan
3937,186.31899999999999,0,0,0,0,0,1043,1,16,nan
3938,149.274,0,0,0,0,0,741,1,16,nan
3939,225.64400000000001,0,0,0,0,0,1313,1,16,nan
3940,184.97499999999999,0,0,0,0,0,895,1,16,nan
3941,180.90799999999999,0,0,0,0,0,915,1,16,nan
3942,203.733,0,0,0,0,0,1080,1,16,nan
3943,156.536,0,0,0,0,0,707,1,16,nan
3944,192.21799999999999,0,0,0,0,0,1093,1,16,nan
3945,180.613,0,0,0,0,0,1164,1,16,nan
3946,193.339,0,0,0,0,0,1230,1,16,nan
3947,195.42400000000001,0,0,0,0,0,1365,1,16,nan
3948,201.322,0,0,0,0,0,1164,1,16,nan
3949,155.04400000000001,0,0,0,0,0,860,1,16,nan
3950,189.47900000000001,0,0,0,0,0,1196,1,16,nan
3951,160.322,0,0,0,0,0,842,1,16,nan
3952,147.31200000000001,0,0,0,0,0,732,1,16,nan
3953,201.434,0,0,0,0,0,1325,1,16,nan
3954,168.82599999999999,0,0,0,0,0,777,1,16,nan
3955,151.37,0,0,0,0,0,860,1,16,nan
3956,171.27699999999999,0,0,0,0,0,1062,1,16,nan
3957,156.74199999999999,0,0,0,0,0,923,1,16,nan
3958,185.14400000000001,0,0,0,0,0,1173,1,16,nan
3959,138.696,0,0,0,0,0,714,1,16,nan
3960,163.87700000000001,0,0,0,0,0,1039,1,16,nan
3961,170.06800000000001,0,0,0,0,0,1124,1,16,nan
3962,167.602,0,0,0,0,0,953,1,16,nan
3963,197.88300000000001,0,0,0,0,0,1349,1,16,nan
3964,147.68600000000001,0,0,0,0,0,778,1,16,nan
3965,186.09800000000001,0,0,0,0,0,1125,1,16,nan
3966,165.459,0,0,0,0,0,1005,1,16,nan
3967,173.37,0,0,0,0,0,1054,1,16,nan
3968,163.44300000000001,0,0,0,0,0,949,1,16,nan
3969,207.84999999999999,0,0,0,0,0,1382,1,16,nan
3970,183.42599999999999,0,0,0,0,0,1142,1,16,nan
3971,164.37100000000001,0,0,0,0,0,928,1,16,nan
3972,140.69300000000001,0,0,0,0,0,662,1,16,nan
3973,154.095,0,0,0,0,0,812,1,16,nan
3974,165.36600000000001,0,0,0,0,0,976,1,16,nan
3975,220.738,0,0,0,0,0,1316,1,16,nan
3976,177.565,0,0,0,0,0,1104,1,16,nan
3977,156.97399999999999,0,0,0,0,0,854,1,16,nan
3978,166.41399999999999,0,0,0,0,0,1042,1,16,nan
3979,171.09800000000001,0,0,0,0,0,1071,1,16,nan
3980,183.13900000000001,0,0,0,0,0,1139,1,16,nan
3981,166.08699999999999,0,0,0,0,0,1039,1,16,nan
3982,149.977,0,0,0,0,0,678,1,16,nan
3983,202.66999999999999,0,0,0,0,0,1384,1,16,nan
3984,137.96600000000001,0,0,0,0,0,599,1,16,nan
3985,167.19300000000001,0,0,0,0,0,1007,1,16,nan
3986,160.74199999999999,0,0,0,0,0,948,1,16,nan
3987,170.09399999999999,0,0,0,0,0,1055,1,16,nan
3988,167.905,0,0,0,0,0,1045,1,16,nan
3989,189.089,0,0,0,0,0,1225,1,16,nan
3990,179.62899999999999,0,0,0,0,0,1188,1,16,nan
3991,168.071,0,0,0,0,0,1138,1,16,nan
3992,163.00200000000001,0,0,0,0,0,942,1,16,nan
3993,143.26400000000001,0,0,0,0,0,742,1,16,nan
3994,181.958,0,0,0,0,0,1178,1,16,nan
3995,132.21700000000001,0,0,0,0,0,565,1,16,nan
3996,178.27699999999999,0,0,0,0,0,1206,1,16,nan
3997,188.71299999999999,0,0,0,0,0,1247,1,16,nan
3998,187.04400000000001,0,0,0,0,0,1233,1,16,nan
3999,184.24199999999999,0,0,0,0,0,1177,1,16,nan
4000,122.20399999999999,0,0,0,0,0,491,1,16,nan
4001,179.72300000000001,0,0,0,0,0,1195,1,16,nan
4002,175.53999999999999,0,0,0,0,0,1151,1,16,nan
4003,165.721,0,0,0,0,0,1045,1,16,nan
4004,184.79599999999999,0,0,0,0,0,1254,1,16,nan
4005,138.565,0,0,0,0,0,698,1,16,nan
4006,148.499,0,0,0,0,0,835,1,16,nan
4007,160.137,0,0,0,0,0,870,1,16,nan
4008,180.571,0,0,0,0,0,1265,1,16,nan
4009,181.929,0,0,0,0,0,1203,1,16,nan
4010,125.273,0,0,0,0,0,545,1,16,nan
4011,160.464,0,0,0,0,0,908,1,16,nan
4012,193.21199999999999,0,0,0,0,0,1321,1,16,nan
4013,161.178,0,0,0,0,0,965,1,16,nan
4014,156.79900000000001,0,0,0,0,0,801,1,16,nan
4015,167.34899999999999,0,0,0,0,0,1003,1,16,nan
4016,185.59700000000001,0,0,0,0,0,1226,1,16,nan
4017,195.14099999999999,0,0,0,0,0,1293,1,16,nan
4018,175.66900000000001,0,0,0,0,0,1087,1,16,nan
4019,200.94999999999999,0,0,0,0,0,1387,1,16,nan
4020,177.02199999999999,0,0,0,0,0,1125,1,16,nan
4021,168.99299999999999,0,0,0,0,0,1029,1,16,nan
4022,156.536,0,0,0,0,0,861,1,16,nan
4023,181.822,0,0,0,0,0,1276,1,16,nan
4024,190.41300000000001,0,0,0,0,0,1305,1,16,nan
4025,168.30600000000001,0,0,0,0,0,1082,1,16,nan
4026,169.37899999999999,0,0,0,0,0,1030,1,16,nan
4027,192.86000000000001,0,0,0,0,0,1086,1,16,nan
4028,171.10499999999999,0,0,0,0,0,888,1,16,nan
4029,136.898,0,0,0,0,0,538,1,16,nan
4030,190.386,0,0,0,0,0,1076,1,16,nan
4031,159.43600000000001,0,0,0,0,0,736,1,16,nan
4032,214.33699999999999,0,0,0,0,0,1275,1,16,nan
4033,154.904,0,0,0,0,0,787,1,16,nan
4034,181.33600000000001,0,0,0,0,0,1141,1,16,nan
4035,204.31899999999999,0,0,0,0,0,1090,1,16,nan
4036,184.321,0,0,0,0,0,1088,1,16,nan
4037,159.124,0,0,0,0,0,741,1,16,nan
4038,157.07499999999999,0,0,0,0,0,582,1,16,nan
4039,162.21600000000001,0,0,0,0,0,727,1,16,nan
4040,171.94999999999999,0,0,0,0,0,1060,1,16,nan
4041,182.33799999999999,0,0,0,0,0,1156,1,16,nan
4042,156.13499999999999,0,0,0,0,0,924,1,16,nan
4043,187.66499999999999,0,0,0,0,0,1221,1,16,nan
4044,155.06999999999999,0,0,0,0,0,832,1,16,nan
4045,172.46600000000001,0,0,0,0,0,1042,1,16,nan
4046,129.79900000000001,0,0,0,0,0,577,1,16,nan
4047,177.14400000000001,0,0,0,0,0,1113,1,16,nan
4048,155.63900000000001,0,0,0,0,0,879,1,16,nan
4049,144.44999999999999,0,0,0,0,0,736,1,16,nan
4050,149.30600000000001,0,0,0,0,0,826,1,16,nan
4051,189.44300000000001,0,0,0,0,0,1232,1,16,nan
4052,163.73500000000001,0,0,0,0,0,1045,1,16,nan
4053,185.84800000000001,0,0,0,0,0,1280,1,16,nan
4054,197.50899999999999,0,0,0,0,0,1402,1,16,nan
4055,166.76300000000001,0,0,0,0,0,907,1,16,nan
4056,153.64099999999999,0,0,0,0,0,934,1,16,nan
4057,163.89400000000001,0,0,0,0,0,986,1,16,nan
4058,166.928,0,0,0,0,0,1048,1,16,nan
4059,178.13900000000001,0,0,0,0,0,780,1,16,nan
4060,169.69499999999999,0,0,0,0,0,1098,1,16,nan
4061,156.50800000000001,0,0,0,0,0,921,1,16,nan
4062,151.328,0,0,0,0,0,684,1,16,nan
4063,171.262,0,0,0,0,0,1055,1,16,nan
4064,170.626,0,0,0,0,0,1071,1,16,nan
4065,168.25700000000001,0,0,0,0,0,988,1,16,nan
4066,168.85300000000001,0,0,0,0,0,1018,1,16,nan
4067,175.40799999999999,0,0,0,0,0,1127,1,16,nan
4068,126.992,0,0,0,0,0,505,1,16,nan
4069,187.095,0,0,0,0,0,1270,1,16,nan
4070,193.155,0,0,0,0,0,1106,1,16,nan
4071,184.32900000000001,0,0,0,0,0,967,1,16,nan
4072,185.37899999999999,0,0,0,0,0,1123,1,16,nan
4073,156.863,0,0,0,0,0,830,1,16,nan
4074,167.518,0,0,0,0,0,903,1,16,nan
4075,169.90299999999999,0,0,0,0,0,948,1,16,nan
4076,140.51300000000001,0,0,0,0,0,623,1,16,nan
4077,181.077,0,0,0,0,0,1023,1,16,nan
4078,185.56200000000001,0,0,0,0,0,1159,1,16,nan
4079,197.86600000000001,0,0,0,0,0,1131,1,16,nan
4080,184.65600000000001,0,0,0,0,0,1077,1,16,nan
4081,166.672,0,0,0,0,0,1012,1,16,nan
4082,163.25200000000001,0,0,0,0,0,995,1,16,nan
4083,177.61500000000001,0,0,0,0,0,1113,1,16,nan
4084,151.56800000000001,0,0,0,0,0,805,1,16,nan
4085,184.47,0,0,0,0,0,1311,1,16,nan
4086,151.535,0,0,0,0,0,787,1,16,nan
4087,158.02600000000001,0,0,0,0,0,914,1,16,nan
4088,192.59999999999999,0,0,0,0,0,1330,1,16,nan
4089,139.86000000000001,0,0,0,0,0,635,1,16,nan
4090,186.73400000000001,0,0,0,0,0,1186,1,16,nan
4091,111.62,0,0,0,0,0,400,1,16,nan
4092,150.61099999999999,0,0,0,0,0,814,1,16,nan
4093,179.68000000000001,0,0,0,0,0,1184,1,16,nan
4094,156.72300000000001,0,0,0,0,0,804,1,16,nan
4095,156.91800000000001,0,0,0,0,0,904,1,16,nan
4096,118.223,0,0,0,0,0,420,1,16,nan
4097,115.586,0,0,0,0,0,408,1,16,nan
4098,184.95099999999999,0,0,0,0,0,1187,1,16,nan
4099,179.21600000000001,0,0,0,0,0,1154,1,16,nan
4100,170.756,0,0,0,0,0,1073,1,16,nan
4101,171.999,0,0,0,0,0,1019,1,16,nan
4102,195.28100000000001,0,0,0,0,0,1326,1,16,nan
4103,176.19,0,0,0,0,0,1177,1,16,nan
4104,170.73699999999999,0,0,0,0,0,1089,1,16,nan
4105,157.494,0,0,0,0,0,880,1,16,nan
4106,186.33099999999999,0,0,0,0,0,1239,1,16,nan
4107,173.696,0,0,0,0,0,1108,1,16,nan
4108,175.06100000000001,0,0,0,0,0,1066,1,16,nan
4109,166.87899999999999,0,0,0,0,0,1080,1,16,nan
4110,174.035,0,0,0,0,0,1099,1,16,nan
4111,183.63900000000001,0,0,0,0,0,1237,1,16,nan
4112,184.334,0,0,0,0,0,1212,1,16,nan
4113,188.91800000000001,0,0,0,0,0,1231,1,16,nan
4114,145.87799999999999,0,0,0,0,0,720,1,16,nan
4115,186.95699999999999,0,0,0,0,0,1257,1,16,nan
4116,167.34700000000001,0,0,0,0,0,1011,1,16,nan
4117,202.78299999999999,0,0,0,0,0,1121,1,16,nan
4118,191.39699999999999,0,0,0,0,0,1004,1,16,nan
4119,155.28999999999999,0,0,0,0,0,664,1,16,nan
4120,213.62100000000001,0,0,0,0,0,1273,1,16,nan
4121,186.61699999999999,0,0,0,0,0,1281,1,16,nan
4122,171.952,0,0,0,0,0,1099,1,16,nan
4123,177.94900000000001,0,0,0,0,0,1138,1,16,nan
4124,209.32400000000001,0,0,0,0,0,1418,1,16,nan
4125,168.57900000000001,0,0,0,0,0,1012,1,16,nan
4126,191.721,0,0,0,0,0,1329,1,16,nan
4127,151.12,0,0,0,0,0,787,1,16,nan
4128,169.779,0,0,0,0,0,1048,1,16,nan
4129,146.34100000000001,0,0,0,0,0,763,1,16,nan
4130,193.72399999999999,0,0,0,0,0,1187,1,16,nan
4131,183.18700000000001,0,0,0,0,0,1022,1,16,nan
4132,166.52099999999999,0,0,0,0,0,896,1,16,nan
4133,189.46100000000001,0,0,0,0,0,1184,1,16,nan
4134,175.36099999999999,0,0,0,0,0,1042,1,16,nan
4135,180.78299999999999,0,0,0,0,0,1055,1,16,nan
4136,163.18600000000001,0,0,0,0,0,964,1,16,nan
4137,157.75,0,0,0,0,0,768,1,16,nan
4138,173.90000000000001,0,0,0,0,0,915,1,16,nan
4139,193.68000000000001,0,0,0,0,0,1368,1,16,nan
4140,159.18000000000001,0,0,0,0,0,893,1,16,nan
4141,191.43199999999999,0,0,0,0,0,974,1,16,nan
4142,163.77000000000001,0,0,0,0,0,799,1,16,nan
4143,149.80000000000001,0,0,0,0,0,823,1,16,nan
4144,211.251,0,0,0,0,0,1152,1,16,nan
4145,178.77099999999999,0,0,0,0,0,1002,1,16,nan
4146,189.489,0,0,0,0,0,1285,1,16,nan
4147,181.994,0,0,0,0,0,1164,1,16,nan
4148,174.447,0,0,0,0,0,1146,1,16,nan
4149,126.59699999999999,0,0,0,0,0,486,1,16,nan
4150,135.96100000000001,0,0,0,0,0,698,1,16,nan
4151,154.999,0,0,0,0,0,875,1,16,nan
4152,169.29499999999999,0,0,0,0,0,1084,1,16,nan
4153,173.22499999999999,0,0,0,0,0,1079,1,16,nan
4154,156.84700000000001,0,0,0,0,0,908,1,16,nan
4155,178.52000000000001,0,0,0,0,0,1195,1,16,nan
4156,169.49600000000001,0,0,0,0,0,1022,1,16,nan
4157,183.45599999999999,0,0,0,0,0,1221,1,16,nan
4158,113.187,0,0,0,0,0,351,1,16,nan
4159,143.57900000000001,0,0,0,0,0,749,1,16,nan
4160,180.762,0,0,0,0,0,1230,1,16,nan
4161,196.21899999999999,0,0,0,0,0,1272,1,16,nan
4162,167.34100000000001,0,0,0,0,0,966,1,16,nan
4163,146.75700000000001,0,0,0,0,0,809,1,16,nan
4164,213.70599999999999,0,0,0,0,0,1505,1,16,nan
4165,179.113,0,0,0,0,0,1129,1,16,nan
4166,164.03100000000001,0,0,0,0,0,974,1,16,nan
4167,163.94800000000001,0,0,0,0,0,988,1,16,nan
4168,167.33699999999999,0,0,0,0,0,1085,1,16,nan
4169,158.40100000000001,0,0,0,0,0,936,1,16,nan
4170,166.06299999999999,0,0,0,0,0,1004,1,16,nan
4171,187.46299999999999,0,0,0,0,0,1252,1,16,nan
4172,193.97,0,0,0,0,0,1212,1,16,nan
4173,178.25800000000001,0,0,0,0,0,1133,1,16,nan
4174,184.77600000000001,0,0,0,0,0,1248,1,16,nan
4175,183.70099999999999,0,0,0,0,0,1223,1,16,nan
4176,138.98400000000001,0,0,0,0,0,641,1,16,nan
4177,158.16,0,0,0,0,0,920,1,16,nan
4178,135.99799999999999,0,0,0,0,0,599,1,16,nan
4179,188.33199999999999,0,0,0,0,0,1298,1,16,nan
4180,197.37799999999999,0,0,0,0,0,1352,1,16,nan
4181,156.316,0,0,0,0,0,888,1,16,nan
4182,181.727,0,0,0,0,0,1196,1,16,nan
4183,176.70699999999999,0,0,0,0,0,1098,1,16,nan
4184,175.655,0,0,0,0,0,1118,1,16,nan
4185,163.47,0,0,0,0,0,998,1,16,nan
4186,156.12200000000001,0,0,0,0,0,878,1,16,nan
4187,171.38499999999999,0,0,0,0,0,1126,1,16,nan
4188,206.70599999999999,0,0,0,0,0,1444,1,16,nan
4189,171.232,0,0,0,0,0,1044,1,16,nan
4190,123.80500000000001,0,0,0,0,0,494,1,16,nan
4191,178.30699999999999,0,0,0,0,0,902,1,16,nan
4192,184.833,0,0,0,0,0,995,1,16,nan
4193,184.15700000000001,0,0,0,0,0,984,1,16,nan
4194,203.34399999999999,0,0,0,0,0,1161,1,16,nan
4195,144.066,0,0,0,0,0,708,1,16,nan
4196,161.209,0,0,0,0,0,1026,1,16,nan
4197,163.95400000000001,0,0,0,0,0,985,1,16,nan
4198,161.619,0,0,0,0,0,928,1,16,nan
4199,219.857,0,0,0,0,0,1274,1,16,nan
4200,212.916,0,0,0,0,0,1295,1,16,nan
4201,209.55500000000001,0,0,0,0,0,1271,1,16,nan
4202,201.636,0,0,0,0,0,1263,1,16,nan
4203,196.55099999999999,0,0,0,0,0,1375,1,16,nan
4204,148.58199999999999,0,0,0,0,0,815,1,16,nan
4205,173.34200000000001,0,0,0,0,0,1121,1,16,nan
4206,146.52600000000001,0,0,0,0,0,765,1,16,nan
4207,218.15799999999999,0,0,0,0,0,1363,1,16,nan
4208,159.21199999999999,0,0,0,0,0,781,1,16,nan
4209,179.191,0,0,0,0,0,971,1,16,nan
4210,215.08199999999999,0,0,0,0,0,1219,1,16,nan
4211,157.83799999999999,0,0,0,0,0,896,1,16,nan
4212,171.97499999999999,0,0,0,0,0,1136,1,16,nan
4213,201.191,0,0,0,0,0,1416,1,16,nan
4214,150.95599999999999,0,0,0,0,0,821,1,16,nan
4215,197.79400000000001,0,0,0,0,0,1399,1,16,nan
4216,153.06999999999999,0,0,0,0,0,813,1,16,nan
4217,161.512,0,0,0,0,0,992,1,16,nan
4218,118.758,0,0,0,0,0,440,1,16,nan
4219,206.00200000000001,0,0,0,0,0,1484,1,16,nan
4220,166.131,0,0,0,0,0,1025,1,16,nan
4221,165.04400000000001,0,0,0,0,0,1102,1,16,nan
4222,182.399,0,0,0,0,0,1222,1,16,nan
4223,167.13,0,0,0,0,0,974,1,16,nan
4224,174.791,0,0,0,0,0,1143,1,16,nan
4225,203.90799999999999,0,0,0,0,0,1418,1,16,nan
4226,179.203,0,0,0,0,0,1173,1,16,nan
4227,173.87899999999999,0,0,0,0,0,1156,1,16,nan
4228,169.84200000000001,0,0,0,0,0,1103,1,16,nan
4229,194.44,0,0,0,0,0,1023,1,16,nan
4230,153.863,0,0,0,0,0,799,1,16,nan
4231,171.97200000000001,0,0,0,0,0,1095,1,16,nan
4232,177.97800000000001,0,0,0,0,0,1140,1,16,nan
4233,167.38800000000001,0,0,0,0,0,937,1,16,nan
4234,166.024,0,0,0,0,0,1025,1,16,nan
4235,145.017,0,0,0,0,0,739,1,16,nan
4236,177.43899999999999,0,0,0,0,0,1174,1,16,nan
4237,175.14599999999999,0,0,0,0,0,1187,1,16,nan
4238,183.184,0,0,0,0,0,1137,1,16,nan
4239,186.35400000000001,0,0,0,0,0,1238,1,16,nan
4240,154.57499999999999,0,0,0,0,0,905,1,16,nan
4241,184.67500000000001,0,0,0,0,0,1180,1,16,nan
4242,145.333,0,0,0,0,0,520,1,16,nan
4243,196.66200000000001,0,0,0,0,0,1201,1,16,nan
4244,190.256,0,0,0,0,0,1180,1,16,nan
4245,226.88200000000001,0,0,0,0,0,1291,1,16,nan
4246,165.41399999999999,0,0,0,0,0,892,1,16,nan
4247,153.58099999999999,0,0,0,0,0,752,1,16,nan
4248,172.75899999999999,0,0,0,0,0,897,1,16,nan
4249,166.876,0,0,0,0,0,964,1,16,nan
4250,188.554,0,0,0,0,0,1282,1,16,nan
4251,181.066,0,0,0,0,0,1090,1,16,nan
4252,142.64699999999999,0,0,0,0,0,560,1,16,nan
4253,158.702,0,0,0,0,0,883,1,16,nan
4254,188.11799999999999,0,0,0,0,0,1210,1,16,nan
4255,174.369,0,0,0,0,0,1081,1,16,nan
4256,191.499,0,0,0,0,0,1242,1,16,nan
4257,181.35499999999999,0,0,0,0,0,1091,1,16,nan
4258,181.495,0,0,0,0,0,1224,1,16,nan
4259,145.001,0,0,0,0,0,756,1,16,nan
4260,159.83000000000001,0,0,0,0,0,945,1,16,nan
4261,184.39599999999999,0,0,0,0,0,1256,1,16,nan
4262,178.54499999999999,0,0,0,0,0,1205,1,16,nan
4263,171.95500000000001,0,0,0,0,0,872,1,16,nan
4264,211.94800000000001,0,0,0,0,0,1287,1,16,nan
4265,187.86699999999999,0,0,0,0,0,1097,1,16,nan
4266,189.15600000000001,0,0,0,0,0,1129,1,16,nan
4267,162.96299999999999,0,0,0,0,0,831,1,16,nan
4268,188.197,0,0,0,0,0,1151,1,16,nan
4269,146.22,0,0,0,0,0,656,1,16,nan
4270,131.13,0,0,0,0,0,488,1,16,nan
4271,169.131,0,0,0,0,0,957,1,16,nan
4272,191.03299999999999,0,0,0,0,0,1066,1,16,nan
4273,180.55600000000001,0,0,0,0,0,1074,1,16,nan
4274,163.886,0,0,0,0,0,905,1,16,nan
4275,158.97399999999999,0,0,0,0,0,858,1,16,nan
4276,200.59999999999999,0,0,0,0,0,1415,1,16,nan
4277,154.608,0,0,0,0,0,856,1,16,nan
4278,169.607,0,0,0,0,0,1114,1,16,nan
4279,174.86799999999999,0,0,0,0,0,1087,1,16,nan
4280,156.36000000000001,0,0,0,0,0,883,1,16,nan
4281,184.14699999999999,0,0,0,0,0,1243,1,16,nan
4282,176.93100000000001,0,0,0,0,0,1166,1,16,nan
4283,184.22900000000001,0,0,0,0,0,1244,1,16,nan
4284,132.589,0,0,0,0,0,625,1,16,nan
4285,158.44200000000001,0,0,0,0,0,936,1,16,nan
4286,157.124,0,0,0,0,0,857,1,16,nan
4287,181.37200000000001,0,0,0,0,0,1145,1,16,nan
4288,155.59800000000001,0,0,0,0,0,900,1,16,nan
4289,129.05099999999999,0,0,0,0,0,553,1,16,nan
4290,176.363,0,0,0,0,0,1126,1,16,nan
4291,189.71000000000001,0,0,0,0,0,1213,1,16,nan
4292,156.114,0,0,0,0,0,834,1,16,nan
4293,173.90700000000001,0,0,0,0,0,1081,1,16,nan
4294,146.22399999999999,0,0,0,0,0,795,1,16,nan
4295,172.66200000000001,0,0,0,0,0,1134,1,16,nan
4296,138.15000000000001,0,0,0,0,0,648,1,16,nan
4297,173.16499999999999,0,0,0,0,0,1086,1,16,nan
4298,181.928,0,0,0,0,0,1210,1,16,nan
4299,152.941,0,0,0,0,0,875,1,16,nan
4300,173.833,0,0,0,0,0,1177,1,16,nan
4301,167.26900000000001,0,0,0,0,0,1148,1,16,nan
4302,139.69399999999999,0,0,0,0,0,648,1,16,nan
4303,186.53399999999999,0,0,0,0,0,1232,1,16,nan
4304,168.333,0,0,0,0,0,1054,1,16,nan
4305,136.297,0,0,0,0,0,687,1,16,nan
4306,174.66900000000001,0,0,0,0,0,1131,1,16,nan
4307,174.78,0,0,0,0,0,1151,1,16,nan
4308,148.29400000000001,0,0,0,0,0,805,1,16,nan
4309,119.735,0,0,0,0,0,441,1,16,nan
4310,146.904,0,0,0,0,0,676,1,16,nan
4311,180.52500000000001,0,0,0,0,0,1164,1,16,nan
4312,164.16300000000001,0,0,0,0,0,1109,1,16,nan
4313,201.14500000000001,0,0,0,0,0,1065,1,16,nan
4314,160.298,0,0,0,0,0,922,1,16,nan
4315,152.23500000000001,0,0,0,0,0,820,1,16,nan
4316,192.29900000000001,0,0,0,0,0,1157,1,16,nan
4317,196.01300000000001,0,0,0,0,0,1305,1,16,nan
4318,197.00700000000001,0,0,0,0,0,1284,1,16,nan
4319,166.44200000000001,0,0,0,0,0,918,1,16,nan
4320,184.173,0,0,0,0,0,1137,1,16,nan
4321,125.182,0,0,0,0,0,470,1,16,nan
4322,134.71799999999999,0,0,0,0,0,542,1,16,nan
4323,163.994,0,0,0,0,0,916,1,16,nan
4324,172.79599999999999,0,0,0,0,0,1019,1,16,nan
4325,179.797,0,0,0,0,0,1117,1,16,nan
4326,162.36600000000001,0,0,0,0,0,911,1,16,nan
4327,230.006,0,0,0,0,0,1639,1,16,nan
4328,189.404,0,0,0,0,0,1026,1,16,nan
4329,128.13300000000001,0,0,0,0,0,587,1,16,nan
4330,147.41399999999999,0,0,0,0,0,789,1,16,nan
4331,169.63,0,0,0,0,0,1093,1,16,nan
4332,167.66399999999999,0,0,0,0,0,1023,1,16,nan
4333,164.65199999999999,0,0,0,0,0,1093,1,16,nan
4334,187.59999999999999,0,0,0,0,0,1003,1,16,nan
4335,211.631,0,0,0,0,0,1457,1,16,nan
4336,157.596,0,0,0,0,0,883,1,16,nan
4337,161.155,0,0,0,0,0,857,1,16,nan
4338,161.55099999999999,0,0,0,0,0,995,1,16,nan
4339,137.07599999999999,0,0,0,0,0,613,1,16,nan
4340,178.17599999999999,0,0,0,0,0,1040,1,16,nan
4341,166.38900000000001,0,0,0,0,0,960,1,16,nan
4342,190.23599999999999,0,0,0,0,0,1249,1,16,nan
4343,176.499,0,0,0,0,0,1063,1,16,nan
4344,140.13800000000001,0,0,0,0,0,593,1,16,nan
4345,201.19200000000001,0,0,0,0,0,1359,1,16,nan
4346,142.81899999999999,0,0,0,0,0,691,1,16,nan
4347,187.74600000000001,0,0,0,0,0,1193,1,16,nan
4348,196.49799999999999,0,0,0,0,0,1353,1,16,nan
4349,185.71899999999999,0,0,0,0,0,1232,1,16,nan
4350,155.46899999999999,0,0,0,0,0,830,1,16,nan
4351,156.25200000000001,0,0,0,0,0,763,1,16,nan
4352,198.952,0,0,0,0,0,1313,1,16,nan
4353,159.83099999999999,0,0,0,0,0,901,1,16,nan
4354,151.02699999999999,0,0,0,0,0,814,1,16,nan
4355,211.04300000000001,0,0,0,0,0,1501,1,16,nan
4356,163.77500000000001,0,0,0,0,0,971,1,16,nan
4357,165.816,0,0,0,0,0,1005,1,16,nan
4358,150.56800000000001,0,0,0,0,0,817,1,16,nan
4359,180.08600000000001,0,0,0,0,0,1236,1,16,nan
4360,175.48500000000001,0,0,0,0,0,1165,1,16,nan
4361,201.34299999999999,0,0,0,0,0,1369,1,16,nan
4362,169.37,0,0,0,0,0,1073,1,16,nan
4363,186.26900000000001,0,0,0,0,0,1150,1,16,nan
4364,175.65299999999999,0,0,0,0,0,1179,1,16,nan
4365,165.79400000000001,0,0,0,0,0,1033,1,16,nan
4366,184.26900000000001,0,0,0,0,0,1246,1,16,nan
4367,164.67699999999999,0,0,0,0,0,1004,1,16,nan
4368,181.02500000000001,0,0,0,0,0,1205,1,16,nan
4369,144.35300000000001,0,0,0,0,0,766,1,16,nan
4370,138.42599999999999,0,0,0,0,0,625,1,16,nan
4371,178.09,0,0,0,0,0,1146,1,16,nan
4372,138.37799999999999,0,0,0,0,0,707,1,16,nan
4373,174.696,0,0,0,0,0,1198,1,16,nan
4374,162.42400000000001,0,0,0,0,0,943,1,16,nan
4375,199.756,0,0,0,0,0,1368,1,16,nan
4376,139.23599999999999,0,0,0,0,0,695,1,16,nan
4377,147.24600000000001,0,0,0,0,0,781,1,16,nan
4378,170.893,0,0,0,0,0,1113,1,16,nan
4379,146.75899999999999,0,0,0,0,0,756,1,16,nan
4380,115.91800000000001,0,0,0,0,0,420,1,16,nan
4381,123.151,0,0,0,0,0,485,1,16,nan
4382,129.249,0,0,0,0,0,603,1,16,nan
4383,171.82900000000001,0,0,0,0,0,1104,1,16,nan
4384,177.01400000000001,0,0,0,0,0,1137,1,16,nan
4385,189.00200000000001,0,0,0,0,0,1297,1,16,nan
4386,166.03700000000001,0,0,0,0,0,1112,1,16,nan
4387,151.98599999999999,0,0,0,0,0,784,1,16,nan
4388,155.74199999999999,0,0,0,0,0,893,1,16,nan
4389,161.38300000000001,0,0,0,0,0,887,1,16,nan
4390,185.03700000000001,0,0,0,0,0,1213,1,16,nan
4391,178.672,0,0,0,0,0,1205,1,16,nan
4392,196.53100000000001,0,0,0,0,0,1354,1,16,nan
4393,121.18300000000001,0,0,0,0,0,415,1,16,nan
4394,149.483,0,0,0,0,0,815,1,16,nan
4395,150.136,0,0,0,0,0,981,1,16,nan
4396,172.01499999999999,0,0,0,0,0,1062,1,16,nan
4397,194.87799999999999,0,0,0,0,0,1310,1,16,nan
4398,197.625,0,0,0,0,0,1098,1,16,nan
4399,188.066,0,0,0,0,0,1214,1,16,nan
4400,202.70099999999999,0,0,0,0,0,1436,1,16,nan
4401,179.65799999999999,0,0,0,0,0,1225,1,16,nan
4402,164.506,0,0,0,0,0,995,1,16,nan
4403,133.92099999999999,0,0,0,0,0,642,1,16,nan
4404,174.08699999999999,0,0,0,0,0,1134,1,16,nan
4405,190.685,0,0,0,0,0,1049,1,16,nan
4406,187.44499999999999,0,0,0,0,0,1114,1,16,nan
4407,162.929,0,0,0,0,0,954,1,16,nan
4408,180.80699999999999,0,0,0,0,0,1245,1,16,nan
4409,155.51599999999999,0,0,0,0,0,864,1,16,nan
4410,187.72800000000001,0,0,0,0,0,1253,1,16,nan
4411,163.81999999999999,0,0,0,0,0,531,1,16,nan
4412,190.012,0,0,0,0,0,1031,1,16,nan
4413,189.92500000000001,0,0,0,0,0,1254,1,16,nan
4414,127.55,0,0,0,0,0,510,1,16,nan
4415,190.87200000000001,0,0,0,0,0,1149,1,16,nan
4416,161.751,0,0,0,0,0,831,1,16,nan
4417,210.34399999999999,0,0,0,0,0,1091,1,16,nan
4418,191.23599999999999,0,0,0,0,0,1110,1,16,nan
4419,181.31,0,0,0,0,0,1095,1,16,nan
4420,184.667,0,0,0,0,0,1222,1,16,nan
4421,163.90600000000001,0,0,0,0,0,852,1,16,nan
4422,180.452,0,0,0,0,0,1007,1,16,nan
4423,184.095,0,0,0,0,0,1156,1,16,nan
4424,170.62100000000001,0,0,0,0,0,1029,1,16,nan
4425,145.16999999999999,0,0,0,0,0,668,1,16,nan
4426,157.077,0,0,0,0,0,812,1,16,nan
4427,181.11799999999999,0,0,0,0,0,1123,1,16,nan
4428,190.21199999999999,0,0,0,0,0,1174,1,16,nan
4429,174.84399999999999,0,0,0,0,0,1077,1,16,nan
4430,193.39699999999999,0,0,0,0,0,1269,1,16,nan
4431,173.33500000000001,0,0,0,0,0,982,1,16,nan
4432,183.25,0,0,0,0,0,1184,1,16,nan
4433,210.351,0,0,0,0,0,1395,1,16,nan
4434,176.5,0,0,0,0,0,956,1,16,nan
4435,166.161,0,0,0,0,0,934,1,16,nan
4436,161.01900000000001,0,0,0,0,0,869,1,16,nan
4437,176.52099999999999,0,0,0,0,0,1064,1,16,nan
4438,188.95699999999999,0,0,0,0,0,1140,1,16,nan
4439,193.864,0,0,0,0,0,1213,1,16,nan
4440,143.15899999999999,0,0,0,0,0,619,1,16,nan
4441,133.37700000000001,0,0,0,0,0,594,1,16,nan
4442,187.75,0,0,0,0,0,1179,1,16,nan
4443,174.821,0,0,0,0,0,1065,1,16,nan
4444,166.75200000000001,0,0,0,0,0,1006,1,16,nan
4445,135.893,0,0,0,0,0,511,1,16,nan
4446,126.58199999999999,0,0,0,0,0,470,1,16,nan
4447,178.91499999999999,0,0,0,0,0,1088,1,16,nan
4448,154.839,0,0,0,0,0,782,1,16,nan
4449,190.42099999999999,0,0,0,0,0,1245,1,16,nan
4450,163.08199999999999,0,0,0,0,0,952,1,16,nan
4451,167.874,0,0,0,0,0,963,1,16,nan
4452,184.506,0,0,0,0,0,1006,1,16,nan
4453,161.232,0,0,0,0,0,1014,1,16,nan
4454,134.24199999999999,0,0,0,0,0,665,1,16,nan
4455,196.55099999999999,0,0,0,0,0,1339,1,16,nan
4456,161.631,0,0,0,0,0,946,1,16,nan
4457,217.78399999999999,0,0,0,0,0,1325,1,16,nan
4458,157.21100000000001,0,0,0,0,0,828,1,16,nan
4459,184.886,0,0,0,0,0,992,1,16,nan
4460,141.036,0,0,0,0,0,558,1,16,nan
4461,140.136,0,0,0,0,0,625,1,16,nan
4462,182.881,0,0,0,0,0,1022,1,16,nan
4463,193.43000000000001,0,0,0,0,0,1141,1,16,nan
4464,203.70400000000001,0,0,0,0,0,1313,1,16,nan
4465,156.78200000000001,0,0,0,0,0,789,1,16,nan
4466,189.71899999999999,0,0,0,0,0,1085,1,16,nan
4467,160.30099999999999,0,0,0,0,0,833,1,16,nan
4468,188.28999999999999,0,0,0,0,0,1192,1,16,nan
4469,221.23099999999999,0,0,0,0,0,1314,1,16,nan
4470,163.47800000000001,0,0,0,0,0,1047,1,16,nan
4471,178.047,0,0,0,0,0,1056,1,16,nan
4472,191.63800000000001,0,0,0,0,0,1285,1,16,nan
4473,159.73699999999999,0,0,0,0,0,906,1,16,nan
4474,163.81800000000001,0,0,0,0,0,846,1,16,nan
4475,191.62,0,0,0,0,0,1333,1,16,nan
4476,187.24100000000001,0,0,0,0,0,1272,1,16,nan
4477,170.255,0,0,0,0,0,1023,1,16,nan
4478,190.32400000000001,0,0,0,0,0,1053,1,16,nan
4479,208.03,0,0,0,0,0,1325,1,16,nan
4480,195.49000000000001,0,0,0,0,0,1277,1,16,nan
4481,183.916,0,0,0,0,0,1073,1,16,nan
4482,177.37799999999999,0,0,0,0,0,1135,1,16,nan
4483,202.72499999999999,0,0,0,0,0,959,1,16,nan
4484,188.59,0,0,0,0,0,1187,1,16,nan
4485,197.51499999999999,0,0,0,0,0,1186,1,16,nan
4486,194.726,0,0,0,0,0,1290,1,16,nan
4487,156.42599999999999,0,0,0,0,0,724,1,16,nan
4488,181.79900000000001,0,0,0,0,0,1113,1,16,nan
4489,135.953,0,0,0,0,0,586,1,16,nan
4490,157.541,0,0,0,0,0,791,1,16,nan
4491,186.06899999999999,0,0,0,0,0,1175,1,16,nan
4492,179.785,0,0,0,0,0,1095,1,16,nan
4493,181.06899999999999,0,0,0,0,0,1105,1,16,nan
4494,182.23599999999999,0,0,0,0,0,1156,1,16,nan
4495,205.018,0,0,0,0,0,1132,1,16,nan
4496,180.791,0,0,0,0,0,795,1,16,nan
4497,138.983,0,0,0,0,0,432,1,16,nan
4498,204.08699999999999,0,0,0,0,0,1028,1,16,nan
4499,174.35900000000001,0,0,0,0,0,950,1,16,nan
4500,189.893,0,0,0,0,0,1254,1,16,nan
4501,195.32900000000001,0,0,0,0,0,1261,1,16,nan
4502,150.27699999999999,0,0,0,0,0,769,1,16,nan
4503,184.553,0,0,0,0,0,1194,1,16,nan
4504,207.02500000000001,0,0,0,0,0,1440,1,16,nan
4505,176.66399999999999,0,0,0,0,0,1107,1,16,nan
4506,184.18600000000001,0,0,0,0,0,1139,1,16,nan
4507,176.24700000000001,0,0,0,0,0,954,1,16,nan
4508,166.12700000000001,0,0,0,0,0,947,1,16,nan
4509,189.51400000000001,0,0,0,0,0,1192,1,16,nan
4510,199.727,0,0,0,0,0,1358,1,16,nan
4511,179.80099999999999,0,0,0,0,0,1084,1,16,nan
4512,190.81399999999999,0,0,0,0,0,1155,1,16,nan
4513,201.952,0,0,0,0,0,1369,1,16,nan
4514,151.80799999999999,0,0,0,0,0,742,1,16,nan
4515,188.24000000000001,0,0,0,0,0,1153,1,16,nan
4516,171.018,0,0,0,0,0,1016,1,16,nan
4517,150.35499999999999,0,0,0,0,0,734,1,16,nan
4518,181.82400000000001,0,0,0,0,0,1066,1,16,nan
4519,178.56100000000001,0,0,0,0,0,1152,1,16,nan
4520,204.358,0,0,0,0,0,1267,1,16,nan
4521,191.21700000000001,0,0,0,0,0,1277,1,16,nan
4522,194.83000000000001,0,0,0,0,0,1219,1,16,nan
4523,178.75800000000001,0,0,0,0,0,1037,1,16,nan
4524,201.46199999999999,0,0,0,0,0,1087,1,16,nan
4525,176.339,0,0,0,0,0,1119,1,16,nan
4526,175.518,0,0,0,0,0,1067,1,16,nan
4527,186.71899999999999,0,0,0,0,0,1217,1,16,nan
4528,178.97800000000001,0,0,0,0,0,1139,1,16,nan
4529,173.21299999999999,0,0,0,0,0,766,1,16,nan
4530,185.44300000000001,0,0,0,0,0,1107,1,16,nan
4531,194.66999999999999,0,0,0,0,0,1202,1,16,nan
4532,175.85400000000001,0,0,0,0,0,1005,1,16,nan
4533,183.09100000000001,0,0,0,0,0,1111,1,16,nan
4534,205.44999999999999,0,0,0,0,0,1225,1,16,nan
4535,182.572,0,0,0,0,0,1013,1,16,nan
4536,165.357,0,0,0,0,0,837,1,16,nan
4537,156.78800000000001,0,0,0,0,0,865,1,16,nan
4538,166.39099999999999,0,0,0,0,0,955,1,16,nan
4539,156.40000000000001,0,0,0,0,0,834,1,16,nan
4540,164.46799999999999,0,0,0,0,0,674,1,16,nan
4541,178.642,0,0,0,0,0,1102,1,16,nan
4542,174.739,0,0,0,0,0,1114,1,16,nan
4543,158.49299999999999,0,0,0,0,0,830,1,16,nan
4544,174.471,0,0,0,0,0,981,1,16,nan
4545,160.29900000000001,0,0,0,0,0,813,1,16,nan
4546,161.166,0,0,0,0,0,795,1,16,nan
4547,195.13900000000001,0,0,0,0,0,1145,1,16,nan
4548,198.066,0,0,0,0,0,1374,1,16,nan
4549,176.46199999999999,0,0,0,0,0,1182,1,16,nan
4550,184.13399999999999,0,0,0,0,0,1160,1,16,nan
4551,175.30500000000001,0,0,0,0,0,1058,1,16,nan
4552,152.27500000000001,0,0,0,0,0,493,1,16,nan
4553,173.91499999999999,0,0,0,0,0,1011,1,16,nan
4554,193.21100000000001,0,0,0,0,0,1195,1,16,nan
4555,161.79900000000001,0,0,0,0,0,822,1,16,nan
4556,198.03299999999999,0,0,0,0,0,1266,1,16,nan
4557,171.346,0,0,0,0,0,911,1,16,nan
4558,201.393,0,0,0,0,0,1186,1,16,nan
4559,161.08099999999999,0,0,0,0,0,971,1,16,nan
4560,201.98099999999999,0,0,0,0,0,1278,1,16,nan
4561,134.40000000000001,0,0,0,0,0,577,1,16,nan
4562,172.50899999999999,0,0,0,0,0,1012,1,16,nan
4563,186.511,0,0,0,0,0,1107,1,16,nan
4564,147.62899999999999,0,0,0,0,0,640,1,16,nan
4565,141.42500000000001,0,0,0,0,0,725,1,16,nan
4566,194.68600000000001,0,0,0,0,0,1339,1,16,nan
4567,202.99299999999999,0,0,0,0,0,1018,1,16,nan
4568,178.61799999999999,0,0,0,0,0,1169,1,16,nan
4569,169.273,0,0,0,0,0,743,1,16,nan
4570,179.57900000000001,0,0,0,0,0,1103,1,16,nan
4571,137.262,0,0,0,0,0,601,1,16,nan
4572,175.59399999999999,0,0,0,0,0,1162,1,16,nan
4573,154.13900000000001,0,0,0,0,0,966,1,16,nan
4574,179.24799999999999,0,0,0,0,0,1082,1,16,nan
4575,208.48500000000001,0,0,0,0,0,1359,1,16,nan
4576,176.85300000000001,0,0,0,0,0,997,1,16,nan
4577,198.304,0,0,0,0,0,1355,1,16,nan
4578,159.91900000000001,0,0,0,0,0,948,1,16,nan
4579,160.60499999999999,0,0,0,0,0,870,1,16,nan
4580,182.512,0,0,0,0,0,1159,1,16,nan
4581,164.07900000000001,0,0,0,0,0,820,1,16,nan
4582,182.99100000000001,0,0,0,0,0,1205,1,16,nan
4583,190.47200000000001,0,0,0,0,0,1253,1,16,nan
4584,181.501,0,0,0,0,0,1195,1,16,nan
4585,217.506,0,0,0,0,0,1553,1,16,nan
4586,132.19399999999999,0,0,0,0,0,575,1,16,nan
4587,181.63800000000001,0,0,0,0,0,1224,1,16,nan
4588,135.33500000000001,0,0,0,0,0,561,1,16,nan
4589,168.196,0,0,0,0,0,1096,1,16,nan
4590,184.351,0,0,0,0,0,1169,1,16,nan
4591,181.54400000000001,0,0,0,0,0,1225,1,16,nan
4592,202.44499999999999,0,0,0,0,0,1352,1,16,nan
4593,165.755,0,0,0,0,0,990,1,16,nan
4594,164.84399999999999,0,0,0,0,0,957,1,16,nan
4595,183.417,0,0,0,0,0,1175,1,16,nan
4596,193.011,0,0,0,0,0,1275,1,16,nan
4597,172.358,0,0,0,0,0,1179,1,16,nan
4598,188.86199999999999,0,0,0,0,0,1262,1,16,nan
4599,201.11500000000001,0,0,0,0,0,1480,1,16,nan
4600,163.61699999999999,0,0,0,0,0,920,1,16,nan
4601,165.09200000000001,0,0,0,0,0,942,1,16,nan
4602,149.68899999999999,0,0,0,0,0,853,1,16,nan
4603,177.20500000000001,0,0,0,0,0,1067,1,16,nan
4604,145.864,0,0,0,0,0,738,1,16,nan
4605,200.68000000000001,0,0,0,0,0,1350,1,16,nan
4606,158.339,0,0,0,0,0,850,1,16,nan
4607,180.892,0,0,0,0,0,1153,1,16,nan
4608,173.255,0,0,0,0,0,1084,1,16,nan
4609,194.59999999999999,0,0,0,0,0,1251,1,16,nan
4610,182.917,0,0,0,0,0,1254,1,16,nan
4611,171.93199999999999,0,0,0,0,0,1083,1,16,nan
4612,145.524,0,0,0,0,0,818,1,16,nan
4613,182.97999999999999,0,0,0,0,0,1235,1,16,nan
4614,179.63999999999999,0,0,0,0,0,1144,1,16,nan
4615,172.79499999999999,0,0,0,0,0,1142,1,16,nan
4616,165.755,0,0,0,0,0,980,1,16,nan
4617,193.68600000000001,0,0,0,0,0,1359,1,16,nan
4618,173.06100000000001,0,0,0,0,0,1174,1,16,nan
4619,174.05799999999999,0,0,0,0,0,1172,1,16,nan
4620,171.65000000000001,0,0,0,0,0,1035,1,16,nan
4621,186.465,0,0,0,0,0,1288,1,16,nan
4622,187.489,0,0,0,0,0,1187,1,16,nan
4623,117.627,0,0,0,0,0,399,1,16,nan
4624,175.01900000000001,0,0,0,0,0,1098,1,16,nan
4625,129.72900000000001,0,0,0,0,0,611,1,16,nan
4626,185.04400000000001,0,0,0,0,0,1223,1,16,nan
4627,154.91800000000001,0,0,0,0,0,963,1,16,nan
4628,185.053,0,0,0,0,0,1266,1,16,nan
4629,176.47999999999999,0,0,0,0,0,1042,1,16,nan
4630,183.18899999999999,0,0,0,0,0,1177,1,16,nan
4631,161.94999999999999,0,0,0,0,0,980,1,16,nan
4632,187.697,0,0,0,0,0,1246,1,16,nan
4633,157.02799999999999,0,0,0,0,0,952,1,16,nan
4634,140.01400000000001,0,0,0,0,0,676,1,16,nan
4635,163.44999999999999,0,0,0,0,0,998,1,16,nan
4636,192.71799999999999,0,0,0,0,0,1341,1,16,nan
4637,122.374,0,0,0,0,0,547,1,16,nan
4638,194.274,0,0,0,0,0,1356,1,16,nan
4639,140.88399999999999,0,0,0,0,0,681,1,16,nan
4640,165.27600000000001,0,0,0,0,0,964,1,16,nan
4641,144.43700000000001,0,0,0,0,0,718,1,16,nan
4642,190.119,0,0,0,0,0,1350,1,16,nan
4643,176.745,0,0,0,0,0,1146,1,16,nan
4644,167.12,0,0,0,0,0,996,1,16,nan
4645,180.078,0,0,0,0,0,1192,1,16,nan
4646,178.35499999999999,0,0,0,0,0,1205,1,16,nan
4647,148.66900000000001,0,0,0,0,0,760,1,16,nan
4648,193.363,0,0,0,0,0,1159,1,16,nan
4649,196.39699999999999,0,0,0,0,0,1253,1,16,nan
4650,193.22499999999999,0,0,0,0,0,1080,1,16,nan
4651,171.672,0,0,0,0,0,1042,1,16,nan
4652,204.929,0,0,0,0,0,1063,1,16,nan
4653,158.08799999999999,0,0,0,0,0,762,1,16,nan
4654,199.87,0,0,0,0,0,1382,1,16,nan
4655,187.72999999999999,0,0,0,0,0,1213,1,16,nan
4656,197.57499999999999,0,0,0,0,0,1216,1,16,nan
4657,177.07900000000001,0,0,0,0,0,992,1,16,nan
4658,165.87700000000001,0,0,0,0,0,788,1,16,nan
4659,181.376,0,0,0,0,0,1196,1,16,nan
4660,177.72800000000001,0,0,0,0,0,1134,1,16,nan
4661,197.215,0,0,0,0,0,942,1,16,nan
4662,189.69399999999999,0,0,0,0,0,1264,1,16,nan
4663,166.84999999999999,0,0,0,0,0,1001,1,16,nan
4664,154.41,0,0,0,0,0,855,1,16,nan
4665,201.381,0,0,0,0,0,1411,1,16,nan
4666,136.553,0,0,0,0,0,583,1,16,nan
4667,168.96100000000001,0,0,0,0,0,992,1,16,nan
4668,170.583,0,0,0,0,0,1075,1,16,nan
4669,169.172,0,0,0,0,0,1050,1,16,nan
4670,195.24799999999999,0,0,0,0,0,1343,1,16,nan
4671,214.107,0,0,0,0,0,1467,1,16,nan
4672,138.75899999999999,0,0,0,0,0,608,1,16,nan
4673,160.91200000000001,0,0,0,0,0,939,1,16,nan
4674,165.72,0,0,0,0,0,943,1,16,nan
4675,193.46100000000001,0,0,0,0,0,1312,1,16,nan
4676,116.01900000000001,0,0,0,0,0,471,1,16,nan
4677,178.102,0,0,0,0,0,1050,1,16,nan
4678,191.16200000000001,0,0,0,0,0,1207,1,16,nan
4679,190.624,0,0,0,0,0,1250,1,16,nan
4680,174.435,0,0,0,0,0,1018,1,16,nan
4681,182.148,0,0,0,0,0,1195,1,16,nan
4682,176.89599999999999,0,0,0,0,0,1160,1,16,nan
4683,165.334,0,0,0,0,0,1089,1,16,nan
4684,167.32599999999999,0,0,0,0,0,1012,1,16,nan
4685,184.03899999999999,0,0,0,0,0,1228,1,16,nan
4686,120.572,0,0,0,0,0,442,1,16,nan
4687,148.726,0,0,0,0,0,811,1,16,nan
4688,174.041,0,0,0,0,0,1179,1,16,nan
4689,154.86699999999999,0,0,0,0,0,814,1,16,nan
4690,164.48500000000001,0,0,0,0,0,1083,1,16,nan
4691,162.572,0,0,0,0,0,907,1,16,nan
4692,166.49199999999999,0,0,0,0,0,1045,1,16,nan
4693,187.935,0,0,0,0,0,1259,1,16,nan
4694,171.184,0,0,0,0,0,1030,1,16,nan
4695,183.148,0,0,0,0,0,1218,1,16,nan
4696,150.08500000000001,0,0,0,0,0,872,1,16,nan
4697,162.56200000000001,0,0,0,0,0,1019,1,16,nan
4698,206.905,0,0,0,0,0,1487,1,16,nan
4699,138.839,0,0,0,0,0,645,1,16,nan
4700,168.09800000000001,0,0,0,0,0,997,1,16,nan
4701,165.76400000000001,0,0,0,0,0,1027,1,16,nan
4702,182.69900000000001,0,0,0,0,0,1169,1,16,nan
4703,171.96799999999999,0,0,0,0,0,1052,1,16,nan
4704,147.245,0,0,0,0,0,874,1,16,nan
4705,177.25899999999999,0,0,0,0,0,1150,1,16,nan
4706,167.39400000000001,0,0,0,0,0,1031,1,16,nan
4707,175.27500000000001,0,0,0,0,0,1170,1,16,nan
4708,165.017,0,0,0,0,0,1027,1,16,nan
4709,168.398,0,0,0,0,0,820,1,16,nan
4710,187.88300000000001,0,0,0,0,0,1229,1,16,nan
4711,149.47200000000001,0,0,0,0,0,786,1,16,nan
4712,190.286,0,0,0,0,0,1240,1,16,nan
4713,201.16,0,0,0,0,0,1292,1,16,nan
4714,178.887,0,0,0,0,0,1123,1,16,nan
4715,188.62899999999999,0,0,0,0,0,1226,1,16,nan
4716,193.465,0,0,0,0,0,1166,1,16,nan
4717,173.15700000000001,0,0,0,0,0,1170,1,16,nan
4718,172.09100000000001,0,0,0,0,0,961,1,16,nan
4719,207.56700000000001,0,0,0,0,0,1217,1,16,nan
4720,186.60599999999999,0,0,0,0,0,1123,1,16,nan
4721,182.11000000000001,0,0,0,0,0,1110,1,16,nan
4722,151.36000000000001,0,0,0,0,0,706,1,16,nan
4723,170.298,0,0,0,0,0,893,1,16,nan
4724,186.28800000000001,0,0,0,0,0,1195,1,16,nan
4725,177.77199999999999,0,0,0,0,0,1085,1,16,nan
4726,184.20400000000001,0,0,0,0,0,1138,1,16,nan
4727,168.999,0,0,0,0,0,1115,1,16,nan
4728,172.52500000000001,0,0,0,0,0,1100,1,16,nan
4729,174.238,0,0,0,0,0,1124,1,16,nan
4730,163.946,0,0,0,0,0,947,1,16,nan
4731,171.75700000000001,0,0,0,0,0,1085,1,16,nan
4732,188.38900000000001,0,0,0,0,0,979,1,16,nan
4733,183.96600000000001,0,0,0,0,0,1021,1,16,nan
4734,183.65899999999999,0,0,0,0,0,1064,1,16,nan
4735,174.102,0,0,0,0,0,805,1,16,nan
4736,183.464,0,0,0,0,0,1188,1,16,nan
4737,212.14400000000001,0,0,0,0,0,1215,1,16,nan
4738,167.227,0,0,0,0,0,1002,1,16,nan
4739,160.29499999999999,0,0,0,0,0,926,1,16,nan
4740,164.44200000000001,0,0,0,0,0,1009,1,16,nan
4741,129.13800000000001,0,0,0,0,0,547,1,16,nan
4742,176.38200000000001,0,0,0,0,0,1125,1,16,nan
4743,137.566,0,0,0,0,0,614,1,16,nan
4744,180.447,0,0,0,0,0,1130,1,16,nan
4745,171.09899999999999,0,0,0,0,0,1087,1,16,nan
4746,171.69999999999999,0,0,0,0,0,1049,1,16,nan
4747,152.369,0,0,0,0,0,739,1,16,nan
4748,177.185,0,0,0,0,0,1099,1,16,nan
4749,167.22900000000001,0,0,0,0,0,1013,1,16,nan
4750,117.539,0,0,0,0,0,449,1,16,nan
4751,180.065,0,0,0,0,0,1188,1,16,nan
4752,155.09899999999999,0,0,0,0,0,917,1,16,nan
4753,159.21700000000001,0,0,0,0,0,996,1,16,nan
4754,133.17599999999999,0,0,0,0,0,548,1,16,nan
4755,184.38399999999999,0,0,0,0,0,1190,1,16,nan
4756,152.16900000000001,0,0,0,0,0,825,1,16,nan
4757,169.321,0,0,0,0,0,1040,1,16,nan
4758,151.75800000000001,0,0,0,0,0,812,1,16,nan
4759,188.946,0,0,0,0,0,1180,1,16,nan
4760,162.488,0,0,0,0,0,946,1,16,nan
4761,152.06200000000001,0,0,0,0,0,828,1,16,nan
4762,181.524,0,0,0,0,0,1265,1,16,nan
4763,150.584,0,0,0,0,0,793,1,16,nan
4764,180.17400000000001,0,0,0,0,0,1194,1,16,nan
4765,157.88900000000001,0,0,0,0,0,856,1,16,nan
4766,157.40600000000001,0,0,0,0,0,823,1,16,nan
4767,183.33099999999999,0,0,0,0,0,1191,1,16,nan
4768,167.87700000000001,0,0,0,0,0,1089,1,16,nan
4769,166.172,0,0,0,0,0,1031,1,16,nan
4770,168.071,0,0,0,0,0,1087,1,16,nan
4771,175.92500000000001,0,0,0,0,0,1241,1,16,nan
4772,185.16499999999999,0,0,0,0,0,1117,1,16,nan
4773,187.40600000000001,0,0,0,0,0,1227,1,16,nan
4774,141.97800000000001,0,0,0,0,0,697,1,16,nan
4775,177.90299999999999,0,0,0,0,0,1167,1,16,nan
4776,183.18199999999999,0,0,0,0,0,1198,1,16,nan
4777,168.96899999999999,0,0,0,0,0,1011,1,16,nan
4778,151.34,0,0,0,0,0,748,1,16,nan
4779,173.965,0,0,0,0,0,1155,1,16,nan
4780,185.45599999999999,0,0,0,0,0,1212,1,16,nan
4781,171.24000000000001,0,0,0,0,0,1063,1,16,nan
4782,167.89599999999999,0,0,0,0,0,996,1,16,nan
4783,172.95599999999999,0,0,0,0,0,1092,1,16,nan
4784,182.41399999999999,0,0,0,0,0,1270,1,16,nan
4785,180.28999999999999,0,0,0,0,0,1153,1,16,nan
4786,186.702,0,0,0,0,0,1166,1,16,nan
4787,169.13900000000001,0,0,0,0,0,1041,1,16,nan
4788,189.898,0,0,0,0,0,1267,1,16,nan
4789,179.19,0,0,0,0,0,1161,1,16,nan
4790,168.13300000000001,0,0,0,0,0,993,1,16,nan
4791,162.64599999999999,0,0,0,0,0,969,1,16,nan
4792,192.49299999999999,0,0,0,0,0,1238,1,16,nan
4793,139.00899999999999,0,0,0,0,0,663,1,16,nan
4794,142.191,0,0,0,0,0,761,1,16,nan
4795,163.851,0,0,0,0,0,1051,1,16,nan
4796,184.786,0,0,0,0,0,1279,1,16,nan
4797,187.666,0,0,0,0,0,1253,1,16,nan
4798,134.31299999999999,0,0,0,0,0,600,1,16,nan
4799,153.197,0,0,0,0,0,793,1,16,nan
4800,133.16200000000001,0,0,0,0,0,616,1,16,nan
4801,134.63499999999999,0,0,0,0,0,669,1,16,nan
4802,163.93100000000001,0,0,0,0,0,951,1,16,nan
4803,183.56399999999999,0,0,0,0,0,1176,1,16,nan
4804,182.59700000000001,0,0,0,0,0,1152,1,16,nan
4805,133.15299999999999,0,0,0,0,0,605,1,16,nan
4806,142.24100000000001,0,0,0,0,0,697,1,16,nan
4807,155.87299999999999,0,0,0,0,0,921,1,16,nan
4808,177.80199999999999,0,0,0,0,0,1056,1,16,nan
4809,170.452,0,0,0,0,0,1024,1,16,nan
4810,152.34999999999999,0,0,0,0,0,829,1,16,nan
4811,153.113,0,0,0,0,0,834,1,16,nan
4812,162.148,0,0,0,0,0,967,1,16,nan
4813,158.70099999999999,0,0,0,0,0,895,1,16,nan
4814,224.489,0,0,0,0,0,1100,1,16,nan
4815,215.428,0,0,0,0,0,1248,1,16,nan
4816,162.05199999999999,0,0,0,0,0,705,1,16,nan
4817,211.05600000000001,0,0,0,0,0,1231,1,16,nan
4818,190.375,0,0,0,0,0,1145,1,16,nan
4819,182.37,0,0,0,0,0,1184,1,16,nan
4820,179.958,0,0,0,0,0,994,1,16,nan
4821,165.59200000000001,0,0,0,0,0,664,1,16,nan
4822,181.84399999999999,0,0,0,0,0,1214,1,16,nan
4823,173.947,0,0,0,0,0,1104,1,16,nan
4824,173.24799999999999,0,0,0,0,0,1150,1,16,nan
4825,183.85499999999999,0,0,0,0,0,1229,1,16,nan
4826,140.28899999999999,0,0,0,0,0,674,1,16,nan
4827,155.524,0,0,0,0,0,903,1,16,nan
4828,176.13800000000001,0,0,0,0,0,1132,1,16,nan
4829,198.52199999999999,0,0,0,0,0,1322,1,16,nan
4830,190.31100000000001,0,0,0,0,0,1284,1,16,nan
4831,185.53800000000001,0,0,0,0,0,1146,1,16,nan
4832,170.67599999999999,0,0,0,0,0,1084,1,16,nan
4833,148.03399999999999,0,0,0,0,0,884,1,16,nan
4834,178.452,0,0,0,0,0,1050,1,16,nan
4835,173.33199999999999,0,0,0,0,0,1162,1,16,nan
4836,209.03100000000001,0,0,0,0,0,1309,1,16,nan
4837,181.73699999999999,0,0,0,0,0,1073,1,16,nan
4838,196.261,0,0,0,0,0,1380,1,16,nan
4839,116.086,0,0,0,0,0,394,1,16,nan
4840,175.352,0,0,0,0,0,1170,1,16,nan
4841,179.69900000000001,0,0,0,0,0,1238,1,16,nan
4842,213.267,0,0,0,0,0,1221,1,16,nan
4843,216.19399999999999,0,0,0,0,0,1068,1,16,nan
4844,207.77000000000001,0,0,0,0,0,1342,1,16,nan
4845,190.88300000000001,0,0,0,0,0,1234,1,16,nan
4846,175.25299999999999,0,0,0,0,0,1033,1,16,nan
4847,144.51400000000001,0,0,0,0,0,599,1,16,nan
4848,181.70400000000001,0,0,0,0,0,1069,1,16,nan
4849,126.596,0,0,0,0,0,425,1,16,nan
4850,184.18600000000001,0,0,0,0,0,1174,1,16,nan
4851,177.24600000000001,0,0,0,0,0,939,1,16,nan
4852,215.36199999999999,0,0,0,0,0,1432,1,16,nan
4853,170.845,0,0,0,0,0,951,1,16,nan
4854,194.703,0,0,0,0,0,1276,1,16,nan
4855,124.895,0,0,0,0,0,481,1,16,nan
4856,168.23400000000001,0,0,0,0,0,1047,1,16,nan
4857,197.976,0,0,0,0,0,1393,1,16,nan
4858,179.66399999999999,0,0,0,0,0,1160,1,16,nan
4859,190.89500000000001,0,0,0,0,0,1327,1,16,nan
4860,196.78200000000001,0,0,0,0,0,1349,1,16,nan
4861,156.36600000000001,0,0,0,0,0,914,1,16,nan
4862,179.05000000000001,0,0,0,0,0,982,1,16,nan
4863,175.59800000000001,0,0,0,0,0,1063,1,16,nan
4864,195.42099999999999,0,0,0,0,0,1259,1,16,nan
4865,197.23599999999999,0,0,0,0,0,1220,1,16,nan
4866,174.983,0,0,0,0,0,1191,1,16,nan
4867,162.482,0,0,0,0,0,1066,1,16,nan
4868,176.703,0,0,0,0,0,1187,1,16,nan
4869,156.96299999999999,0,0,0,0,0,887,1,16,nan
4870,216.202,0,0,0,0,0,1205,1,16,nan
4871,179.75,0,0,0,0,0,1208,1,16,nan
4872,167.309,0,0,0,0,0,1026,1,16,nan
4873,155.02500000000001,0,0,0,0,0,807,1,16,nan
4874,159.68600000000001,0,0,0,0,0,884,1,16,nan
4875,169.602,0,0,0,0,0,1045,1,16,nan
4876,181.79599999999999,0,0,0,0,0,1174,1,16,nan
4877,190.94,0,0,0,0,0,952,1,16,nan
4878,187.983,0,0,0,0,0,1235,1,16,nan
4879,188.56899999999999,0,0,0,0,0,1202,1,16,nan
4880,135.76499999999999,0,0,0,0,0,548,1,16,nan
4881,176.44300000000001,0,0,0,0,0,1023,1,16,nan
4882,196.52799999999999,0,0,0,0,0,1149,1,16,nan
4883,197.08500000000001,0,0,0,0,0,1345,1,16,nan
4884,163.54400000000001,0,0,0,0,0,1056,1,16,nan
4885,171.00800000000001,0,0,0,0,0,1112,1,16,nan
4886,187.892,0,0,0,0,0,1303,1,16,nan
4887,156.39500000000001,0,0,0,0,0,859,1,16,nan
4888,162.79499999999999,0,0,0,0,0,965,1,16,nan
4889,194.83500000000001,0,0,0,0,0,1377,1,16,nan
4890,139.41399999999999,0,0,0,0,0,655,1,16,nan
4891,193.61699999999999,0,0,0,0,0,1248,1,16,nan
4892,190.85400000000001,0,0,0,0,0,1369,1,16,nan
4893,185.459,0,0,0,0,0,1098,1,16,nan
4894,186.40199999999999,0,0,0,0,0,1289,1,16,nan
4895,172.11199999999999,0,0,0,0,0,1147,1,16,nan
4896,150.79300000000001,0,0,0,0,0,857,1,16,nan
4897,185.76499999999999,0,0,0,0,0,1212,1,16,nan
4898,186.572,0,0,0,0,0,1197,1,16,nan
4899,149.38499999999999,0,0,0,0,0,737,1,16,nan
4900,142.20400000000001,0,0,0,0,0,653,1,16,nan
4901,156.33799999999999,0,0,0,0,0,959,1,16,nan
4902,187.97499999999999,0,0,0,0,0,960,1,16,nan
4903,182.374,0,0,0,0,0,1169,1,16,nan
4904,188.113,0,0,0,0,0,1120,1,16,nan
4905,161.42400000000001,0,0,0,0,0,885,1,16,nan
4906,229.22,0,0,0,0,0,993,1,16,nan
4907,194.72,0,0,0,0,0,1066,1,16,nan
4908,176.74000000000001,0,0,0,0,0,751,1,16,nan
4909,185.65799999999999,0,0,0,0,0,961,1,16,nan
4910,167.422,0,0,0,0,0,1019,1,16,nan
4911,178.51599999999999,0,0,0,0,0,1187,1,16,nan
4912,169.57499999999999,0,0,0,0,0,1065,1,16,nan
4913,213.97300000000001,0,0,0,0,0,1443,1,16,nan
4914,254.64400000000001,0,0,0,0,0,1583,1,16,nan
4915,156.87799999999999,0,0,0,0,0,742,1,16,nan
4916,221.84,0,0,0,0,0,1475,1,16,nan
4917,165.655,0,0,0,0,0,796,1,16,nan
4918,177.26499999999999,0,0,0,0,0,1162,1,16,nan
4919,126.22,0,0,0,0,0,530,1,16,nan
4920,133.32300000000001,0,0,0,0,0,570,1,16,nan
4921,169.619,0,0,0,0,0,1114,1,16,nan
4922,185.96000000000001,0,0,0,0,0,1240,1,16,nan
4923,131.64400000000001,0,0,0,0,0,614,1,16,nan
4924,121.01300000000001,0,0,0,0,0,501,1,16,nan
4925,176.15100000000001,0,0,0,0,0,1138,1,16,nan
4926,153.554,0,0,0,0,0,824,1,16,nan
4927,195.29300000000001,0,0,0,0,0,1304,1,16,nan
4928,184.935,0,0,0,0,0,1229,1,16,nan
4929,169.33199999999999,0,0,0,0,0,1013,1,16,nan
4930,172.50299999999999,0,0,0,0,0,1078,1,16,nan
4931,186.94499999999999,0,0,0,0,0,1193,1,16,nan
4932,141.28299999999999,0,0,0,0,0,692,1,16,nan
4933,147.31,0,0,0,0,0,710,1,16,nan
4934,175.53800000000001,0,0,0,0,0,1067,1,16,nan
4935,134.773,0,0,0,0,0,628,1,16,nan
4936,145.148,0,0,0,0,0,794,1,16,nan
4937,145.089,0,0,0,0,0,702,1,16,nan
4938,177.08000000000001,0,0,0,0,0,1157,1,16,nan
4939,181.37200000000001,0,0,0,0,0,1136,1,16,nan
4940,189.50399999999999,0,0,0,0,0,1178,1,16,nan
4941,181.596,0,0,0,0,0,1166,1,16,nan
4942,181.90100000000001,0,0,0,0,0,1216,1,16,nan
4943,187.87100000000001,0,0,0,0,0,1198,1,16,nan
4944,189.214,0,0,0,0,0,1235,1,16,nan
4945,175.166,0,0,0,0,0,1224,1,16,nan
4946,173.67400000000001,0,0,0,0,0,1098,1,16,nan
4947,179.434,0,0,0,0,0,1214,1,16,nan
4948,171.69399999999999,0,0,0,0,0,1154,1,16,nan
4949,151.00299999999999,0,0,0,0,0,810,1,16,nan
4950,177.65100000000001,0,0,0,0,0,1143,1,16,nan
4951,153.09800000000001,0,0,0,0,0,870,1,16,nan
4952,197.006,0,0,0,0,0,1355,1,16,nan
4953,173.50899999999999,0,0,0,0,0,1153,1,16,nan
4954,171.018,0,0,0,0,0,1081,1,16,nan
4955,147.93700000000001,0,0,0,0,0,751,1,16,nan
4956,188.268,0,0,0,0,0,1211,1,16,nan
4957,191.75999999999999,0,0,0,0,0,1213,1,16,nan
4958,173.142,0,0,0,0,0,1106,1,16,nan
4959,160.07499999999999,0,0,0,0,0,1016,1,16,nan
4960,183.51499999999999,0,0,0,0,0,1239,1,16,nan
4961,169.37299999999999,0,0,0,0,0,1020,1,16,nan
4962,180.50999999999999,0,0,0,0,0,1139,1,16,nan
4963,163.876,0,0,0,0,0,1011,1,16,nan
4964,166.38200000000001,0,0,0,0,0,1029,1,16,nan
4965,168.41999999999999,0,0,0,0,0,1087,1,16,nan
4966,176.01300000000001,0,0,0,0,0,1141,1,16,nan
4967,174.029,0,0,0,0,0,1072,1,16,nan
4968,163.32300000000001,0,0,0,0,0,884,1,16,nan
4969,169.08799999999999,0,0,0,0,0,1044,1,16,nan
4970,134.13800000000001,0,0,0,0,0,621,1,16,nan
4971,180.08199999999999,0,0,0,0,0,1194,1,16,nan
4972,148.11799999999999,0,0,0,0,0,733,1,16,nan
4973,166.44499999999999,0,0,0,0,0,990,1,16,nan
4974,178.90600000000001,0,0,0,0,0,1227,1,16,nan
4975,178.96600000000001,0,0,0,0,0,1161,1,16,nan
4976,164.452,0,0,0,0,0,992,1,16,nan
4977,182.958,0,0,0,0,0,1278,1,16,nan
4978,167.95099999999999,0,0,0,0,0,1066,1,16,nan
4979,166.958,0,0,0,0,0,1083,1,16,nan
4980,178.88399999999999,0,0,0,0,0,1177,1,16,nan
4981,155.90600000000001,0,0,0,0,0,753,1,16,nan
4982,183.256,0,0,0,0,0,1176,1,16,nan
4983,169.84700000000001,0,0,0,0,0,1000,1,16,nan
4984,170.02000000000001,0,0,0,0,0,1076,1,16,nan
4985,184.54400000000001,0,0,0,0,0,1236,1,16,nan
4986,184.78800000000001,0,0,0,0,0,1213,1,16,nan
4987,148.79499999999999,0,0,0,0,0,805,1,16,nan
4988,163.09,0,0,0,0,0,1021,1,16,nan
4989,179.76300000000001,0,0,0,0,0,1161,1,16,nan
4990,175.13,0,0,0,0,0,1153,1,16,nan
4991,212.04400000000001,0,0,0,0,0,1252,1,16,nan
4992,157.351,0,0,0,0,0,944,1,16,nan
4993,182.14099999999999,0,0,0,0,0,1171,1,16,nan
4994,190.51499999999999,0,0,0,0,0,1278,1,16,nan
4995,172.19300000000001,0,0,0,0,0,1076,1,16,nan
4996,167.21799999999999,0,0,0,0,0,1025,1,16,nan
4997,154.708,0,0,0,0,0,886,1,16,nan
4998,160.20500000000001,0,0,0,0,0,912,1,16,nan
4999,173.33000000000001,0,0,0,0,0,1103,1,16,nan
5000,199.72499999999999,0,0,0,0,0,1377,1,16,nan
5001,159.07499999999999,0,0,0,0,0,970,1,16,nan
5002,195.529,0,0,0,0,0,1288,1,16,nan
5003,216.22999999999999,0,0,0,0,0,1232,1,16,nan
5004,116.875,0,0,0,0,0,375,1,16,nan
5005,170.96700000000001,0,0,0,0,0,1059,1,16,nan
5006,178.53899999999999,0,0,0,0,0,1213,1,16,nan
5007,150.41499999999999,0,0,0,0,0,846,1,16,nan
5008,202.124,0,0,0,0,0,1252,1,16,nan
5009,199.46199999999999,0,0,0,0,0,1251,1,16,nan
5010,179.874,0,0,0,0,0,1215,1,16,nan
5011,173.27199999999999,0,0,0,0,0,989,1,16,nan
5012,181.017,0,0,0,0,0,1140,1,16,nan
5013,190.214,0,0,0,0,0,1294,1,16,nan
5014,197.22800000000001,0,0,0,0,0,1337,1,16,nan
5015,186.82499999999999,0,0,0,0,0,1238,1,16,nan
5016,188.19900000000001,0,0,0,0,0,1320,1,16,nan
5017,188.505,0,0,0,0,0,1321,1,16,nan
5018,164.018,0,0,0,0,0,992,1,16,nan
5019,191.011,0,0,0,0,0,1305,1,16,nan
5020,168.43899999999999,0,0,0,0,0,1099,1,16,nan
5021,176.11500000000001,0,0,0,0,0,1115,1,16,nan
5022,169.52799999999999,0,0,0,0,0,1118,1,16,nan
5023,165.53899999999999,0,0,0,0,0,985,1,16,nan
5024,156.768,0,0,0,0,0,779,1,16,nan
5025,158.70500000000001,0,0,0,0,0,947,1,16,nan
5026,165.86799999999999,0,0,0,0,0,960,1,16,nan
5027,147.589,0,0,0,0,0,484,1,16,nan
5028,144.447,0,0,0,0,0,612,1,16,nan
5029,216.03999999999999,0,0,0,0,0,1332,1,16,nan
5030,203.023,0,0,0,0,0,1351,1,16,nan
5031,185.78200000000001,0,0,0,0,0,1070,1,16,nan
5032,175.24700000000001,0,0,0,0,0,1038,1,16,nan
5033,184.89599999999999,0,0,0,0,0,1180,1,16,nan
5034,161.976,0,0,0,0,0,882,1,16,nan
5035,126.205,0,0,0,0,0,469,1,16,nan
5036,179.953,0,0,0,0,0,598,1,16,nan
5037,214.71199999999999,0,0,0,0,0,1027,1,16,nan
5038,215.19900000000001,0,0,0,0,0,1247,1,16,nan
5039,197.89500000000001,0,0,0,0,0,1069,1,16,nan
5040,195.917,0,0,0,0,0,1317,1,16,nan
5041,187.81899999999999,0,0,0,0,0,1259,1,16,nan
5042,159.34899999999999,0,0,0,0,0,862,1,16,nan
5043,164.80699999999999,0,0,0,0,0,1000,1,16,nan
5044,196.309,0,0,0,0,0,1337,1,16,nan
5045,179.173,0,0,0,0,0,1150,1,16,nan
5046,159.43100000000001,0,0,0,0,0,903,1,16,nan
5047,184.82900000000001,0,0,0,0,0,1182,1,16,nan
5048,170.88300000000001,0,0,0,0,0,1099,1,16,nan
5049,198.69900000000001,0,0,0,0,0,1396,1,16,nan
5050,181.31700000000001,0,0,0,0,0,1139,1,16,nan
5051,178.834,0,0,0,0,0,1205,1,16,nan
5052,131.965,0,0,0,0,0,592,1,16,nan
5053,214.809,0,0,0,0,0,1454,1,16,nan
5054,178.464,0,0,0,0,0,1133,1,16,nan
5055,170.73099999999999,0,0,0,0,0,1055,1,16,nan
5056,137.559,0,0,0,0,0,611,1,16,nan
5057,175.15000000000001,0,0,0,0,0,1126,1,16,nan
5058,194.22399999999999,0,0,0,0,0,1310,1,16,nan
5059,199.167,0,0,0,0,0,1319,1,16,nan
5060,167.125,0,0,0,0,0,1011,1,16,nan
5061,180.489,0,0,0,0,0,1234,1,16,nan
5062,136.738,0,0,0,0,0,651,1,16,nan
5063,166.38200000000001,0,0,0,0,0,1067,1,16,nan
5064,124.149,0,0,0,0,0,450,1,16,nan
5065,180.89599999999999,0,0,0,0,0,1140,1,16,nan
5066,170.815,0,0,0,0,0,1101,1,16,nan
5067,162.595,0,0,0,0,0,1022,1,16,nan
5068,188.18600000000001,0,0,0,0,0,1235,1,16,nan
5069,156.88399999999999,0,0,0,0,0,929,1,16,nan
5070,187.67500000000001,0,0,0,0,0,1247,1,16,nan
5071,188.977,0,0,0,0,0,1240,1,16,nan
5072,137.886,0,0,0,0,0,670,1,16,nan
5073,182.577,0,0,0,0,0,1139,1,16,nan
5074,155.875,0,0,0,0,0,879,1,16,nan
5075,164.30699999999999,0,0,0,0,0,606,1,16,nan
5076,148.34800000000001,0,0,0,0,0,774,1,16,nan
5077,131.63,0,0,0,0,0,573,1,16,nan
5078,166.24199999999999,0,0,0,0,0,991,1,16,nan
5079,173.67400000000001,0,0,0,0,0,1082,1,16,nan
5080,175.85400000000001,0,0,0,0,0,1166,1,16,nan
5081,177.06999999999999,0,0,0,0,0,1143,1,16,nan
5082,174.93100000000001,0,0,0,0,0,1155,1,16,nan
5083,144.10599999999999,0,0,0,0,0,672,1,16,nan
5084,200.68700000000001,0,0,0,0,0,1356,1,16,nan
5085,164.55099999999999,0,0,0,0,0,1006,1,16,nan
5086,187.422,0,0,0,0,0,1304,1,16,nan
5087,161.74799999999999,0,0,0,0,0,944,1,16,nan
5088,198.245,0,0,0,0,0,1193,1,16,nan
5089,136.346,0,0,0,0,0,538,1,16,nan
5090,140.71299999999999,0,0,0,0,0,602,1,16,nan
5091,197.99199999999999,0,0,0,0,0,1301,1,16,nan
5092,178.53899999999999,0,0,0,0,0,1072,1,16,nan
5093,205.352,0,0,0,0,0,1416,1,16,nan
5094,162.19800000000001,0,0,0,0,0,840,1,16,nan
5095,141.78700000000001,0,0,0,0,0,646,1,16,nan
5096,193.00700000000001,0,0,0,0,0,1170,1,16,nan
5097,143.03299999999999,0,0,0,0,0,695,1,16,nan
5098,183.672,0,0,0,0,0,1255,1,16,nan
5099,142.56899999999999,0,0,0,0,0,638,1,16,nan
5100,141.047,0,0,0,0,0,705,1,16,nan
5101,174.053,0,0,0,0,0,1082,1,16,nan
5102,181.167,0,0,0,0,0,1252,1,16,nan
5103,183.113,0,0,0,0,0,1187,1,16,nan
5104,177.80099999999999,0,0,0,0,0,1129,1,16,nan
5105,163.858,0,0,0,0,0,954,1,16,nan
5106,187.38300000000001,0,0,0,0,0,1222,1,16,nan
5107,175.53999999999999,0,0,0,0,0,1034,1,16,nan
5108,172.22800000000001,0,0,0,0,0,1051,1,16,nan
5109,169.04300000000001,0,0,0,0,0,1124,1,16,nan
5110,182.447,0,0,0,0,0,1243,1,16,nan
5111,176.238,0,0,0,0,0,1166,1,16,nan
5112,174.285,0,0,0,0,0,1142,1,16,nan
5113,182.60900000000001,0,0,0,0,0,1165,1,16,nan
5114,172.91999999999999,0,0,0,0,0,1109,1,16,nan
5115,189.12799999999999,0,0,0,0,0,1281,1,16,nan
5116,170.727,0,0,0,0,0,1051,1,16,nan
5117,183.613,0,0,0,0,0,1232,1,16,nan
5118,171.17699999999999,0,0,0,0,0,1064,1,16,nan
5119,181.08699999999999,0,0,0,0,0,1173,1,16,nan
5120,189.26499999999999,0,0,0,0,0,1330,1,16,nan
5121,173.31800000000001,0,0,0,0,0,1065,1,16,nan
5122,194.15199999999999,0,0,0,0,0,1012,1,16,nan
5123,197.05699999999999,0,0,0,0,0,1124,1,16,nan
5124,175.672,0,0,0,0,0,909,1,16,nan
5125,174.46799999999999,0,0,0,0,0,849,1,16,nan
5126,188.619,0,0,0,0,0,1245,1,16,nan
5127,179.751,0,0,0,0,0,1149,1,16,nan
5128,125.05800000000001,0,0,0,0,0,510,1,16,nan
5129,172.51499999999999,0,0,0,0,0,841,1,16,nan
5130,171.65600000000001,0,0,0,0,0,1016,1,16,nan
5131,184.99600000000001,0,0,0,0,0,1148,1,16,nan
5132,123.81,0,0,0,0,0,572,1,16,nan
5133,161.86199999999999,0,0,0,0,0,859,1,16,nan
5134,179.267,0,0,0,0,0,1147,1,16,nan
5135,168.67599999999999,0,0,0,0,0,1009,1,16,nan
5136,197.976,0,0,0,0,0,1158,1,16,nan
5137,129.98500000000001,0,0,0,0,0,538,1,16,nan
5138,154.29900000000001,0,0,0,0,0,852,1,16,nan
5139,189.41200000000001,0,0,0,0,0,1302,1,16,nan
5140,183.85900000000001,0,0,0,0,0,1214,1,16,nan
5141,162.703,0,0,0,0,0,908,1,16,nan
5142,147.56399999999999,0,0,0,0,0,883,1,16,nan
5143,197.387,0,0,0,0,0,1368,1,16,nan
5144,147.18100000000001,0,0,0,0,0,756,1,16,nan
5145,156.827,0,0,0,0,0,906,1,16,nan
5146,178.65600000000001,0,0,0,0,0,1220,1,16,nan
5147,161.608,0,0,0,0,0,932,1,16,nan
5148,170.41499999999999,0,0,0,0,0,1025,1,16,nan
5149,183.453,0,0,0,0,0,1252,1,16,nan
5150,155.09700000000001,0,0,0,0,0,912,1,16,nan
5151,165.31100000000001,0,0,0,0,0,1070,1,16,nan
5152,182.321,0,0,0,0,0,1227,1,16,nan
5153,176.15899999999999,0,0,0,0,0,1134,1,16,nan
5154,175.46700000000001,0,0,0,0,0,1216,1,16,nan
5155,179.52600000000001,0,0,0,0,0,1181,1,16,nan
5156,180.958,0,0,0,0,0,1189,1,16,nan
5157,159.934,0,0,0,0,0,883,1,16,nan
5158,167.30600000000001,0,0,0,0,0,980,1,16,nan
5159,166.49199999999999,0,0,0,0,0,1031,1,16,nan
5160,206.774,0,0,0,0,0,1192,1,16,nan
5161,179.947,0,0,0,0,0,1226,1,16,nan
5162,181.471,0,0,0,0,0,1197,1,16,nan
5163,156.96299999999999,0,0,0,0,0,893,1,16,nan
5164,185.90700000000001,0,0,0,0,0,1158,1,16,nan
5165,135.166,0,0,0,0,0,612,1,16,nan
5166,153.68700000000001,0,0,0,0,0,807,1,16,nan
5167,145.51300000000001,0,0,0,0,0,737,1,16,nan
5168,174.26499999999999,0,0,0,0,0,1072,1,16,nan
5169,188.35499999999999,0,0,0,0,0,1024,1,16,nan
5170,186.61500000000001,0,0,0,0,0,1144,1,16,nan
5171,188.01499999999999,0,0,0,0,0,1227,1,16,nan
5172,132.43199999999999,0,0,0,0,0,531,1,16,nan
5173,181.09,0,0,0,0,0,1132,1,16,nan
5174,192.60900000000001,0,0,0,0,0,1255,1,16,nan
5175,144.857,0,0,0,0,0,654,1,16,nan
5176,188.69399999999999,0,0,0,0,0,1140,1,16,nan
5177,160.286,0,0,0,0,0,928,1,16,nan
5178,175.73599999999999,0,0,0,0,0,1107,1,16,nan
5179,152.959,0,0,0,0,0,869,1,16,nan
5180,179.47999999999999,0,0,0,0,0,1233,1,16,nan
5181,173.91900000000001,0,0,0,0,0,1111,1,16,nan
5182,187.744,0,0,0,0,0,1236,1,16,nan
5183,180.80699999999999,0,0,0,0,0,1286,1,16,nan
5184,179.15799999999999,0,0,0,0,0,1115,1,16,nan
5185,191.14699999999999,0,0,0,0,0,1325,1,16,nan
5186,163.12799999999999,0,0,0,0,0,974,1,16,nan
5187,181.142,0,0,0,0,0,1228,1,16,nan
5188,188.63800000000001,0,0,0,0,0,1243,1,16,nan
5189,176.76300000000001,0,0,0,0,0,1087,1,16,nan
5190,167.34200000000001,0,0,0,0,0,1022,1,16,nan
5191,139.20099999999999,0,0,0,0,0,709,1,16,nan
5192,198.31700000000001,0,0,0,0,0,1389,1,16,nan
5193,162.63499999999999,0,0,0,0,0,913,1,16,nan
5194,188.80500000000001,0,0,0,0,0,1260,1,16,nan
5195,162.82400000000001,0,0,0,0,0,987,1,16,nan
5196,131.98699999999999,0,0,0,0,0,585,1,16,nan
5197,151.22900000000001,0,0,0,0,0,834,1,16,nan
5198,189.68700000000001,0,0,0,0,0,1300,1,16,nan
5199,183.36799999999999,0,0,0,0,0,1198,1,16,nan
5200,179.244,0,0,0,0,0,1177,1,16,nan
5201,151.923,0,0,0,0,0,812,1,16,nan
5202,166.36000000000001,0,0,0,0,0,972,1,16,nan
5203,117.011,0,0,0,0,0,406,1,16,nan
5204,126.129,0,0,0,0,0,532,1,16,nan
5205,186.62299999999999,0,0,0,0,0,1198,1,16,nan
5206,170.92099999999999,0,0,0,0,0,1131,1,16,nan
5207,158.167,0,0,0,0,0,869,1,16,nan
5208,136.44300000000001,0,0,0,0,0,592,1,16,nan
5209,163.70099999999999,0,0,0,0,0,1119,1,16,nan
5210,174.34999999999999,0,0,0,0,0,1141,1,16,nan
5211,180.298,0,0,0,0,0,1166,1,16,nan
5212,189.46100000000001,0,0,0,0,0,1295,1,16,nan
5213,172.06299999999999,0,0,0,0,0,1080,1,16,nan
5214,191.96700000000001,0,0,0,0,0,1329,1,16,nan
5215,195.31299999999999,0,0,0,0,0,1368,1,16,nan
5216,161.48099999999999,0,0,0,0,0,1006,1,16,nan
5217,149.81,0,0,0,0,0,775,1,16,nan
5218,137.43000000000001,0,0,0,0,0,673,1,16,nan
5219,112.306,0,0,0,0,0,361,1,16,nan
5220,186.917,0,0,0,0,0,1242,1,16,nan
5221,180.77699999999999,0,0,0,0,0,1081,1,16,nan
5222,170.86699999999999,0,0,0,0,0,936,1,16,nan
5223,197.654,0,0,0,0,0,1012,1,16,nan
5224,160.684,0,0,0,0,0,793,1,16,nan
5225,214.48500000000001,0,0,0,0,0,1353,1,16,nan
5226,152.01499999999999,0,0,0,0,0,773,1,16,nan
5227,189.739,0,0,0,0,0,1211,1,16,nan
5228,194.059,0,0,0,0,0,1250,1,16,nan
5229,195.61500000000001,0,0,0,0,0,1222,1,16,nan
5230,191.53299999999999,0,0,0,0,0,1084,1,16,nan
5231,171.15799999999999,0,0,0,0,0,941,1,16,nan
5232,171.93299999999999,0,0,0,0,0,1018,1,16,nan
5233,170.55699999999999,0,0,0,0,0,1018,1,16,nan
5234,183.63200000000001,0,0,0,0,0,1319,1,16,nan
5235,191.93000000000001,0,0,0,0,0,1305,1,16,nan
5236,188.761,0,0,0,0,0,1230,1,16,nan
5237,183.42099999999999,0,0,0,0,0,1194,1,16,nan
5238,184.57499999999999,0,0,0,0,0,1230,1,16,nan
5239,173.54599999999999,0,0,0,0,0,1102,1,16,nan
5240,198.53800000000001,0,0,0,0,0,1371,1,16,nan
5241,168.93299999999999,0,0,0,0,0,1064,1,16,nan
5242,200.744,0,0,0,0,0,1296,1,16,nan
5243,155.56700000000001,0,0,0,0,0,759,1,16,nan
5244,200.71600000000001,0,0,0,0,0,1298,1,16,nan
5245,212.53200000000001,0,0,0,0,0,1125,1,16,nan
5246,168.36199999999999,0,0,0,0,0,1030,1,16,nan
5247,187.51599999999999,0,0,0,0,0,1238,1,16,nan
5248,197.822,0,0,0,0,0,1277,1,16,nan
5249,175.50899999999999,0,0,0,0,0,1123,1,16,nan
5250,148.08500000000001,0,0,0,0,0,605,1,16,nan
5251,194.453,0,0,0,0,0,1111,1,16,nan
5252,207.548,0,0,0,0,0,1339,1,16,nan
5253,133.25,0,0,0,0,0,613,1,16,nan
5254,180.96299999999999,0,0,0,0,0,1121,1,16,nan
5255,172.124,0,0,0,0,0,1153,1,16,nan
5256,188.31399999999999,0,0,0,0,0,1255,1,16,nan
5257,166.941,0,0,0,0,0,1020,1,16,nan
5258,190.82900000000001,0,0,0,0,0,1316,1,16,nan
5259,158.78700000000001,0,0,0,0,0,941,1,16,nan
5260,130.69900000000001,0,0,0,0,0,590,1,16,nan
5261,188.81100000000001,0,0,0,0,0,1217,1,16,nan
5262,196.553,0,0,0,0,0,1394,1,16,nan
5263,152.93799999999999,0,0,0,0,0,840,1,16,nan
5264,192.24100000000001,0,0,0,0,0,1355,1,16,nan
5265,161.80500000000001,0,0,0,0,0,924,1,16,nan
5266,140.07499999999999,0,0,0,0,0,683,1,16,nan
5267,135.96600000000001,0,0,0,0,0,635,1,16,nan
5268,196.75200000000001,0,0,0,0,0,1344,1,16,nan
5269,165.88499999999999,0,0,0,0,0,1081,1,16,nan
5270,121.646,0,0,0,0,0,501,1,16,nan
5271,182.71000000000001,0,0,0,0,0,1194,1,16,nan
5272,196.92699999999999,0,0,0,0,0,1349,1,16,nan
5273,186.148,0,0,0,0,0,1182,1,16,nan
5274,185.08699999999999,0,0,0,0,0,1205,1,16,nan
5275,149.357,0,0,0,0,0,833,1,16,nan
5276,161.28100000000001,0,0,0,0,0,962,1,16,nan
5277,133.965,0,0,0,0,0,655,1,16,nan
5278,182.148,0,0,0,0,0,1201,1,16,nan
5279,186.84899999999999,0,0,0,0,0,1302,1,16,nan
5280,165.21199999999999,0,0,0,0,0,906,1,16,nan
5281,193.25800000000001,0,0,0,0,0,1132,1,16,nan
5282,174.19900000000001,0,0,0,0,0,994,1,16,nan
5283,163.90700000000001,0,0,0,0,0,847,1,16,nan
5284,184.928,0,0,0,0,0,1177,1,16,nan
5285,192.309,0,0,0,0,0,1206,1,16,nan
5286,143.78,0,0,0,0,0,620,1,16,nan
5287,160.34299999999999,0,0,0,0,0,865,1,16,nan
5288,165.881,0,0,0,0,0,880,1,16,nan
5289,144.83000000000001,0,0,0,0,0,764,1,16,nan
5290,187.714,0,0,0,0,0,1214,1,16,nan
5291,179.55600000000001,0,0,0,0,0,1213,1,16,nan
5292,186.601,0,0,0,0,0,1210,1,16,nan
5293,181.88900000000001,0,0,0,0,0,1257,1,16,nan
5294,166.66399999999999,0,0,0,0,0,1019,1,16,nan
5295,180.47800000000001,0,0,0,0,0,1195,1,16,nan
5296,169.99700000000001,0,0,0,0,0,961,1,16,nan
5297,132.501,0,0,0,0,0,512,1,16,nan
5298,148.08099999999999,0,0,0,0,0,829,1,16,nan
5299,166.85900000000001,0,0,0,0,0,1044,1,16,nan
5300,134.74299999999999,0,0,0,0,0,824,1,16,nan
5301,181.54300000000001,0,0,0,0,0,1171,1,16,nan
5302,161.24799999999999,0,0,0,0,0,922,1,16,nan
5303,137.93799999999999,0,0,0,0,0,607,1,16,nan
5304,202.18700000000001,0,0,0,0,0,1415,1,16,nan
5305,137.66200000000001,0,0,0,0,0,661,1,16,nan
5306,197.84700000000001,0,0,0,0,0,1356,1,16,nan
5307,177.101,0,0,0,0,0,1171,1,16,nan
5308,166.285,0,0,0,0,0,946,1,16,nan
5309,137.69900000000001,0,0,0,0,0,593,1,16,nan
5310,167.34899999999999,0,0,0,0,0,949,1,16,nan
5311,164.87200000000001,0,0,0,0,0,961,1,16,nan
5312,166.08799999999999,0,0,0,0,0,1053,1,16,nan
5313,185.78700000000001,0,0,0,0,0,1208,1,16,nan
5314,174.59,0,0,0,0,0,1087,1,16,nan
5315,155.70699999999999,0,0,0,0,0,864,1,16,nan
5316,146.827,0,0,0,0,0,733,1,16,nan
5317,185.53999999999999,0,0,0,0,0,1277,1,16,nan
5318,166.49299999999999,0,0,0,0,0,1029,1,16,nan
5319,192.36000000000001,0,0,0,0,0,1330,1,16,nan
5320,215.37,0,0,0,0,0,1520,1,16,nan
5321,147.47399999999999,0,0,0,0,0,750,1,16,nan
5322,200.62700000000001,0,0,0,0,0,1341,1,16,nan
5323,168.17599999999999,0,0,0,0,0,1045,1,16,nan
5324,161.05699999999999,0,0,0,0,0,941,1,16,nan
5325,181.364,0,0,0,0,0,1271,1,16,nan
5326,162.49700000000001,0,0,0,0,0,872,1,16,nan
5327,190.83799999999999,0,0,0,0,0,1277,1,16,nan
5328,160.29400000000001,0,0,0,0,0,878,1,16,nan
5329,215.74700000000001,0,0,0,0,0,1116,1,16,nan
5330,170.666,0,0,0,0,0,1079,1,16,nan
5331,132.76499999999999,0,0,0,0,0,578,1,16,nan
5332,206.577,0,0,0,0,0,1463,1,16,nan
5333,166.333,0,0,0,0,0,915,1,16,nan
5334,182.52799999999999,0,0,0,0,0,1147,1,16,nan
5335,173.95500000000001,0,0,0,0,0,1125,1,16,nan
5336,182.18100000000001,0,0,0,0,0,1219,1,16,nan
5337,113.709,0,0,0,0,0,344,1,16,nan
5338,135.09100000000001,0,0,0,0,0,562,1,16,nan
5339,177.637,0,0,0,0,0,1154,1,16,nan
5340,181.58199999999999,0,0,0,0,0,1191,1,16,nan
5341,199.298,0,0,0,0,0,1337,1,16,nan
5342,187.351,0,0,0,0,0,1218,1,16,nan
5343,187.23699999999999,0,0,0,0,0,1188,1,16,nan
5344,180.65299999999999,0,0,0,0,0,1120,1,16,nan
5345,174.77799999999999,0,0,0,0,0,1109,1,16,nan
5346,178.964,0,0,0,0,0,1172,1,16,nan
5347,156.78399999999999,0,0,0,0,0,885,1,16,nan
5348,136.18100000000001,0,0,0,0,0,621,1,16,nan
5349,179.48400000000001,0,0,0,0,0,1125,1,16,nan
5350,165.422,0,0,0,0,0,910,1,16,nan
5351,176.179,0,0,0,0,0,1088,1,16,nan
5352,153.34700000000001,0,0,0,0,0,930,1,16,nan
5353,184.53,0,0,0,0,0,1225,1,16,nan
5354,153.30099999999999,0,0,0,0,0,854,1,16,nan
5355,208.04900000000001,0,0,0,0,0,1495,1,16,nan
5356,152.654,0,0,0,0,0,891,1,16,nan
5357,151.14400000000001,0,0,0,0,0,844,1,16,nan
5358,161.26900000000001,0,0,0,0,0,932,1,16,nan
5359,180.73400000000001,0,0,0,0,0,1181,1,16,nan
5360,186.97999999999999,0,0,0,0,0,1260,1,16,nan
5361,215.96700000000001,0,0,0,0,0,1285,1,16,nan
5362,204.292,0,0,0,0,0,1250,1,16,nan
5363,197.506,0,0,0,0,0,1125,1,16,nan
5364,198.02000000000001,0,0,0,0,0,1158,1,16,nan
5365,126.104,0,0,0,0,0,543,1,16,nan
5366,170.25899999999999,0,0,0,0,0,1068,1,16,nan
5367,188.88399999999999,0,0,0,0,0,1283,1,16,nan
5368,182.66,0,0,0,0,0,1239,1,16,nan
5369,173.346,0,0,0,0,0,1074,1,16,nan
5370,176.48500000000001,0,0,0,0,0,1154,1,16,nan
5371,154.59299999999999,0,0,0,0,0,845,1,16,nan
5372,215.554,0,0,0,0,0,1509,1,16,nan
5373,170.97499999999999,0,0,0,0,0,1026,1,16,nan
5374,180.60599999999999,0,0,0,0,0,1258,1,16,nan
5375,154.20599999999999,0,0,0,0,0,834,1,16,nan
5376,183.976,0,0,0,0,0,1232,1,16,nan
5377,181.28899999999999,0,0,0,0,0,1255,1,16,nan
5378,163.541,0,0,0,0,0,1045,1,16,nan
5379,165.001,0,0,0,0,0,960,1,16,nan
5380,171.28399999999999,0,0,0,0,0,1102,1,16,nan
5381,136.68600000000001,0,0,0,0,0,665,1,16,nan
5382,160.73699999999999,0,0,0,0,0,1054,1,16,nan
5383,150.42599999999999,0,0,0,0,0,724,1,16,nan
5384,152.16800000000001,0,0,0,0,0,817,1,16,nan
5385,162.46799999999999,0,0,0,0,0,1054,1,16,nan
5386,178.958,0,0,0,0,0,1286,1,16,nan
5387,158.69499999999999,0,0,0,0,0,910,1,16,nan
5388,195.94,0,0,0,0,0,1302,1,16,nan
5389,150.55099999999999,0,0,0,0,0,902,1,16,nan
5390,186.97200000000001,0,0,0,0,0,1263,1,16,nan
5391,188.87,0,0,0,0,0,1280,1,16,nan
5392,180.196,0,0,0,0,0,1194,1,16,nan
5393,167.49600000000001,0,0,0,0,0,1127,1,16,nan
5394,165.37,0,0,0,0,0,986,1,16,nan
5395,190.916,0,0,0,0,0,1276,1,16,nan
5396,185.27799999999999,0,0,0,0,0,1173,1,16,nan
5397,140.16,0,0,0,0,0,764,1,16,nan
5398,157.87899999999999,0,0,0,0,0,940,1,16,nan
5399,154.28100000000001,0,0,0,0,0,949,1,16,nan
5400,169.12100000000001,0,0,0,0,0,1104,1,16,nan
5401,170.52000000000001,0,0,0,0,0,1101,1,16,nan
5402,192.58699999999999,0,0,0,0,0,1298,1,16,nan
5403,163.17400000000001,0,0,0,0,0,916,1,16,nan
5404,183.30799999999999,0,0,0,0,0,1210,1,16,nan
5405,147.35300000000001,0,0,0,0,0,790,1,16,nan
5406,155.37899999999999,0,0,0,0,0,950,1,16,nan
5407,172.124,0,0,0,0,0,1022,1,16,nan
5408,194.84200000000001,0,0,0,0,0,1351,1,16,nan
5409,185.80500000000001,0,0,0,0,0,1305,1,16,nan
5410,179.41900000000001,0,0,0,0,0,1156,1,16,nan
5411,164.64599999999999,0,0,0,0,0,959,1,16,nan
5412,195.721,0,0,0,0,0,1350,1,16,nan
5413,198.18600000000001,0,0,0,0,0,1117,1,16,nan
5414,250.477,0,0,0,0,0,1317,1,16,nan
5415,189.994,0,0,0,0,0,1224,1,16,nan
5416,179.31399999999999,0,0,0,0,0,1021,1,16,nan
5417,151.47999999999999,0,0,0,0,0,734,1,16,nan
5418,184.30699999999999,0,0,0,0,0,1070,1,16,nan
5419,144.53700000000001,0,0,0,0,0,626,1,16,nan
5420,143.386,0,0,0,0,0,643,1,16,nan
5421,117.678,0,0,0,0,0,359,1,16,nan
5422,185.858,0,0,0,0,0,1048,1,16,nan
5423,201.63900000000001,0,0,0,0,0,1265,1,16,nan
5424,193.98099999999999,0,0,0,0,0,1238,1,16,nan
5425,216.34899999999999,0,0,0,0,0,1126,1,16,nan
5426,178.85400000000001,0,0,0,0,0,1132,1,16,nan
5427,184.18600000000001,0,0,0,0,0,757,1,16,nan
5428,168.208,0,0,0,0,0,768,1,16,nan
5429,202.501,0,0,0,0,0,1122,1,16,nan
5430,204.12700000000001,0,0,0,0,0,1030,1,16,nan
5431,209.00899999999999,0,0,0,0,0,1279,1,16,nan
5432,178.87799999999999,0,0,0,0,0,970,1,16,nan
5433,144.113,0,0,0,0,0,780,1,16,nan
5434,159.715,0,0,0,0,0,866,1,16,nan
5435,142.53999999999999,0,0,0,0,0,716,1,16,nan
5436,179.131,0,0,0,0,0,1148,1,16,nan
5437,185.965,0,0,0,0,0,1296,1,16,nan
5438,185.80199999999999,0,0,0,0,0,1254,1,16,nan
5439,144.232,0,0,0,0,0,750,1,16,nan
5440,186.434,0,0,0,0,0,1269,1,16,nan
5441,168.988,0,0,0,0,0,983,1,16,nan
5442,177.40299999999999,0,0,0,0,0,1179,1,16,nan
5443,155.87299999999999,0,0,0,0,0,903,1,16,nan
5444,165.65600000000001,0,0,0,0,0,1118,1,16,nan
5445,158.72999999999999,0,0,0,0,0,900,1,16,nan
5446,175.67099999999999,0,0,0,0,0,1129,1,16,nan
5447,181.56700000000001,0,0,0,0,0,1208,1,16,nan
5448,159.95500000000001,0,0,0,0,0,998,1,16,nan
5449,185.964,0,0,0,0,0,1240,1,16,nan
5450,146.393,0,0,0,0,0,798,1,16,nan
5451,183.33799999999999,0,0,0,0,0,1255,1,16,nan
5452,186.98500000000001,0,0,0,0,0,1184,1,16,nan
5453,164.82499999999999,0,0,0,0,0,906,1,16,nan
5454,197.31299999999999,0,0,0,0,0,1365,1,16,nan
5455,162.595,0,0,0,0,0,900,1,16,nan
5456,165.03299999999999,0,0,0,0,0,952,1,16,nan
5457,170.02600000000001,0,0,0,0,0,1105,1,16,nan
5458,167.12799999999999,0,0,0,0,0,1035,1,16,nan
5459,196.89599999999999,0,0,0,0,0,1381,1,16,nan
5460,169.63300000000001,0,0,0,0,0,1081,1,16,nan
5461,182.71799999999999,0,0,0,0,0,1294,1,16,nan
5462,164.952,0,0,0,0,0,1026,1,16,nan
5463,132.648,0,0,0,0,0,608,1,16,nan
5464,166.82599999999999,0,0,0,0,0,1061,1,16,nan
5465,163.357,0,0,0,0,0,956,1,16,nan
5466,196.11000000000001,0,0,0,0,0,1407,1,16,nan
5467,189.01599999999999,0,0,0,0,0,1167,1,16,nan
5468,192.298,0,0,0,0,0,1294,1,16,nan
5469,161.04300000000001,0,0,0,0,0,977,1,16,nan
5470,181.79900000000001,0,0,0,0,0,1167,1,16,nan
5471,183.059,0,0,0,0,0,1235,1,16,nan
5472,191.68600000000001,0,0,0,0,0,1320,1,16,nan
5473,194.16200000000001,0,0,0,0,0,1179,1,16,nan
5474,178.72399999999999,0,0,0,0,0,1057,1,16,nan
5475,198.41900000000001,0,0,0,0,0,1269,1,16,nan
5476,192.81399999999999,0,0,0,0,0,1181,1,16,nan
5477,179.15000000000001,0,0,0,0,0,1093,1,16,nan
5478,187.637,0,0,0,0,0,1089,1,16,nan
5479,152.12100000000001,0,0,0,0,0,776,1,16,nan
5480,190.101,0,0,0,0,0,1230,1,16,nan
5481,202.744,0,0,0,0,0,1320,1,16,nan
5482,165.887,0,0,0,0,0,941,1,16,nan
5483,179.10499999999999,0,0,0,0,0,1143,1,16,nan
5484,164.21600000000001,0,0,0,0,0,920,1,16,nan
5485,167.642,0,0,0,0,0,937,1,16,nan
5486,183.00999999999999,0,0,0,0,0,1119,1,16,nan
5487,151.48500000000001,0,0,0,0,0,775,1,16,nan
5488,171.059,0,0,0,0,0,1130,1,16,nan
5489,187.29599999999999,0,0,0,0,0,1312,1,16,nan
5490,156.28399999999999,0,0,0,0,0,897,1,16,nan
5491,182.702,0,0,0,0,0,1192,1,16,nan
5492,157.56,0,0,0,0,0,968,1,16,nan
5493,206.31299999999999,0,0,0,0,0,1394,1,16,nan
5494,161.56399999999999,0,0,0,0,0,943,1,16,nan
5495,185.679,0,0,0,0,0,1226,1,16,nan
5496,183.61600000000001,0,0,0,0,0,1243,1,16,nan
5497,144.066,0,0,0,0,0,791,1,16,nan
5498,167.36799999999999,0,0,0,0,0,958,1,16,nan
5499,213.64699999999999,0,0,0,0,0,1253,1,16,nan
5500,138.48500000000001,0,0,0,0,0,664,1,16,nan
5501,177.97300000000001,0,0,0,0,0,1121,1,16,nan
5502,165.06299999999999,0,0,0,0,0,929,1,16,nan
5503,157.72800000000001,0,0,0,0,0,896,1,16,nan
5504,184.25999999999999,0,0,0,0,0,1189,1,16,nan
5505,181.34100000000001,0,0,0,0,0,1240,1,16,nan
5506,173.703,0,0,0,0,0,1113,1,16,nan
5507,176.98500000000001,0,0,0,0,0,1131,1,16,nan
5508,178.875,0,0,0,0,0,1215,1,16,nan
5509,127.995,0,0,0,0,0,532,1,16,nan
5510,128.75700000000001,0,0,0,0,0,500,1,16,nan
5511,197.565,0,0,0,0,0,1383,1,16,nan
5512,168.035,0,0,0,0,0,1037,1,16,nan
5513,186.22200000000001,0,0,0,0,0,1283,1,16,nan
5514,159.79499999999999,0,0,0,0,0,943,1,16,nan
5515,176.73500000000001,0,0,0,0,0,1159,1,16,nan
5516,163.149,0,0,0,0,0,987,1,16,nan
5517,166.714,0,0,0,0,0,1089,1,16,nan
5518,178.59,0,0,0,0,0,1091,1,16,nan
5519,179.79599999999999,0,0,0,0,0,1100,1,16,nan
5520,178.88,0,0,0,0,0,1153,1,16,nan
5521,141.62299999999999,0,0,0,0,0,685,1,16,nan
5522,170.17599999999999,0,0,0,0,0,1063,1,16,nan
5523,173.922,0,0,0,0,0,967,1,16,nan
5524,179.40600000000001,0,0,0,0,0,1130,1,16,nan
5525,132.45500000000001,0,0,0,0,0,616,1,16,nan
5526,188.261,0,0,0,0,0,1264,1,16,nan
5527,171.054,0,0,0,0,0,1132,1,16,nan
5528,174.33000000000001,0,0,0,0,0,1086,1,16,nan
5529,179.14599999999999,0,0,0,0,0,1158,1,16,nan
5530,175.52199999999999,0,0,0,0,0,1222,1,16,nan
5531,183.53999999999999,0,0,0,0,0,1179,1,16,nan
5532,155.27500000000001,0,0,0,0,0,913,1,16,nan
5533,175.22200000000001,0,0,0,0,0,1168,1,16,nan
5534,208.196,0,0,0,0,0,1457,1,16,nan
5535,152.251,0,0,0,0,0,907,1,16,nan
5536,212.84399999999999,0,0,0,0,0,1547,1,16,nan
5537,134.91800000000001,0,0,0,0,0,600,1,16,nan
5538,157.66200000000001,0,0,0,0,0,866,1,16,nan
5539,150.93700000000001,0,0,0,0,0,784,1,16,nan
5540,153.15199999999999,0,0,0,0,0,789,1,16,nan
5541,149.88800000000001,0,0,0,0,0,808,1,16,nan
5542,180.75,0,0,0,0,0,1170,1,16,nan
5543,137.77000000000001,0,0,0,0,0,627,1,16,nan
5544,124.601,0,0,0,0,0,510,1,16,nan
5545,159.58699999999999,0,0,0,0,0,827,1,16,nan
5546,169.61199999999999,0,0,0,0,0,1030,1,16,nan
5547,165.52699999999999,0,0,0,0,0,1076,1,16,nan
5548,183.00700000000001,0,0,0,0,0,1239,1,16,nan
5549,170.03399999999999,0,0,0,0,0,1132,1,16,nan
5550,158.029,0,0,0,0,0,863,1,16,nan
5551,198.42599999999999,0,0,0,0,0,1365,1,16,nan
5552,166.40000000000001,0,0,0,0,0,918,1,16,nan
5553,177.595,0,0,0,0,0,1134,1,16,nan
5554,165.446,0,0,0,0,0,994,1,16,nan
5555,184.61099999999999,0,0,0,0,0,1232,1,16,nan
5556,172.95099999999999,0,0,0,0,0,1131,1,16,nan
5557,171.33199999999999,0,0,0,0,0,1141,1,16,nan
5558,175.92099999999999,0,0,0,0,0,1147,1,16,nan
5559,178.66399999999999,0,0,0,0,0,1177,1,16,nan
5560,187.95500000000001,0,0,0,0,0,1344,1,16,nan
5561,137.74600000000001,0,0,0,0,0,696,1,16,nan
5562,186.41999999999999,0,0,0,0,0,1266,1,16,nan
5563,123.676,0,0,0,0,0,474,1,16,nan
5564,166.94999999999999,0,0,0,0,0,1025,1,16,nan
5565,180.66499999999999,0,0,0,0,0,1223,1,16,nan
5566,195.21799999999999,0,0,0,0,0,1401,1,16,nan
5567,183.07499999999999,0,0,0,0,0,1207,1,16,nan
5568,135.24299999999999,0,0,0,0,0,655,1,16,nan
5569,132.94999999999999,0,0,0,0,0,578,1,16,nan
5570,185.96199999999999,0,0,0,0,0,1220,1,16,nan
5571,169.126,0,0,0,0,0,1105,1,16,nan
5572,156.24000000000001,0,0,0,0,0,842,1,16,nan
5573,162.161,0,0,0,0,0,1092,1,16,nan
5574,151.02000000000001,0,0,0,0,0,840,1,16,nan
5575,152.84399999999999,0,0,0,0,0,958,1,16,nan
5576,172.05500000000001,0,0,0,0,0,1053,1,16,nan
5577,194.72900000000001,0,0,0,0,0,1282,1,16,nan
5578,175.97900000000001,0,0,0,0,0,1181,1,16,nan
5579,170.61600000000001,0,0,0,0,0,1077,1,16,nan
5580,181.785,0,0,0,0,0,1209,1,16,nan
5581,149.99600000000001,0,0,0,0,0,840,1,16,nan
5582,162.83199999999999,0,0,0,0,0,870,1,16,nan
5583,184.828,0,0,0,0,0,829,1,16,nan
5584,171.61799999999999,0,0,0,0,0,1019,1,16,nan
5585,187.18799999999999,0,0,0,0,0,1246,1,16,nan
5586,157.17500000000001,0,0,0,0,0,791,1,16,nan
5587,170.99000000000001,0,0,0,0,0,995,1,16,nan
5588,190.78100000000001,0,0,0,0,0,1342,1,16,nan
5589,185.96199999999999,0,0,0,0,0,1214,1,16,nan
5590,167.34100000000001,0,0,0,0,0,1080,1,16,nan
5591,173.55799999999999,0,0,0,0,0,1040,1,16,nan
5592,129.42099999999999,0,0,0,0,0,607,1,16,nan
5593,167.43600000000001,0,0,0,0,0,1007,1,16,nan
5594,180.505,0,0,0,0,0,1133,1,16,nan
5595,126.768,0,0,0,0,0,579,1,16,nan
5596,151.07900000000001,0,0,0,0,0,851,1,16,nan
5597,162.37,0,0,0,0,0,991,1,16,nan
5598,116.50700000000001,0,0,0,0,0,495,1,16,nan
5599,166.90600000000001,0,0,0,0,0,1014,1,16,nan
5600,129.16300000000001,0,0,0,0,0,529,1,16,nan
5601,166.68299999999999,0,0,0,0,0,970,1,16,nan
5602,160.09800000000001,0,0,0,0,0,954,1,16,nan
5603,135.43100000000001,0,0,0,0,0,639,1,16,nan
5604,189.58099999999999,0,0,0,0,0,1347,1,16,nan
5605,159.74299999999999,0,0,0,0,0,973,1,16,nan
5606,199.642,0,0,0,0,0,799,1,16,nan
5607,214.88900000000001,0,0,0,0,0,1149,1,16,nan
5608,198.434,0,0,0,0,0,1071,1,16,nan
5609,204.358,0,0,0,0,0,1119,1,16,nan
5610,199.749,0,0,0,0,0,1160,1,16,nan
5611,196.13399999999999,0,0,0,0,0,1175,1,16,nan
5612,166.71700000000001,0,0,0,0,0,945,1,16,nan
5613,174.58099999999999,0,0,0,0,0,987,1,16,nan
5614,175.47300000000001,0,0,0,0,0,984,1,16,nan
5615,161.71299999999999,0,0,0,0,0,807,1,16,nan
5616,174.297,0,0,0,0,0,875,1,16,nan
5617,171.88999999999999,0,0,0,0,0,868,1,16,nan
5618,117.96899999999999,0,0,0,0,0,423,1,16,nan
5619,142.06200000000001,0,0,0,0,0,730,1,16,nan
5620,192.51900000000001,0,0,0,0,0,1082,1,16,nan
5621,188.17400000000001,0,0,0,0,0,1170,1,16,nan
5622,177.715,0,0,0,0,0,1089,1,16,nan
5623,143.173,0,0,0,0,0,604,1,16,nan
5624,197.18799999999999,0,0,0,0,0,1238,1,16,nan
5625,200.78100000000001,0,0,0,0,0,1399,1,16,nan
5626,175.15700000000001,0,0,0,0,0,1154,1,16,nan
5627,186.40100000000001,0,0,0,0,0,1213,1,16,nan
5628,187.65000000000001,0,0,0,0,0,1156,1,16,nan
5629,185.75800000000001,0,0,0,0,0,1245,1,16,nan
5630,166.63999999999999,0,0,0,0,0,1015,1,16,nan
5631,161.566,0,0,0,0,0,915,1,16,nan
5632,168.148,0,0,0,0,0,1138,1,16,nan
5633,145.876,0,0,0,0,0,853,1,16,nan
5634,194.155,0,0,0,0,0,1103,1,16,nan
5635,146.21100000000001,0,0,0,0,0,790,1,16,nan
5636,192.18899999999999,0,0,0,0,0,1152,1,16,nan
5637,175.33199999999999,0,0,0,0,0,1138,1,16,nan
5638,228.49000000000001,0,0,0,0,0,1591,1,16,nan
5639,162.291,0,0,0,0,0,820,1,16,nan
5640,176.65299999999999,0,0,0,0,0,1116,1,16,nan
5641,179.13800000000001,0,0,0,0,0,1231,1,16,nan
5642,176.63900000000001,0,0,0,0,0,1155,1,16,nan
5643,179.48599999999999,0,0,0,0,0,1142,1,16,nan
5644,181.05000000000001,0,0,0,0,0,1160,1,16,nan
5645,203.92400000000001,0,0,0,0,0,1355,1,16,nan
5646,175.62799999999999,0,0,0,0,0,1116,1,16,nan
5647,176.35300000000001,0,0,0,0,0,1075,1,16,nan
5648,150.946,0,0,0,0,0,814,1,16,nan
5649,150.42500000000001,0,0,0,0,0,792,1,16,nan
5650,174.523,0,0,0,0,0,1134,1,16,nan
5651,184.78299999999999,0,0,0,0,0,1164,1,16,nan
5652,184.45599999999999,0,0,0,0,0,1307,1,16,nan
5653,163.28999999999999,0,0,0,0,0,971,1,16,nan
5654,130.922,0,0,0,0,0,574,1,16,nan
5655,182.501,0,0,0,0,0,1254,1,16,nan
5656,148.38900000000001,0,0,0,0,0,823,1,16,nan
5657,175.803,0,0,0,0,0,1004,1,16,nan
5658,166.87100000000001,0,0,0,0,0,1002,1,16,nan
5659,178.523,0,0,0,0,0,1219,1,16,nan
5660,147.989,0,0,0,0,0,728,1,16,nan
5661,131.88499999999999,0,0,0,0,0,555,1,16,nan
5662,156.56999999999999,0,0,0,0,0,883,1,16,nan
5663,163.37700000000001,0,0,0,0,0,968,1,16,nan
5664,203.43299999999999,0,0,0,0,0,1266,1,16,nan
5665,146.684,0,0,0,0,0,695,1,16,nan
5666,144.773,0,0,0,0,0,654,1,16,nan
5667,194.131,0,0,0,0,0,1238,1,16,nan
5668,177.428,0,0,0,0,0,680,1,16,nan
5669,191.631,0,0,0,0,0,1233,1,16,nan
5670,171.221,0,0,0,0,0,1014,1,16,nan
5671,165.476,0,0,0,0,0,963,1,16,nan
5672,172.16800000000001,0,0,0,0,0,870,1,16,nan
5673,149.11799999999999,0,0,0,0,0,743,1,16,nan
5674,172.179,0,0,0,0,0,1153,1,16,nan
5675,187.36099999999999,0,0,0,0,0,1285,1,16,nan
5676,191.35300000000001,0,0,0,0,0,1263,1,16,nan
5677,162.048,0,0,0,0,0,982,1,16,nan
5678,154.73699999999999,0,0,0,0,0,826,1,16,nan
5679,187.44399999999999,0,0,0,0,0,1243,1,16,nan
5680,145.25200000000001,0,0,0,0,0,764,1,16,nan
5681,143.75800000000001,0,0,0,0,0,683,1,16,nan
5682,134.92099999999999,0,0,0,0,0,627,1,16,nan
5683,185.61799999999999,0,0,0,0,0,1243,1,16,nan
5684,112.048,0,0,0,0,0,344,1,16,nan
5685,191.958,0,0,0,0,0,1329,1,16,nan
5686,148.55500000000001,0,0,0,0,0,834,1,16,nan
5687,187.75800000000001,0,0,0,0,0,1270,1,16,nan
5688,186.59299999999999,0,0,0,0,0,1279,1,16,nan
5689,125.69199999999999,0,0,0,0,0,476,1,16,nan
5690,172.172,0,0,0,0,0,1109,1,16,nan
5691,119.78400000000001,0,0,0,0,0,440,1,16,nan
5692,170.197,0,0,0,0,0,1001,1,16,nan
5693,178.66999999999999,0,0,0,0,0,1130,1,16,nan
5694,197.02099999999999,0,0,0,0,0,1329,1,16,nan
5695,187.84399999999999,0,0,0,0,0,1284,1,16,nan
5696,191.87100000000001,0,0,0,0,0,1269,1,16,nan
5697,182.667,0,0,0,0,0,1181,1,16,nan
5698,170.267,0,0,0,0,0,1061,1,16,nan
5699,213.36600000000001,0,0,0,0,0,1477,1,16,nan
5700,157.05000000000001,0,0,0,0,0,896,1,16,nan
5701,134.845,0,0,0,0,0,603,1,16,nan
5702,160.035,0,0,0,0,0,930,1,16,nan
5703,169.184,0,0,0,0,0,1041,1,16,nan
5704,149.14400000000001,0,0,0,0,0,797,1,16,nan
5705,199.44399999999999,0,0,0,0,0,1342,1,16,nan
5706,147.17099999999999,0,0,0,0,0,726,1,16,nan
5707,184.185,0,0,0,0,0,1191,1,16,nan
5708,161.59700000000001,0,0,0,0,0,921,1,16,nan
5709,128.363,0,0,0,0,0,563,1,16,nan
5710,209.27199999999999,0,0,0,0,0,1504,1,16,nan
5711,149.923,0,0,0,0,0,747,1,16,nan
5712,155.83600000000001,0,0,0,0,0,889,1,16,nan
5713,124.03400000000001,0,0,0,0,0,497,1,16,nan
5714,165.30000000000001,0,0,0,0,0,1025,1,16,nan
5715,166.16900000000001,0,0,0,0,0,1005,1,16,nan
5716,174.173,0,0,0,0,0,1032,1,16,nan
5717,175.52699999999999,0,0,0,0,0,1095,1,16,nan
5718,171.024,0,0,0,0,0,1082,1,16,nan
5719,154.75999999999999,0,0,0,0,0,854,1,16,nan
5720,175.79400000000001,0,0,0,0,0,1190,1,16,nan
5721,164.38200000000001,0,0,0,0,0,942,1,16,nan
5722,113.134,0,0,0,0,0,381,1,16,nan
5723,165.71899999999999,0,0,0,0,0,1007,1,16,nan
5724,201.87100000000001,0,0,0,0,0,1170,1,16,nan
5725,191.43199999999999,0,0,0,0,0,1264,1,16,nan
5726,189.155,0,0,0,0,0,1327,1,16,nan
5727,152.505,0,0,0,0,0,798,1,16,nan
5728,202.095,0,0,0,0,0,1367,1,16,nan
5729,136.434,0,0,0,0,0,567,1,16,nan
5730,204.52000000000001,0,0,0,0,0,1310,1,16,nan
5731,190.261,0,0,0,0,0,1317,1,16,nan
5732,211.44900000000001,0,0,0,0,0,1454,1,16,nan
5733,155.26599999999999,0,0,0,0,0,821,1,16,nan
5734,168.46100000000001,0,0,0,0,0,1093,1,16,nan
5735,188.268,0,0,0,0,0,1138,1,16,nan
5736,135.845,0,0,0,0,0,641,1,16,nan
5737,189.03899999999999,0,0,0,0,0,1244,1,16,nan
5738,151.40899999999999,0,0,0,0,0,844,1,16,nan
5739,119.446,0,0,0,0,0,431,1,16,nan
5740,168.61500000000001,0,0,0,0,0,1024,1,16,nan
5741,198.45699999999999,0,0,0,0,0,1292,1,16,nan
5742,157.965,0,0,0,0,0,875,1,16,nan
5743,179.262,0,0,0,0,0,1133,1,16,nan
5744,168.828,0,0,0,0,0,1019,1,16,nan
5745,200.30500000000001,0,0,0,0,0,1386,1,16,nan
5746,196.83600000000001,0,0,0,0,0,1323,1,16,nan
5747,180.13300000000001,0,0,0,0,0,1240,1,16,nan
5748,162.53399999999999,0,0,0,0,0,912,1,16,nan
5749,159.63499999999999,0,0,0,0,0,943,1,16,nan
5750,141.71299999999999,0,0,0,0,0,697,1,16,nan
5751,161.876,0,0,0,0,0,955,1,16,nan
5752,157.65299999999999,0,0,0,0,0,789,1,16,nan
5753,149.93199999999999,0,0,0,0,0,397,1,16,nan
5754,155.857,0,0,0,0,0,885,1,16,nan
5755,145.53800000000001,0,0,0,0,0,769,1,16,nan
5756,159.642,0,0,0,0,0,885,1,16,nan
5757,147.03200000000001,0,0,0,0,0,750,1,16,nan
5758,177.55699999999999,0,0,0,0,0,1167,1,16,nan
5759,143.786,0,0,0,0,0,751,1,16,nan
5760,175.71799999999999,0,0,0,0,0,1109,1,16,nan
5761,191.05099999999999,0,0,0,0,0,1297,1,16,nan
5762,154.68600000000001,0,0,0,0,0,923,1,16,nan
5763,152.71199999999999,0,0,0,0,0,922,1,16,nan
5764,190.27799999999999,0,0,0,0,0,1287,1,16,nan
5765,179.65700000000001,0,0,0,0,0,1163,1,16,nan
5766,182.32499999999999,0,0,0,0,0,1291,1,16,nan
5767,156.464,0,0,0,0,0,856,1,16,nan
5768,148.18799999999999,0,0,0,0,0,804,1,16,nan
5769,125.935,0,0,0,0,0,514,1,16,nan
5770,154.61000000000001,0,0,0,0,0,937,1,16,nan
5771,185.15299999999999,0,0,0,0,0,1256,1,16,nan
5772,160.827,0,0,0,0,0,958,1,16,nan
5773,159.684,0,0,0,0,0,998,1,16,nan
5774,176.32400000000001,0,0,0,0,0,1153,1,16,nan
5775,177.113,0,0,0,0,0,1247,1,16,nan
5776,170.00899999999999,0,0,0,0,0,1085,1,16,nan
5777,172.86799999999999,0,0,0,0,0,1113,1,16,nan
5778,153.815,0,0,0,0,0,844,1,16,nan
5779,167.405,0,0,0,0,0,1038,1,16,nan
5780,152.99000000000001,0,0,0,0,0,888,1,16,nan
5781,156.20500000000001,0,0,0,0,0,894,1,16,nan
5782,182.89500000000001,0,0,0,0,0,1186,1,16,nan
5783,177.47399999999999,0,0,0,0,0,1186,1,16,nan
5784,148.749,0,0,0,0,0,783,1,16,nan
5785,181.178,0,0,0,0,0,1191,1,16,nan
5786,185.14699999999999,0,0,0,0,0,1267,1,16,nan
5787,184.08699999999999,0,0,0,0,0,1161,1,16,nan
5788,183.67400000000001,0,0,0,0,0,1212,1,16,nan
5789,183.85499999999999,0,0,0,0,0,1202,1,16,nan
5790,179.55000000000001,0,0,0,0,0,1109,1,16,nan
5791,149.077,0,0,0,0,0,840,1,16,nan
5792,130.881,0,0,0,0,0,631,1,16,nan
5793,183.542,0,0,0,0,0,1151,1,16,nan
5794,184.352,0,0,0,0,0,1230,1,16,nan
5795,166.262,0,0,0,0,0,966,1,16,nan
5796,172.25399999999999,0,0,0,0,0,1112,1,16,nan
5797,168.77500000000001,0,0,0,0,0,1124,1,16,nan
5798,156.50800000000001,0,0,0,0,0,885,1,16,nan
5799,169.506,0,0,0,0,0,1080,1,16,nan
5800,175.298,0,0,0,0,0,1119,1,16,nan
5801,182.215,0,0,0,0,0,1160,1,16,nan
5802,171.285,0,0,0,0,0,1110,1,16,nan
5803,168.06899999999999,0,0,0,0,0,936,1,16,nan
5804,174.691,0,0,0,0,0,891,1,16,nan
5805,179.71899999999999,0,0,0,0,0,1074,1,16,nan
5806,193.28100000000001,0,0,0,0,0,1071,1,16,nan
5807,185.339,0,0,0,0,0,1156,1,16,nan
5808,189.40899999999999,0,0,0,0,0,1178,1,16,nan
5809,196.68700000000001,0,0,0,0,0,1279,1,16,nan
5810,194.21799999999999,0,0,0,0,0,1216,1,16,nan
5811,153.09,0,0,0,0,0,740,1,16,nan
5812,201.75800000000001,0,0,0,0,0,1179,1,16,nan
5813,195.63999999999999,0,0,0,0,0,1273,1,16,nan
5814,195.76599999999999,0,0,0,0,0,1194,1,16,nan
5815,183.62,0,0,0,0,0,1157,1,16,nan
5816,167.685,0,0,0,0,0,1122,1,16,nan
5817,159.077,0,0,0,0,0,978,1,16,nan
5818,175.08500000000001,0,0,0,0,0,1021,1,16,nan
5819,170.59999999999999,0,0,0,0,0,1065,1,16,nan
5820,170.58799999999999,0,0,0,0,0,1164,1,16,nan
5821,188.435,0,0,0,0,0,1326,1,16,nan
5822,143.374,0,0,0,0,0,646,1,16,nan
5823,192.386,0,0,0,0,0,1287,1,16,nan
5824,176.20099999999999,0,0,0,0,0,1139,1,16,nan
5825,166.32900000000001,0,0,0,0,0,990,1,16,nan
5826,178.161,0,0,0,0,0,1141,1,16,nan
5827,146.62799999999999,0,0,0,0,0,748,1,16,nan
5828,163.00999999999999,0,0,0,0,0,927,1,16,nan
5829,171.04499999999999,0,0,0,0,0,1056,1,16,nan
5830,193.02099999999999,0,0,0,0,0,1332,1,16,nan
5831,187.928,0,0,0,0,0,1239,1,16,nan
5832,183.42500000000001,0,0,0,0,0,1282,1,16,nan
5833,165.13399999999999,0,0,0,0,0,993,1,16,nan
5834,180.87,0,0,0,0,0,1123,1,16,nan
5835,185.952,0,0,0,0,0,1224,1,16,nan
5836,144.09100000000001,0,0,0,0,0,693,1,16,nan
5837,206.23699999999999,0,0,0,0,0,1077,1,16,nan
5838,190.26599999999999,0,0,0,0,0,1362,1,16,nan
5839,179.53299999999999,0,0,0,0,0,1241,1,16,nan
5840,183.91,0,0,0,0,0,1197,1,16,nan
5841,181.351,0,0,0,0,0,1188,1,16,nan
5842,187.36799999999999,0,0,0,0,0,1237,1,16,nan
5843,167.30000000000001,0,0,0,0,0,1087,1,16,nan
5844,175.38999999999999,0,0,0,0,0,1147,1,16,nan
5845,200.34100000000001,0,0,0,0,0,1398,1,16,nan
5846,188.96600000000001,0,0,0,0,0,1292,1,16,nan
5847,167.94900000000001,0,0,0,0,0,979,1,16,nan
5848,165.31299999999999,0,0,0,0,0,898,1,16,nan
5849,173.61099999999999,0,0,0,0,0,1094,1,16,nan
5850,156.04499999999999,0,0,0,0,0,892,1,16,nan
5851,180.018,0,0,0,0,0,1155,1,16,nan
5852,156.864,0,0,0,0,0,896,1,16,nan
5853,121.786,0,0,0,0,0,455,1,16,nan
5854,166.19399999999999,0,0,0,0,0,1012,1,16,nan
5855,188.20099999999999,0,0,0,0,0,1261,1,16,nan
5856,179.952,0,0,0,0,0,1159,1,16,nan
5857,175.69200000000001,0,0,0,0,0,1125,1,16,nan
5858,171.80799999999999,0,0,0,0,0,1072,1,16,nan
5859,128.744,0,0,0,0,0,549,1,16,nan
5860,184.499,0,0,0,0,0,1216,1,16,nan
5861,176.06299999999999,0,0,0,0,0,1132,1,16,nan
5862,169.48699999999999,0,0,0,0,0,986,1,16,nan
5863,167.48400000000001,0,0,0,0,0,1098,1,16,nan
5864,165.52000000000001,0,0,0,0,0,1020,1,16,nan
5865,158.09399999999999,0,0,0,0,0,907,1,16,nan
5866,182.48500000000001,0,0,0,0,0,1235,1,16,nan
5867,182.51400000000001,0,0,0,0,0,1259,1,16,nan
5868,143.72,0,0,0,0,0,695,1,16,nan
5869,191.45500000000001,0,0,0,0,0,1117,1,16,nan
5870,155.75800000000001,0,0,0,0,0,890,1,16,nan
5871,178.495,0,0,0,0,0,994,1,16,nan
5872,143.178,0,0,0,0,0,725,1,16,nan
5873,166.43000000000001,0,0,0,0,0,1043,1,16,nan
5874,177.84,0,0,0,0,0,1149,1,16,nan
5875,168.54900000000001,0,0,0,0,0,977,1,16,nan
5876,159.857,0,0,0,0,0,1033,1,16,nan
5877,143.19999999999999,0,0,0,0,0,685,1,16,nan
5878,148.68600000000001,0,0,0,0,0,809,1,16,nan
5879,178.31800000000001,0,0,0,0,0,1168,1,16,nan
5880,174.48400000000001,0,0,0,0,0,1147,1,16,nan
5881,194.78200000000001,0,0,0,0,0,1275,1,16,nan
5882,157.22300000000001,0,0,0,0,0,943,1,16,nan
5883,193.096,0,0,0,0,0,1340,1,16,nan
5884,180.952,0,0,0,0,0,1152,1,16,nan
5885,180.57499999999999,0,0,0,0,0,1137,1,16,nan
5886,193.88800000000001,0,0,0,0,0,1332,1,16,nan
5887,159.071,0,0,0,0,0,963,1,16,nan
5888,137.49299999999999,0,0,0,0,0,637,1,16,nan
5889,172.78999999999999,0,0,0,0,0,1080,1,16,nan
5890,157.971,0,0,0,0,0,936,1,16,nan
5891,153.62299999999999,0,0,0,0,0,570,1,16,nan
5892,200.666,0,0,0,0,0,1189,1,16,nan
5893,204.751,0,0,0,0,0,1132,1,16,nan
5894,210.845,0,0,0,0,0,1227,1,16,nan
5895,186.40600000000001,0,0,0,0,0,1169,1,16,nan
5896,180.97900000000001,0,0,0,0,0,1149,1,16,nan
5897,160.44900000000001,0,0,0,0,0,882,1,16,nan
5898,173.81299999999999,0,0,0,0,0,1046,1,16,nan
5899,162.041,0,0,0,0,0,939,1,16,nan
5900,185.77699999999999,0,0,0,0,0,1261,1,16,nan
5901,156.03999999999999,0,0,0,0,0,920,1,16,nan
5902,182.44,0,0,0,0,0,1300,1,16,nan
5903,168.63900000000001,0,0,0,0,0,1152,1,16,nan
5904,127.44799999999999,0,0,0,0,0,493,1,16,nan
5905,190.69300000000001,0,0,0,0,0,1268,1,16,nan
5906,177.14099999999999,0,0,0,0,0,1219,1,16,nan
5907,175.67500000000001,0,0,0,0,0,1048,1,16,nan
5908,165.48599999999999,0,0,0,0,0,706,1,16,nan
5909,154.25299999999999,0,0,0,0,0,793,1,16,nan
5910,193.74799999999999,0,0,0,0,0,1246,1,16,nan
5911,179.96199999999999,0,0,0,0,0,1109,1,16,nan
5912,160.541,0,0,0,0,0,811,1,16,nan
5913,174.011,0,0,0,0,0,969,1,16,nan
5914,140.08500000000001,0,0,0,0,0,651,1,16,nan
5915,175.31100000000001,0,0,0,0,0,966,1,16,nan
5916,186.61099999999999,0,0,0,0,0,1228,1,16,nan
5917,203.934,0,0,0,0,0,1463,1,16,nan
5918,209.08500000000001,0,0,0,0,0,1287,1,16,nan
5919,193.03999999999999,0,0,0,0,0,1174,1,16,nan
5920,161.56299999999999,0,0,0,0,0,782,1,16,nan
5921,196.37299999999999,0,0,0,0,0,1069,1,16,nan
5922,225.59899999999999,0,0,0,0,0,1313,1,16,nan
5923,189.65700000000001,0,0,0,0,0,1309,1,16,nan
5924,185.624,0,0,0,0,0,1216,1,16,nan
5925,116.73699999999999,0,0,0,0,0,381,1,16,nan
5926,175.745,0,0,0,0,0,1128,1,16,nan
5927,148.982,0,0,0,0,0,817,1,16,nan
5928,139.81999999999999,0,0,0,0,0,680,1,16,nan
5929,162.39400000000001,0,0,0,0,0,989,1,16,nan
5930,134.61099999999999,0,0,0,0,0,605,1,16,nan
5931,170.10900000000001,0,0,0,0,0,1039,1,16,nan
5932,159.077,0,0,0,0,0,997,1,16,nan
5933,163.375,0,0,0,0,0,1042,1,16,nan
5934,174.43700000000001,0,0,0,0,0,1174,1,16,nan
5935,175.68100000000001,0,0,0,0,0,1047,1,16,nan
5936,170.262,0,0,0,0,0,1048,1,16,nan
5937,127.181,0,0,0,0,0,551,1,16,nan
5938,175.94,0,0,0,0,0,1059,1,16,nan
5939,192.304,0,0,0,0,0,1270,1,16,nan
5940,168.28,0,0,0,0,0,1108,1,16,nan
5941,129.548,0,0,0,0,0,537,1,16,nan
5942,175.72499999999999,0,0,0,0,0,1165,1,16,nan
5943,170.42400000000001,0,0,0,0,0,1055,1,16,nan
5944,195.303,0,0,0,0,0,1358,1,16,nan
5945,156.44300000000001,0,0,0,0,0,881,1,16,nan
5946,182.77000000000001,0,0,0,0,0,1144,1,16,nan
5947,179.73599999999999,0,0,0,0,0,1228,1,16,nan
5948,175.00800000000001,0,0,0,0,0,1144,1,16,nan
5949,171.50899999999999,0,0,0,0,0,1080,1,16,nan
5950,165.29300000000001,0,0,0,0,0,1083,1,16,nan
5951,191.422,0,0,0,0,0,1291,1,16,nan
5952,133.72300000000001,0,0,0,0,0,559,1,16,nan
5953,185.404,0,0,0,0,0,1202,1,16,nan
5954,200.38499999999999,0,0,0,0,0,1336,1,16,nan
5955,156.37100000000001,0,0,0,0,0,869,1,16,nan
5956,164.72999999999999,0,0,0,0,0,992,1,16,nan
5957,167.636,0,0,0,0,0,918,1,16,nan
5958,183.03800000000001,0,0,0,0,0,1197,1,16,nan
5959,144.10400000000001,0,0,0,0,0,815,1,16,nan
5960,172.40100000000001,0,0,0,0,0,1027,1,16,nan
5961,158.298,0,0,0,0,0,904,1,16,nan
5962,149.435,0,0,0,0,0,820,1,16,nan
5963,167.33699999999999,0,0,0,0,0,1031,1,16,nan
5964,167.946,0,0,0,0,0,1064,1,16,nan
5965,197.512,0,0,0,0,0,1370,1,16,nan
5966,143.666,0,0,0,0,0,696,1,16,nan
5967,157.98599999999999,0,0,0,0,0,944,1,16,nan
5968,155.90600000000001,0,0,0,0,0,871,1,16,nan
5969,162.881,0,0,0,0,0,865,1,16,nan
5970,122.05800000000001,0,0,0,0,0,426,1,16,nan
5971,179.392,0,0,0,0,0,1139,1,16,nan
5972,206.07499999999999,0,0,0,0,0,1401,1,16,nan
5973,173.31399999999999,0,0,0,0,0,1128,1,16,nan
5974,151.477,0,0,0,0,0,800,1,16,nan
5975,188.18000000000001,0,0,0,0,0,1202,1,16,nan
5976,169.41499999999999,0,0,0,0,0,1111,1,16,nan
5977,181.154,0,0,0,0,0,1160,1,16,nan
5978,148.30199999999999,0,0,0,0,0,795,1,16,nan
5979,179.90899999999999,0,0,0,0,0,1138,1,16,nan
5980,156.43100000000001,0,0,0,0,0,900,1,16,nan
5981,198.87700000000001,0,0,0,0,0,1307,1,16,nan
5982,174.56299999999999,0,0,0,0,0,1062,1,16,nan
5983,166.262,0,0,0,0,0,1035,1,16,nan
5984,177.74199999999999,0,0,0,0,0,1211,1,16,nan
5985,148.47499999999999,0,0,0,0,0,773,1,16,nan
5986,183.988,0,0,0,0,0,1221,1,16,nan
5987,192.34200000000001,0,0,0,0,0,1314,1,16,nan
5988,182.04400000000001,0,0,0,0,0,1321,1,16,nan
5989,182.65899999999999,0,0,0,0,0,1251,1,16,nan
5990,180.75399999999999,0,0,0,0,0,1202,1,16,nan
5991,157.31399999999999,0,0,0,0,0,895,1,16,nan
5992,150.059,0,0,0,0,0,803,1,16,nan
5993,172.07499999999999,0,0,0,0,0,1113,1,16,nan
5994,159.32900000000001,0,0,0,0,0,970,1,16,nan
5995,202.65100000000001,0,0,0,0,0,1440,1,16,nan
5996,143.27799999999999,0,0,0,0,0,747,1,16,nan
5997,190.97499999999999,0,0,0,0,0,1152,1,16,nan
5998,190.869,0,0,0,0,0,1218,1,16,nan
5999,165.374,0,0,0,0,0,778,1,16,nan
6000,180.62200000000001,0,0,0,0,0,1006,1,16,nan
6001,161.50299999999999,0,0,0,0,0,916,1,16,nan
6002,163.26900000000001,0,0,0,0,0,939,1,16,nan
6003,192.28299999999999,0,0,0,0,0,1210,1,16,nan
6004,181.101,0,0,0,0,0,1052,1,16,nan
6005,184.50200000000001,0,0,0,0,0,1099,1,16,nan
6006,164.72800000000001,0,0,0,0,0,761,1,16,nan
6007,216.69,0,0,0,0,0,1137,1,16,nan
6008,181.46799999999999,0,0,0,0,0,1154,1,16,nan
6009,147.72399999999999,0,0,0,0,0,746,1,16,nan
6010,172.488,0,0,0,0,0,1092,1,16,nan
6011,178.291,0,0,0,0,0,1124,1,16,nan
6012,142.59999999999999,0,0,0,0,0,689,1,16,nan
6013,152.309,0,0,0,0,0,834,1,16,nan
6014,178.733,0,0,0,0,0,1302,1,16,nan
6015,194.68899999999999,0,0,0,0,0,1163,1,16,nan
6016,188.47200000000001,0,0,0,0,0,1184,1,16,nan
6017,191.18700000000001,0,0,0,0,0,1310,1,16,nan
6018,193.52600000000001,0,0,0,0,0,1272,1,16,nan
6019,186.904,0,0,0,0,0,1194,1,16,nan
6020,154.482,0,0,0,0,0,753,1,16,nan
6021,205.05000000000001,0,0,0,0,0,1432,1,16,nan
6022,195.96299999999999,0,0,0,0,0,1346,1,16,nan
6023,156.40700000000001,0,0,0,0,0,852,1,16,nan
6024,176.649,0,0,0,0,0,1148,1,16,nan
6025,175.649,0,0,0,0,0,1061,1,16,nan
6026,194.43700000000001,0,0,0,0,0,1210,1,16,nan
6027,181.553,0,0,0,0,0,977,1,16,nan
6028,121.48999999999999,0,0,0,0,0,502,1,16,nan
6029,163.61799999999999,0,0,0,0,0,974,1,16,nan
6030,182.506,0,0,0,0,0,1228,1,16,nan
6031,147.928,0,0,0,0,0,759,1,16,nan
6032,126.95099999999999,0,0,0,0,0,445,1,16,nan
6033,168.15100000000001,0,0,0,0,0,1112,1,16,nan
6034,142.637,0,0,0,0,0,712,1,16,nan
6035,174.84399999999999,0,0,0,0,0,1110,1,16,nan
6036,136.81399999999999,0,0,0,0,0,657,1,16,nan
6037,130.28200000000001,0,0,0,0,0,575,1,16,nan
6038,187.34200000000001,0,0,0,0,0,1284,1,16,nan
6039,180.01400000000001,0,0,0,0,0,1113,1,16,nan
6040,159.62299999999999,0,0,0,0,0,898,1,16,nan
6041,175.68899999999999,0,0,0,0,0,1131,1,16,nan
6042,179.33199999999999,0,0,0,0,0,1204,1,16,nan
6043,190.488,0,0,0,0,0,1330,1,16,nan
6044,165.71000000000001,0,0,0,0,0,1041,1,16,nan
6045,182.92099999999999,0,0,0,0,0,910,1,16,nan
6046,156.73099999999999,0,0,0,0,0,709,1,16,nan
6047,188.93199999999999,0,0,0,0,0,1110,1,16,nan
6048,190.87200000000001,0,0,0,0,0,986,1,16,nan
6049,174.37899999999999,0,0,0,0,0,1147,1,16,nan
6050,122.44799999999999,0,0,0,0,0,456,1,16,nan
6051,190.53999999999999,0,0,0,0,0,1226,1,16,nan
6052,128.28899999999999,0,0,0,0,0,514,1,16,nan
6053,183.11600000000001,0,0,0,0,0,1156,1,16,nan
6054,184.559,0,0,0,0,0,1270,1,16,nan
6055,177.89599999999999,0,0,0,0,0,1245,1,16,nan
6056,166.298,0,0,0,0,0,1054,1,16,nan
6057,173.40000000000001,0,0,0,0,0,1071,1,16,nan
6058,160.965,0,0,0,0,0,965,1,16,nan
6059,144.35400000000001,0,0,0,0,0,406,1,16,nan
6060,172.83500000000001,0,0,0,0,0,1071,1,16,nan
6061,169.24000000000001,0,0,0,0,0,1038,1,16,nan
6062,178.07599999999999,0,0,0,0,0,1098,1,16,nan
6063,171.71100000000001,0,0,0,0,0,1031,1,16,nan
6064,185.40000000000001,0,0,0,0,0,1213,1,16,nan
6065,188.928,0,0,0,0,0,1275,1,16,nan
6066,197.929,0,0,0,0,0,1334,1,16,nan
6067,169.28700000000001,0,0,0,0,0,1015,1,16,nan
6068,185.66499999999999,0,0,0,0,0,1204,1,16,nan
6069,162.041,0,0,0,0,0,891,1,16,nan
6070,145.78100000000001,0,0,0,0,0,660,1,16,nan
6071,181.02500000000001,0,0,0,0,0,1123,1,16,nan
6072,151.857,0,0,0,0,0,680,1,16,nan
6073,187.22900000000001,0,0,0,0,0,1257,1,16,nan
6074,164.61099999999999,0,0,0,0,0,932,1,16,nan
6075,175.62100000000001,0,0,0,0,0,1163,1,16,nan
6076,180.304,0,0,0,0,0,1114,1,16,nan
6077,185.85499999999999,0,0,0,0,0,1226,1,16,nan
6078,128.245,0,0,0,0,0,576,1,16,nan
6079,186.65700000000001,0,0,0,0,0,1148,1,16,nan
6080,150.56800000000001,0,0,0,0,0,814,1,16,nan
6081,162.042,0,0,0,0,0,932,1,16,nan
6082,174.739,0,0,0,0,0,1238,1,16,nan
6083,115.72499999999999,0,0,0,0,0,388,1,16,nan
6084,168.69399999999999,0,0,0,0,0,1064,1,16,nan
6085,191.50899999999999,0,0,0,0,0,1371,1,16,nan
6086,177.542,0,0,0,0,0,1123,1,16,nan
6087,159.41300000000001,0,0,0,0,0,908,1,16,nan
6088,165.864,0,0,0,0,0,1090,1,16,nan
6089,175.19800000000001,0,0,0,0,0,1130,1,16,nan
6090,185.60400000000001,0,0,0,0,0,1184,1,16,nan
6091,204.50399999999999,0,0,0,0,0,1137,1,16,nan
6092,169.983,0,0,0,0,0,1029,1,16,nan
6093,171.40299999999999,0,0,0,0,0,1169,1,16,nan
6094,180.172,0,0,0,0,0,1183,1,16,nan
6095,142.84899999999999,0,0,0,0,0,675,1,16,nan
6096,160.12700000000001,0,0,0,0,0,933,1,16,nan
6097,168.52699999999999,0,0,0,0,0,995,1,16,nan
6098,169.798,0,0,0,0,0,1022,1,16,nan
6099,185.33099999999999,0,0,0,0,0,1279,1,16,nan
6100,147.876,0,0,0,0,0,744,1,16,nan
6101,191.39599999999999,0,0,0,0,0,1343,1,16,nan
6102,188.702,0,0,0,0,0,1235,1,16,nan
6103,153.00399999999999,0,0,0,0,0,828,1,16,nan
6104,141.35499999999999,0,0,0,0,0,697,1,16,nan
6105,163.16999999999999,0,0,0,0,0,1060,1,16,nan
6106,188.744,0,0,0,0,0,1261,1,16,nan
6107,145.65100000000001,0,0,0,0,0,827,1,16,nan
6108,152.68700000000001,0,0,0,0,0,867,1,16,nan
6109,170.96700000000001,0,0,0,0,0,987,1,16,nan
6110,135.51599999999999,0,0,0,0,0,662,1,16,nan
6111,186.82400000000001,0,0,0,0,0,1255,1,16,nan
6112,198.40700000000001,0,0,0,0,0,1340,1,16,nan
6113,160.42500000000001,0,0,0,0,0,934,1,16,nan
6114,183.845,0,0,0,0,0,1228,1,16,nan
6115,139.95099999999999,0,0,0,0,0,712,1,16,nan
6116,150.56999999999999,0,0,0,0,0,791,1,16,nan
6117,167.03899999999999,0,0,0,0,0,1049,1,16,nan
6118,176.63200000000001,0,0,0,0,0,1162,1,16,nan
6119,134.31399999999999,0,0,0,0,0,557,1,16,nan
6120,121.58,0,0,0,0,0,567,1,16,nan
6121,166.001,0,0,0,0,0,1033,1,16,nan
6122,200.07400000000001,0,0,0,0,0,1343,1,16,nan
6123,177.44,0,0,0,0,0,1181,1,16,nan
6124,160.99100000000001,0,0,0,0,0,948,1,16,nan
6125,182.80199999999999,0,0,0,0,0,1248,1,16,nan
6126,179.83199999999999,0,0,0,0,0,1237,1,16,nan
6127,170.72999999999999,0,0,0,0,0,1043,1,16,nan
6128,155.249,0,0,0,0,0,962,1,16,nan
6129,178.89400000000001,0,0,0,0,0,1213,1,16,nan
6130,181.97800000000001,0,0,0,0,0,1308,1,16,nan
6131,180.81999999999999,0,0,0,0,0,1128,1,16,nan
6132,186.02600000000001,0,0,0,0,0,1218,1,16,nan
6133,189.637,0,0,0,0,0,1209,1,16,nan
6134,174.61099999999999,0,0,0,0,0,1093,1,16,nan
6135,165.55799999999999,0,0,0,0,0,996,1,16,nan
6136,180.75,0,0,0,0,0,1195,1,16,nan
6137,166.17699999999999,0,0,0,0,0,1025,1,16,nan
6138,154.93899999999999,0,0,0,0,0,833,1,16,nan
6139,203.49799999999999,0,0,0,0,0,1384,1,16,nan
6140,135.92699999999999,0,0,0,0,0,611,1,16,nan
6141,178.262,0,0,0,0,0,1175,1,16,nan
6142,191.989,0,0,0,0,0,1294,1,16,nan
6143,183.88300000000001,0,0,0,0,0,1258,1,16,nan
6144,179.66999999999999,0,0,0,0,0,1107,1,16,nan
6145,169.27699999999999,0,0,0,0,0,992,1,16,nan
6146,190.434,0,0,0,0,0,1313,1,16,nan
6147,147.49199999999999,0,0,0,0,0,755,1,16,nan
6148,155.59700000000001,0,0,0,0,0,789,1,16,nan
6149,204.80500000000001,0,0,0,0,0,1341,1,16,nan
6150,158.11099999999999,0,0,0,0,0,825,1,16,nan
6151,178.447,0,0,0,0,0,1180,1,16,nan
6152,183.75800000000001,0,0,0,0,0,1238,1,16,nan
6153,168.023,0,0,0,0,0,1134,1,16,nan
6154,192.86600000000001,0,0,0,0,0,1296,1,16,nan
6155,172.88800000000001,0,0,0,0,0,1074,1,16,nan
6156,198.56999999999999,0,0,0,0,0,1373,1,16,nan
6157,197.47,0,0,0,0,0,1426,1,16,nan
6158,120.35599999999999,0,0,0,0,0,470,1,16,nan
6159,156.22,0,0,0,0,0,825,1,16,nan
6160,148.86099999999999,0,0,0,0,0,842,1,16,nan
6161,180.04900000000001,0,0,0,0,0,1159,1,16,nan
6162,161.90000000000001,0,0,0,0,0,924,1,16,nan
6163,158.89400000000001,0,0,0,0,0,899,1,16,nan
6164,168.649,0,0,0,0,0,1153,1,16,nan
6165,160.249,0,0,0,0,0,1000,1,16,nan
6166,168.446,0,0,0,0,0,1073,1,16,nan
6167,175.38300000000001,0,0,0,0,0,1164,1,16,nan
6168,158.75999999999999,0,0,0,0,0,971,1,16,nan
6169,203.90799999999999,0,0,0,0,0,1148,1,16,nan
6170,187.47399999999999,0,0,0,0,0,1051,1,16,nan
6171,180.27000000000001,0,0,0,0,0,1033,1,16,nan
6172,257.56200000000001,0,0,0,0,0,1760,1,16,nan
6173,142.80600000000001,0,0,0,0,0,683,1,16,nan
6174,172.49700000000001,0,0,0,0,0,1083,1,16,nan
6175,183.31999999999999,0,0,0,0,0,1275,1,16,nan
6176,222.27199999999999,0,0,0,0,0,1315,1,16,nan
6177,175.38499999999999,0,0,0,0,0,1070,1,16,nan
6178,197.31,0,0,0,0,0,1342,1,16,nan
6179,151.03700000000001,0,0,0,0,0,935,1,16,nan
6180,155.018,0,0,0,0,0,906,1,16,nan
6181,186.631,0,0,0,0,0,1146,1,16,nan
6182,170.26400000000001,0,0,0,0,0,994,1,16,nan
6183,187.31200000000001,0,0,0,0,0,1268,1,16,nan
6184,120.041,0,0,0,0,0,407,1,16,nan
6185,183.97200000000001,0,0,0,0,0,1167,1,16,nan
6186,145.72999999999999,0,0,0,0,0,762,1,16,nan
6187,177.82900000000001,0,0,0,0,0,1224,1,16,nan
6188,190.93299999999999,0,0,0,0,0,1376,1,16,nan
6189,173.79900000000001,0,0,0,0,0,1138,1,16,nan
6190,127.226,0,0,0,0,0,558,1,16,nan
6191,180.93899999999999,0,0,0,0,0,1171,1,16,nan
6192,192.22800000000001,0,0,0,0,0,1023,1,16,nan
6193,228.79499999999999,0,0,0,0,0,1378,1,16,nan
6194,158.084,0,0,0,0,0,851,1,16,nan
6195,190.501,0,0,0,0,0,1240,1,16,nan
6196,194.05500000000001,0,0,0,0,0,1228,1,16,nan
6197,195.58000000000001,0,0,0,0,0,1246,1,16,nan
6198,177.262,0,0,0,0,0,1033,1,16,nan
6199,203.63999999999999,0,0,0,0,0,1336,1,16,nan
6200,150.685,0,0,0,0,0,721,1,16,nan
6201,188.08799999999999,0,0,0,0,0,1058,1,16,nan
6202,193.501,0,0,0,0,0,1206,1,16,nan
6203,140.16200000000001,0,0,0,0,0,683,1,16,nan
6204,138.69300000000001,0,0,0,0,0,687,1,16,nan
6205,180.84800000000001,0,0,0,0,0,1228,1,16,nan
6206,169.614,0,0,0,0,0,967,1,16,nan
6207,159.11199999999999,0,0,0,0,0,841,1,16,nan
6208,175.154,0,0,0,0,0,1069,1,16,nan
6209,189.00200000000001,0,0,0,0,0,1273,1,16,nan
6210,187.34800000000001,0,0,0,0,0,1295,1,16,nan
6211,203.41200000000001,0,0,0,0,0,1394,1,16,nan
6212,187.495,0,0,0,0,0,1152,1,16,nan
6213,194.654,0,0,0,0,0,1148,1,16,nan
6214,175.73500000000001,0,0,0,0,0,1029,1,16,nan
6215,175.363,0,0,0,0,0,1105,1,16,nan
6216,164.24700000000001,0,0,0,0,0,913,1,16,nan
6217,171.29300000000001,0,0,0,0,0,1046,1,16,nan
6218,179.374,0,0,0,0,0,1116,1,16,nan
6219,178.191,0,0,0,0,0,944,1,16,nan
6220,176.43100000000001,0,0,0,0,0,1073,1,16,nan
6221,176.767,0,0,0,0,0,1154,1,16,nan
6222,169.75999999999999,0,0,0,0,0,1028,1,16,nan
6223,189.68000000000001,0,0,0,0,0,1281,1,16,nan
6224,204.26499999999999,0,0,0,0,0,1418,1,16,nan
6225,187.78899999999999,0,0,0,0,0,1190,1,16,nan
6226,182.29599999999999,0,0,0,0,0,1253,1,16,nan
6227,168.24700000000001,0,0,0,0,0,1044,1,16,nan
6228,180.005,0,0,0,0,0,1112,1,16,nan
6229,181.36600000000001,0,0,0,0,0,1174,1,16,nan
6230,178.54499999999999,0,0,0,0,0,1095,1,16,nan
6231,129.42500000000001,0,0,0,0,0,547,1,16,nan
6232,202.24700000000001,0,0,0,0,0,1384,1,16,nan
6233,170.167,0,0,0,0,0,1033,1,16,nan
6234,180.232,0,0,0,0,0,1241,1,16,nan
6235,205.934,0,0,0,0,0,1492,1,16,nan
6236,157.691,0,0,0,0,0,849,1,16,nan
6237,179.49100000000001,0,0,0,0,0,1198,1,16,nan
6238,163.06700000000001,0,0,0,0,0,949,1,16,nan
6239,173.25,0,0,0,0,0,1150,1,16,nan
6240,189.48099999999999,0,0,0,0,0,1281,1,16,nan
6241,178.303,0,0,0,0,0,1089,1,16,nan
6242,187.75999999999999,0,0,0,0,0,1304,1,16,nan
6243,185.91200000000001,0,0,0,0,0,1205,1,16,nan
6244,159.631,0,0,0,0,0,897,1,16,nan
6245,187.95699999999999,0,0,0,0,0,1330,1,16,nan
6246,154.899,0,0,0,0,0,840,1,16,nan
6247,154.375,0,0,0,0,0,854,1,16,nan
6248,157.05500000000001,0,0,0,0,0,894,1,16,nan
6249,201.90600000000001,0,0,0,0,0,1457,1,16,nan
6250,184.857,0,0,0,0,0,1254,1,16,nan
6251,140.55699999999999,0,0,0,0,0,462,1,16,nan
6252,189.297,0,0,0,0,0,1165,1,16,nan
6253,165.68899999999999,0,0,0,0,0,878,1,16,nan
6254,187.29400000000001,0,0,0,0,0,1116,1,16,nan
6255,142.08600000000001,0,0,0,0,0,661,1,16,nan
6256,180.47900000000001,0,0,0,0,0,1107,1,16,nan
6257,135.34399999999999,0,0,0,0,0,603,1,16,nan
6258,197.70500000000001,0,0,0,0,0,1138,1,16,nan
6259,208.791,0,0,0,0,0,1199,1,16,nan
6260,199.929,0,0,0,0,0,1238,1,16,nan
6261,234.453,0,0,0,0,0,1286,1,16,nan
6262,142.101,0,0,0,0,0,560,1,16,nan
6263,159.43799999999999,0,0,0,0,0,656,1,16,nan
6264,208.05699999999999,0,0,0,0,0,1187,1,16,nan
6265,160.09899999999999,0,0,0,0,0,898,1,16,nan
6266,170.72999999999999,0,0,0,0,0,1085,1,16,nan
6267,174.28999999999999,0,0,0,0,0,1066,1,16,nan
6268,175.02799999999999,0,0,0,0,0,1139,1,16,nan
6269,186.22900000000001,0,0,0,0,0,1153,1,16,nan
6270,179.958,0,0,0,0,0,1153,1,16,nan
6271,166.04900000000001,0,0,0,0,0,1066,1,16,nan
6272,169.34700000000001,0,0,0,0,0,1147,1,16,nan
6273,180.995,0,0,0,0,0,1195,1,16,nan
6274,172.249,0,0,0,0,0,1122,1,16,nan
6275,187.226,0,0,0,0,0,1208,1,16,nan
6276,150.16900000000001,0,0,0,0,0,785,1,16,nan
6277,163.50200000000001,0,0,0,0,0,1038,1,16,nan
6278,182.83500000000001,0,0,0,0,0,1173,1,16,nan
6279,180.01300000000001,0,0,0,0,0,1122,1,16,nan
6280,198.71000000000001,0,0,0,0,0,1363,1,16,nan
6281,173.81,0,0,0,0,0,1214,1,16,nan
6282,193.34899999999999,0,0,0,0,0,1267,1,16,nan
6283,176.346,0,0,0,0,0,1095,1,16,nan
6284,186.369,0,0,0,0,0,1222,1,16,nan
6285,149.58500000000001,0,0,0,0,0,726,1,16,nan
6286,192.84700000000001,0,0,0,0,0,1387,1,16,nan
6287,173.05099999999999,0,0,0,0,0,1098,1,16,nan
6288,169.899,0,0,0,0,0,1138,1,16,nan
6289,159.09299999999999,0,0,0,0,0,902,1,16,nan
6290,173.96700000000001,0,0,0,0,0,1158,1,16,nan
6291,184.56299999999999,0,0,0,0,0,1230,1,16,nan
6292,141.77500000000001,0,0,0,0,0,664,1,16,nan
6293,173.36500000000001,0,0,0,0,0,1001,1,16,nan
6294,164.357,0,0,0,0,0,959,1,16,nan
6295,185.25399999999999,0,0,0,0,0,1203,1,16,nan
6296,148.29300000000001,0,0,0,0,0,766,1,16,nan
6297,147.61699999999999,0,0,0,0,0,830,1,16,nan
6298,183.97399999999999,0,0,0,0,0,1167,1,16,nan
6299,187.691,0,0,0,0,0,1036,1,16,nan
6300,171.51900000000001,0,0,0,0,0,930,1,16,nan
6301,200.084,0,0,0,0,0,1206,1,16,nan
6302,199.696,0,0,0,0,0,1208,1,16,nan
6303,196.81999999999999,0,0,0,0,0,1164,1,16,nan
6304,149.87899999999999,0,0,0,0,0,531,1,16,nan
6305,162.49000000000001,0,0,0,0,0,871,1,16,nan
6306,182.012,0,0,0,0,0,1222,1,16,nan
6307,206.68299999999999,0,0,0,0,0,1415,1,16,nan
6308,165.078,0,0,0,0,0,1071,1,16,nan
6309,183.071,0,0,0,0,0,1193,1,16,nan
6310,178.149,0,0,0,0,0,1173,1,16,nan
6311,164.94399999999999,0,0,0,0,0,1044,1,16,nan
6312,171.26300000000001,0,0,0,0,0,1090,1,16,nan
6313,183.053,0,0,0,0,0,1150,1,16,nan
6314,168.10900000000001,0,0,0,0,0,1057,1,16,nan
6315,198.16,0,0,0,0,0,1177,1,16,nan
6316,156.92599999999999,0,0,0,0,0,818,1,16,nan
6317,184.904,0,0,0,0,0,1169,1,16,nan
6318,201.82499999999999,0,0,0,0,0,1372,1,16,nan
6319,170.94,0,0,0,0,0,957,1,16,nan
6320,191.34,0,0,0,0,0,1230,1,16,nan
6321,186.01400000000001,0,0,0,0,0,1028,1,16,nan
6322,149.92400000000001,0,0,0,0,0,811,1,16,nan
6323,171.333,0,0,0,0,0,1069,1,16,nan
6324,182.173,0,0,0,0,0,1241,1,16,nan
6325,180.124,0,0,0,0,0,1192,1,16,nan
6326,153.50800000000001,0,0,0,0,0,821,1,16,nan
6327,179.023,0,0,0,0,0,1186,1,16,nan
6328,178.66200000000001,0,0,0,0,0,1176,1,16,nan
6329,169.84200000000001,0,0,0,0,0,977,1,16,nan
6330,131.988,0,0,0,0,0,601,1,16,nan
6331,157.30099999999999,0,0,0,0,0,895,1,16,nan
6332,158.185,0,0,0,0,0,872,1,16,nan
6333,172.18899999999999,0,0,0,0,0,1072,1,16,nan
6334,175.32599999999999,0,0,0,0,0,1096,1,16,nan
6335,160.006,0,0,0,0,0,1001,1,16,nan
6336,170.459,0,0,0,0,0,734,1,16,nan
6337,189.214,0,0,0,0,0,1149,1,16,nan
6338,189.066,0,0,0,0,0,986,1,16,nan
6339,189.07400000000001,0,0,0,0,0,1000,1,16,nan
6340,160.477,0,0,0,0,0,843,1,16,nan
6341,157.61099999999999,0,0,0,0,0,1006,1,16,nan
6342,131.404,0,0,0,0,0,587,1,16,nan
6343,194.58000000000001,0,0,0,0,0,1406,1,16,nan
6344,192.90700000000001,0,0,0,0,0,1275,1,16,nan
6345,215.279,0,0,0,0,0,1261,1,16,nan
6346,169.20400000000001,0,0,0,0,0,1137,1,16,nan
6347,189.27099999999999,0,0,0,0,0,1267,1,16,nan
6348,183.93299999999999,0,0,0,0,0,1282,1,16,nan
6349,161.09299999999999,0,0,0,0,0,932,1,16,nan
6350,155.506,0,0,0,0,0,875,1,16,nan
6351,157.38900000000001,0,0,0,0,0,944,1,16,nan
6352,182.26499999999999,0,0,0,0,0,1229,1,16,nan
6353,187.697,0,0,0,0,0,1220,1,16,nan
6354,130.899,0,0,0,0,0,547,1,16,nan
6355,170.744,0,0,0,0,0,1033,1,16,nan
6356,175.00200000000001,0,0,0,0,0,1138,1,16,nan
6357,202.79599999999999,0,0,0,0,0,1405,1,16,nan
6358,133.60300000000001,0,0,0,0,0,584,1,16,nan
6359,162.81200000000001,0,0,0,0,0,947,1,16,nan
6360,148.43799999999999,0,0,0,0,0,845,1,16,nan
6361,178.036,0,0,0,0,0,1095,1,16,nan
6362,176.869,0,0,0,0,0,1106,1,16,nan
6363,154.66999999999999,0,0,0,0,0,852,1,16,nan
6364,147.041,0,0,0,0,0,535,1,16,nan
6365,172.07900000000001,0,0,0,0,0,1074,1,16,nan
6366,171.21000000000001,0,0,0,0,0,1030,1,16,nan
6367,198.285,0,0,0,0,0,1198,1,16,nan
6368,185.07300000000001,0,0,0,0,0,1084,1,16,nan
6369,160.15700000000001,0,0,0,0,0,956,1,16,nan
6370,153.065,0,0,0,0,0,874,1,16,nan
6371,164.24600000000001,0,0,0,0,0,960,1,16,nan
6372,134.84399999999999,0,0,0,0,0,610,1,16,nan
6373,171.13300000000001,0,0,0,0,0,1063,1,16,nan
6374,168.02799999999999,0,0,0,0,0,999,1,16,nan
6375,185.244,0,0,0,0,0,1220,1,16,nan
6376,116.41200000000001,0,0,0,0,0,379,1,16,nan
6377,153.77699999999999,0,0,0,0,0,888,1,16,nan
6378,176.40299999999999,0,0,0,0,0,1109,1,16,nan
6379,156.36699999999999,0,0,0,0,0,936,1,16,nan
6380,153.13999999999999,0,0,0,0,0,840,1,16,nan
6381,151.935,0,0,0,0,0,832,1,16,nan
6382,174.661,0,0,0,0,0,1166,1,16,nan
6383,164.434,0,0,0,0,0,771,1,16,nan
6384,177.15299999999999,0,0,0,0,0,1080,1,16,nan
6385,179.286,0,0,0,0,0,851,1,16,nan
6386,172.94999999999999,0,0,0,0,0,904,1,16,nan
6387,159.99100000000001,0,0,0,0,0,850,1,16,nan
6388,134.55099999999999,0,0,0,0,0,568,1,16,nan
6389,189.5,0,0,0,0,0,1152,1,16,nan
6390,167.227,0,0,0,0,0,972,1,16,nan
6391,128.14699999999999,0,0,0,0,0,455,1,16,nan
6392,185.44399999999999,0,0,0,0,0,1078,1,16,nan
6393,213.386,0,0,0,0,0,1180,1,16,nan
6394,138.935,0,0,0,0,0,674,1,16,nan
6395,161.69,0,0,0,0,0,988,1,16,nan
6396,180.11500000000001,0,0,0,0,0,1077,1,16,nan
6397,139.62,0,0,0,0,0,639,1,16,nan
6398,164.37799999999999,0,0,0,0,0,986,1,16,nan
6399,178.70500000000001,0,0,0,0,0,1120,1,16,nan
6400,161.39400000000001,0,0,0,0,0,897,1,16,nan
6401,162.25800000000001,0,0,0,0,0,830,1,16,nan
6402,157.648,0,0,0,0,0,932,1,16,nan
6403,116.54000000000001,0,0,0,0,0,435,1,16,nan
6404,173.68700000000001,0,0,0,0,0,1030,1,16,nan
6405,177.94399999999999,0,0,0,0,0,1118,1,16,nan
6406,171.96299999999999,0,0,0,0,0,1127,1,16,nan
6407,165.61699999999999,0,0,0,0,0,1013,1,16,nan
6408,144.536,0,0,0,0,0,732,1,16,nan
6409,140.91200000000001,0,0,0,0,0,671,1,16,nan
6410,177.119,0,0,0,0,0,885,1,16,nan
6411,223.666,0,0,0,0,0,1403,1,16,nan
6412,127.979,0,0,0,0,0,561,1,16,nan
6413,169.58500000000001,0,0,0,0,0,1070,1,16,nan
6414,167.63200000000001,0,0,0,0,0,1005,1,16,nan
6415,180.97499999999999,0,0,0,0,0,1132,1,16,nan
6416,153.68100000000001,0,0,0,0,0,818,1,16,nan
6417,152.08000000000001,0,0,0,0,0,750,1,16,nan
6418,181.36099999999999,0,0,0,0,0,1183,1,16,nan
6419,143.81999999999999,0,0,0,0,0,759,1,16,nan
6420,188.81700000000001,0,0,0,0,0,1297,1,16,nan
6421,171.67099999999999,0,0,0,0,0,1015,1,16,nan
6422,152.285,0,0,0,0,0,747,1,16,nan
6423,129.68799999999999,0,0,0,0,0,603,1,16,nan
6424,150.90199999999999,0,0,0,0,0,852,1,16,nan
6425,145.49600000000001,0,0,0,0,0,800,1,16,nan
6426,167.977,0,0,0,0,0,1028,1,16,nan
6427,188.393,0,0,0,0,0,1269,1,16,nan
6428,165.48400000000001,0,0,0,0,0,961,1,16,nan
6429,178.50200000000001,0,0,0,0,0,1136,1,16,nan
6430,223.48500000000001,0,0,0,0,0,1320,1,16,nan
6431,136.70599999999999,0,0,0,0,0,696,1,16,nan
6432,172.03200000000001,0,0,0,0,0,1049,1,16,nan
6433,175.363,0,0,0,0,0,1103,1,16,nan
6434,170.18799999999999,0,0,0,0,0,1025,1,16,nan
6435,182.114,0,0,0,0,0,1191,1,16,nan
6436,165.096,0,0,0,0,0,1002,1,16,nan
6437,159.93799999999999,0,0,0,0,0,907,1,16,nan
6438,132.26499999999999,0,0,0,0,0,561,1,16,nan
6439,182.03100000000001,0,0,0,0,0,1233,1,16,nan
6440,172.88499999999999,0,0,0,0,0,1007,1,16,nan
6441,172.90799999999999,0,0,0,0,0,972,1,16,nan
6442,199.959,0,0,0,0,0,1303,1,16,nan
6443,181.97900000000001,0,0,0,0,0,1186,1,16,nan
6444,195.577,0,0,0,0,0,1357,1,16,nan
6445,119.556,0,0,0,0,0,451,1,16,nan
6446,144.31200000000001,0,0,0,0,0,644,1,16,nan
6447,198.11500000000001,0,0,0,0,0,1324,1,16,nan
6448,161.517,0,0,0,0,0,821,1,16,nan
6449,152.32300000000001,0,0,0,0,0,803,1,16,nan
6450,197.02600000000001,0,0,0,0,0,1302,1,16,nan
6451,170.87299999999999,0,0,0,0,0,1161,1,16,nan
6452,181.209,0,0,0,0,0,1179,1,16,nan
6453,195.518,0,0,0,0,0,1311,1,16,nan
6454,181.40299999999999,0,0,0,0,0,1191,1,16,nan
6455,162.971,0,0,0,0,0,914,1,16,nan
6456,155.077,0,0,0,0,0,848,1,16,nan
6457,184.40799999999999,0,0,0,0,0,1154,1,16,nan
6458,125.374,0,0,0,0,0,491,1,16,nan
6459,173.92400000000001,0,0,0,0,0,1087,1,16,nan
6460,169.30199999999999,0,0,0,0,0,1026,1,16,nan
6461,183.93600000000001,0,0,0,0,0,1227,1,16,nan
6462,170.262,0,0,0,0,0,1077,1,16,nan
6463,156.59399999999999,0,0,0,0,0,881,1,16,nan
6464,129.95599999999999,0,0,0,0,0,563,1,16,nan
6465,154.108,0,0,0,0,0,846,1,16,nan
6466,180.00899999999999,0,0,0,0,0,1115,1,16,nan
6467,169.73699999999999,0,0,0,0,0,1084,1,16,nan
6468,193.52199999999999,0,0,0,0,0,1330,1,16,nan
6469,177.36099999999999,0,0,0,0,0,1091,1,16,nan
6470,185.941,0,0,0,0,0,1223,1,16,nan
6471,213.46799999999999,0,0,0,0,0,1477,1,16,nan
6472,177.749,0,0,0,0,0,1160,1,16,nan
6473,146.26499999999999,0,0,0,0,0,687,1,16,nan
6474,138.00800000000001,0,0,0,0,0,630,1,16,nan
6475,160.16300000000001,0,0,0,0,0,932,1,16,nan
6476,163.63300000000001,0,0,0,0,0,1078,1,16,nan
6477,127.708,0,0,0,0,0,526,1,16,nan
6478,189.49000000000001,0,0,0,0,0,1082,1,16,nan
6479,160.27000000000001,0,0,0,0,0,922,1,16,nan
6480,192.96000000000001,0,0,0,0,0,1263,1,16,nan
6481,167.05199999999999,0,0,0,0,0,949,1,16,nan
6482,173.684,0,0,0,0,0,956,1,16,nan
6483,217.68199999999999,0,0,0,0,0,1502,1,16,nan
6484,212.80600000000001,0,0,0,0,0,1324,1,16,nan
6485,143.06899999999999,0,0,0,0,0,716,1,16,nan
6486,182.87,0,0,0,0,0,1203,1,16,nan
6487,169.38999999999999,0,0,0,0,0,1023,1,16,nan
6488,159.44999999999999,0,0,0,0,0,953,1,16,nan
6489,180.58500000000001,0,0,0,0,0,1114,1,16,nan
6490,146.89599999999999,0,0,0,0,0,765,1,16,nan
6491,170.221,0,0,0,0,0,1068,1,16,nan
6492,167.13999999999999,0,0,0,0,0,1042,1,16,nan
6493,169.02600000000001,0,0,0,0,0,1016,1,16,nan
6494,182.155,0,0,0,0,0,1248,1,16,nan
6495,198.422,0,0,0,0,0,1364,1,16,nan
6496,204.36500000000001,0,0,0,0,0,1438,1,16,nan
6497,180.042,0,0,0,0,0,1191,1,16,nan
6498,177.58199999999999,0,0,0,0,0,1165,1,16,nan
6499,191.94399999999999,0,0,0,0,0,1286,1,16,nan
6500,172.86699999999999,0,0,0,0,0,1166,1,16,nan
6501,144.398,0,0,0,0,0,778,1,16,nan
6502,154.90100000000001,0,0,0,0,0,969,1,16,nan
6503,188.416,0,0,0,0,0,1231,1,16,nan
6504,171.58699999999999,0,0,0,0,0,1194,1,16,nan
6505,183.863,0,0,0,0,0,1206,1,16,nan
6506,184.40600000000001,0,0,0,0,0,1165,1,16,nan
6507,153.804,0,0,0,0,0,930,1,16,nan
6508,183.50999999999999,0,0,0,0,0,1237,1,16,nan
6509,167.23400000000001,0,0,0,0,0,991,1,16,nan
6510,187.643,0,0,0,0,0,1243,1,16,nan
6511,207.03,0,0,0,0,0,1548,1,16,nan
6512,154.673,0,0,0,0,0,830,1,16,nan
6513,154.52000000000001,0,0,0,0,0,803,1,16,nan
6514,171.20500000000001,0,0,0,0,0,1105,1,16,nan
6515,180.72800000000001,0,0,0,0,0,794,1,16,nan
6516,185.71100000000001,0,0,0,0,0,1298,1,16,nan
6517,135.18000000000001,0,0,0,0,0,631,1,16,nan
6518,163.85900000000001,0,0,0,0,0,1032,1,16,nan
6519,134.59700000000001,0,0,0,0,0,601,1,16,nan
6520,163.18299999999999,0,0,0,0,0,1003,1,16,nan
6521,169.727,0,0,0,0,0,963,1,16,nan
6522,190.893,0,0,0,0,0,1272,1,16,nan
6523,169.21700000000001,0,0,0,0,0,1171,1,16,nan
6524,172.858,0,0,0,0,0,1087,1,16,nan
6525,166.351,0,0,0,0,0,1036,1,16,nan
6526,190.15299999999999,0,0,0,0,0,1258,1,16,nan
6527,161.023,0,0,0,0,0,931,1,16,nan
6528,162.28200000000001,0,0,0,0,0,910,1,16,nan
6529,164.96600000000001,0,0,0,0,0,997,1,16,nan
6530,195.02600000000001,0,0,0,0,0,1332,1,16,nan
6531,167.05699999999999,0,0,0,0,0,1015,1,16,nan
6532,161.00299999999999,0,0,0,0,0,957,1,16,nan
6533,173.13800000000001,0,0,0,0,0,1010,1,16,nan
6534,175.95699999999999,0,0,0,0,0,1093,1,16,nan
6535,142.006,0,0,0,0,0,679,1,16,nan
6536,171.97399999999999,0,0,0,0,0,1133,1,16,nan
6537,180.87200000000001,0,0,0,0,0,1162,1,16,nan
6538,188.67400000000001,0,0,0,0,0,1275,1,16,nan
6539,155.96899999999999,0,0,0,0,0,843,1,16,nan
6540,187.00899999999999,0,0,0,0,0,1265,1,16,nan
6541,177.27199999999999,0,0,0,0,0,1161,1,16,nan
6542,148.774,0,0,0,0,0,806,1,16,nan
6543,167.47200000000001,0,0,0,0,0,1023,1,16,nan
6544,133.53700000000001,0,0,0,0,0,604,1,16,nan
6545,154.30600000000001,0,0,0,0,0,803,1,16,nan
6546,138.97399999999999,0,0,0,0,0,723,1,16,nan
6547,170.441,0,0,0,0,0,1083,1,16,nan
6548,176.88900000000001,0,0,0,0,0,1032,1,16,nan
6549,160.875,0,0,0,0,0,910,1,16,nan
6550,177.411,0,0,0,0,0,1113,1,16,nan
6551,106.447,0,0,0,0,0,320,1,16,nan
6552,196.75299999999999,0,0,0,0,0,1229,1,16,nan
6553,184.739,0,0,0,0,0,1273,1,16,nan
6554,131.173,0,0,0,0,0,601,1,16,nan
6555,185.364,0,0,0,0,0,1305,1,16,nan
6556,182.441,0,0,0,0,0,1254,1,16,nan
6557,126.864,0,0,0,0,0,502,1,16,nan
6558,167.62200000000001,0,0,0,0,0,955,1,16,nan
6559,133.761,0,0,0,0,0,638,1,16,nan
6560,183.29900000000001,0,0,0,0,0,1201,1,16,nan
6561,183.00399999999999,0,0,0,0,0,1188,1,16,nan
6562,168.72200000000001,0,0,0,0,0,1128,1,16,nan
6563,148.16999999999999,0,0,0,0,0,769,1,16,nan
6564,183.76900000000001,0,0,0,0,0,1271,1,16,nan
6565,171.559,0,0,0,0,0,1157,1,16,nan
6566,187.947,0,0,0,0,0,1213,1,16,nan
6567,139.684,0,0,0,0,0,694,1,16,nan
6568,172.57599999999999,0,0,0,0,0,1084,1,16,nan
6569,164.93700000000001,0,0,0,0,0,1016,1,16,nan
6570,191.011,0,0,0,0,0,1295,1,16,nan
6571,182.02500000000001,0,0,0,0,0,1150,1,16,nan
6572,194.512,0,0,0,0,0,1311,1,16,nan
6573,160.642,0,0,0,0,0,951,1,16,nan
6574,198.26300000000001,0,0,0,0,0,1345,1,16,nan
6575,181.27600000000001,0,0,0,0,0,1164,1,16,nan
6576,182.81200000000001,0,0,0,0,0,1236,1,16,nan
6577,145.25899999999999,0,0,0,0,0,729,1,16,nan
6578,192.32499999999999,0,0,0,0,0,1305,1,16,nan
6579,176.54300000000001,0,0,0,0,0,1160,1,16,nan
6580,197.518,0,0,0,0,0,1165,1,16,nan
6581,187.471,0,0,0,0,0,1032,1,16,nan
6582,179.18600000000001,0,0,0,0,0,1086,1,16,nan
6583,174.661,0,0,0,0,0,995,1,16,nan
6584,163.797,0,0,0,0,0,832,1,16,nan
6585,166.703,0,0,0,0,0,875,1,16,nan
6586,173.80600000000001,0,0,0,0,0,978,1,16,nan
6587,211.22,0,0,0,0,0,1423,1,16,nan
6588,204.68600000000001,0,0,0,0,0,1270,1,16,nan
6589,199.37,0,0,0,0,0,1244,1,16,nan
6590,152.529,0,0,0,0,0,845,1,16,nan
6591,131.66399999999999,0,0,0,0,0,565,1,16,nan
6592,170.19999999999999,0,0,0,0,0,1080,1,16,nan
6593,167.59399999999999,0,0,0,0,0,973,1,16,nan
6594,188.38499999999999,0,0,0,0,0,1267,1,16,nan
6595,182.90700000000001,0,0,0,0,0,1140,1,16,nan
6596,177.05099999999999,0,0,0,0,0,1120,1,16,nan
6597,159.19300000000001,0,0,0,0,0,953,1,16,nan
6598,210.80000000000001,0,0,0,0,0,1424,1,16,nan
6599,212.59700000000001,0,0,0,0,0,1151,1,16,nan
6600,173.78700000000001,0,0,0,0,0,1152,1,16,nan
6601,172.822,0,0,0,0,0,1086,1,16,nan
6602,163.11099999999999,0,0,0,0,0,950,1,16,nan
6603,157.77099999999999,0,0,0,0,0,811,1,16,nan
6604,165.22900000000001,0,0,0,0,0,1095,1,16,nan
6605,170.84999999999999,0,0,0,0,0,1076,1,16,nan
6606,164.11199999999999,0,0,0,0,0,1025,1,16,nan
6607,178.791,0,0,0,0,0,1190,1,16,nan
6608,166.09200000000001,0,0,0,0,0,1012,1,16,nan
6609,175.56700000000001,0,0,0,0,0,1141,1,16,nan
6610,180.88499999999999,0,0,0,0,0,1147,1,16,nan
6611,181.46899999999999,0,0,0,0,0,1211,1,16,nan
6612,119.343,0,0,0,0,0,451,1,16,nan
6613,187.26599999999999,0,0,0,0,0,1264,1,16,nan
6614,179.375,0,0,0,0,0,1226,1,16,nan
6615,151.28899999999999,0,0,0,0,0,582,1,16,nan
6616,183.726,0,0,0,0,0,1134,1,16,nan
6617,126.172,0,0,0,0,0,500,1,16,nan
6618,180.322,0,0,0,0,0,1117,1,16,nan
6619,191.45599999999999,0,0,0,0,0,1189,1,16,nan
6620,196.339,0,0,0,0,0,1323,1,16,nan
6621,179.63300000000001,0,0,0,0,0,1083,1,16,nan
6622,152.82300000000001,0,0,0,0,0,642,1,16,nan
6623,107.837,0,0,0,0,0,342,1,16,nan
6624,187.28899999999999,0,0,0,0,0,1258,1,16,nan
6625,168.37700000000001,0,0,0,0,0,1039,1,16,nan
6626,174.749,0,0,0,0,0,1084,1,16,nan
6627,141.34299999999999,0,0,0,0,0,688,1,16,nan
6628,149.94300000000001,0,0,0,0,0,863,1,16,nan
6629,145.017,0,0,0,0,0,739,1,16,nan
6630,130.03100000000001,0,0,0,0,0,555,1,16,nan
6631,186.83600000000001,0,0,0,0,0,1252,1,16,nan
6632,188.09999999999999,0,0,0,0,0,1201,1,16,nan
6633,185.17400000000001,0,0,0,0,0,1222,1,16,nan
6634,164.02000000000001,0,0,0,0,0,1022,1,16,nan
6635,171.79300000000001,0,0,0,0,0,1085,1,16,nan
6636,194.99600000000001,0,0,0,0,0,1361,1,16,nan
6637,192.971,0,0,0,0,0,1328,1,16,nan
6638,167.358,0,0,0,0,0,1051,1,16,nan
6639,167.99199999999999,0,0,0,0,0,1028,1,16,nan
6640,175.964,0,0,0,0,0,1091,1,16,nan
6641,150.64599999999999,0,0,0,0,0,796,1,16,nan
6642,176.94800000000001,0,0,0,0,0,1159,1,16,nan
6643,183.69499999999999,0,0,0,0,0,1128,1,16,nan
6644,184.726,0,0,0,0,0,1261,1,16,nan
6645,179.29300000000001,0,0,0,0,0,943,1,16,nan
6646,176.41900000000001,0,0,0,0,0,1093,1,16,nan
6647,163.07400000000001,0,0,0,0,0,850,1,16,nan
6648,171.78299999999999,0,0,0,0,0,1043,1,16,nan
6649,191.09,0,0,0,0,0,1211,1,16,nan
6650,185.858,0,0,0,0,0,1185,1,16,nan
6651,189.92099999999999,0,0,0,0,0,1210,1,16,nan
6652,180.322,0,0,0,0,0,1150,1,16,nan
6653,197.095,0,0,0,0,0,1078,1,16,nan
6654,198.03999999999999,0,0,0,0,0,1350,1,16,nan
6655,182.93199999999999,0,0,0,0,0,889,1,16,nan
6656,178.86799999999999,0,0,0,0,0,1047,1,16,nan
6657,204.28999999999999,0,0,0,0,0,1243,1,16,nan
6658,195.154,0,0,0,0,0,1187,1,16,nan
6659,216.52799999999999,0,0,0,0,0,1545,1,16,nan
6660,171.00299999999999,0,0,0,0,0,1022,1,16,nan
6661,163.09200000000001,0,0,0,0,0,944,1,16,nan
6662,123.854,0,0,0,0,0,477,1,16,nan
6663,183.904,0,0,0,0,0,1188,1,16,nan
6664,157.041,0,0,0,0,0,876,1,16,nan
6665,171.59999999999999,0,0,0,0,0,1084,1,16,nan
6666,174.75999999999999,0,0,0,0,0,1166,1,16,nan
6667,181.74100000000001,0,0,0,0,0,1123,1,16,nan
6668,171.74000000000001,0,0,0,0,0,1004,1,16,nan
6669,151.87799999999999,0,0,0,0,0,779,1,16,nan
6670,144.244,0,0,0,0,0,726,1,16,nan
6671,158.18199999999999,0,0,0,0,0,854,1,16,nan
6672,186.89500000000001,0,0,0,0,0,1216,1,16,nan
6673,197.113,0,0,0,0,0,1375,1,16,nan
6674,197.77699999999999,0,0,0,0,0,1370,1,16,nan
6675,153.52500000000001,0,0,0,0,0,799,1,16,nan
6676,173.845,0,0,0,0,0,1054,1,16,nan
6677,166.31399999999999,0,0,0,0,0,975,1,16,nan
6678,147.84700000000001,0,0,0,0,0,766,1,16,nan
6679,172.99299999999999,0,0,0,0,0,1036,1,16,nan
6680,184.79499999999999,0,0,0,0,0,1249,1,16,nan
6681,175.44900000000001,0,0,0,0,0,1135,1,16,nan
6682,187.964,0,0,0,0,0,1306,1,16,nan
6683,163.08000000000001,0,0,0,0,0,954,1,16,nan
6684,210.93299999999999,0,0,0,0,0,1201,1,16,nan
6685,172.65199999999999,0,0,0,0,0,1135,1,16,nan
6686,160.79499999999999,0,0,0,0,0,941,1,16,nan
6687,157.28999999999999,0,0,0,0,0,865,1,16,nan
6688,142.25899999999999,0,0,0,0,0,672,1,16,nan
6689,180.911,0,0,0,0,0,1143,1,16,nan
6690,165.41,0,0,0,0,0,1021,1,16,nan
6691,192.91499999999999,0,0,0,0,0,1207,1,16,nan
6692,199.87100000000001,0,0,0,0,0,1359,1,16,nan
6693,150.50899999999999,0,0,0,0,0,894,1,16,nan
6694,162.78,0,0,0,0,0,978,1,16,nan
6695,180.542,0,0,0,0,0,1205,1,16,nan
6696,150.839,0,0,0,0,0,793,1,16,nan
6697,138.667,0,0,0,0,0,673,1,16,nan
6698,145.63499999999999,0,0,0,0,0,755,1,16,nan
6699,128.75700000000001,0,0,0,0,0,523,1,16,nan
6700,169.93000000000001,0,0,0,0,0,1101,1,16,nan
6701,172.309,0,0,0,0,0,1140,1,16,nan
6702,140.697,0,0,0,0,0,669,1,16,nan
6703,139.81700000000001,0,0,0,0,0,670,1,16,nan
6704,156.56800000000001,0,0,0,0,0,939,1,16,nan
6705,156.85599999999999,0,0,0,0,0,833,1,16,nan
6706,163.04499999999999,0,0,0,0,0,777,1,16,nan
6707,180.06899999999999,0,0,0,0,0,1153,1,16,nan
6708,170.91,0,0,0,0,0,1058,1,16,nan
6709,147.988,0,0,0,0,0,739,1,16,nan
6710,163.18000000000001,0,0,0,0,0,982,1,16,nan
6711,179.40100000000001,0,0,0,0,0,1207,1,16,nan
6712,183.98500000000001,0,0,0,0,0,1234,1,16,nan
6713,166.11099999999999,0,0,0,0,0,1040,1,16,nan
6714,180.875,0,0,0,0,0,1277,1,16,nan
6715,136.18100000000001,0,0,0,0,0,592,1,16,nan
6716,180.33000000000001,0,0,0,0,0,1169,1,16,nan
6717,172.357,0,0,0,0,0,1130,1,16,nan
6718,192.946,0,0,0,0,0,1330,1,16,nan
6719,170.905,0,0,0,0,0,1085,1,16,nan
6720,186.661,0,0,0,0,0,1293,1,16,nan
6721,154.721,0,0,0,0,0,894,1,16,nan
6722,146.33699999999999,0,0,0,0,0,700,1,16,nan
6723,148.45500000000001,0,0,0,0,0,808,1,16,nan
6724,167.64400000000001,0,0,0,0,0,939,1,16,nan
6725,151.922,0,0,0,0,0,791,1,16,nan
6726,177.94399999999999,0,0,0,0,0,1222,1,16,nan
6727,169.297,0,0,0,0,0,1016,1,16,nan
6728,147.178,0,0,0,0,0,726,1,16,nan
6729,193.68899999999999,0,0,0,0,0,1284,1,16,nan
6730,185.25399999999999,0,0,0,0,0,1243,1,16,nan
6731,146.31800000000001,0,0,0,0,0,832,1,16,nan
6732,193.946,0,0,0,0,0,1386,1,16,nan
6733,148.649,0,0,0,0,0,774,1,16,nan
6734,197.65000000000001,0,0,0,0,0,1325,1,16,nan
6735,168.58099999999999,0,0,0,0,0,1052,1,16,nan
6736,175.56100000000001,0,0,0,0,0,1218,1,16,nan
6737,177.30199999999999,0,0,0,0,0,1234,1,16,nan
6738,172.76900000000001,0,0,0,0,0,1057,1,16,nan
6739,142.995,0,0,0,0,0,668,1,16,nan
6740,116.511,0,0,0,0,0,407,1,16,nan
6741,178.672,0,0,0,0,0,1114,1,16,nan
6742,185.82499999999999,0,0,0,0,0,1242,1,16,nan
6743,180.447,0,0,0,0,0,1141,1,16,nan
6744,186.40299999999999,0,0,0,0,0,1220,1,16,nan
6745,175.447,0,0,0,0,0,913,1,16,nan
6746,102.01900000000001,0,0,0,0,0,318,1,16,nan
6747,188.804,0,0,0,0,0,1179,1,16,nan
6748,175.43199999999999,0,0,0,0,0,1009,1,16,nan
6749,190.065,0,0,0,0,0,1228,1,16,nan
6750,190.95400000000001,0,0,0,0,0,1178,1,16,nan
6751,164.75200000000001,0,0,0,0,0,890,1,16,nan
6752,224.524,0,0,0,0,0,1229,1,16,nan
6753,187.06800000000001,0,0,0,0,0,998,1,16,nan
6754,193.78800000000001,0,0,0,0,0,1087,1,16,nan
6755,156.108,0,0,0,0,0,642,1,16,nan
6756,193.81299999999999,0,0,0,0,0,1313,1,16,nan
6757,163.78,0,0,0,0,0,972,1,16,nan
6758,158.87899999999999,0,0,0,0,0,988,1,16,nan
6759,178.864,0,0,0,0,0,1212,1,16,nan
6760,188.446,0,0,0,0,0,1253,1,16,nan
6761,184.625,0,0,0,0,0,1209,1,16,nan
6762,151.352,0,0,0,0,0,863,1,16,nan
6763,131.108,0,0,0,0,0,633,1,16,nan
6764,137.114,0,0,0,0,0,590,1,16,nan
6765,183.50299999999999,0,0,0,0,0,1233,1,16,nan
6766,165.32900000000001,0,0,0,0,0,1029,1,16,nan
6767,179.44499999999999,0,0,0,0,0,1144,1,16,nan
6768,209.328,0,0,0,0,0,1371,1,16,nan
6769,222.36099999999999,0,0,0,0,0,1301,1,16,nan
6770,161.51499999999999,0,0,0,0,0,1034,1,16,nan
6771,168.471,0,0,0,0,0,1039,1,16,nan
6772,159.91999999999999,0,0,0,0,0,931,1,16,nan
6773,153.99000000000001,0,0,0,0,0,837,1,16,nan
6774,132.47499999999999,0,0,0,0,0,615,1,16,nan
6775,188.21199999999999,0,0,0,0,0,1029,1,16,nan
6776,195.49700000000001,0,0,0,0,0,1009,1,16,nan
6777,150.23699999999999,0,0,0,0,0,738,1,16,nan
6778,184.261,0,0,0,0,0,1095,1,16,nan
6779,175.41,0,0,0,0,0,1026,1,16,nan
6780,191.94800000000001,0,0,0,0,0,1182,1,16,nan
6781,192.50299999999999,0,0,0,0,0,1175,1,16,nan
6782,220.994,0,0,0,0,0,1375,1,16,nan
6783,171.79599999999999,0,0,0,0,0,972,1,16,nan
6784,236.69,0,0,0,0,0,1369,1,16,nan
6785,160.947,0,0,0,0,0,933,1,16,nan
6786,138.89099999999999,0,0,0,0,0,670,1,16,nan
6787,161.40000000000001,0,0,0,0,0,923,1,16,nan
6788,187.63999999999999,0,0,0,0,0,1261,1,16,nan
6789,152.92599999999999,0,0,0,0,0,824,1,16,nan
6790,138.339,0,0,0,0,0,564,1,16,nan
6791,178.358,0,0,0,0,0,1150,1,16,nan
6792,185.07499999999999,0,0,0,0,0,1227,1,16,nan
6793,141.86500000000001,0,0,0,0,0,717,1,16,nan
6794,187.57300000000001,0,0,0,0,0,1209,1,16,nan
6795,171.31200000000001,0,0,0,0,0,1108,1,16,nan
6796,187.30799999999999,0,0,0,0,0,1074,1,16,nan
6797,183.833,0,0,0,0,0,1161,1,16,nan
6798,168.63900000000001,0,0,0,0,0,1023,1,16,nan
6799,172.29599999999999,0,0,0,0,0,811,1,16,nan
6800,188.90899999999999,0,0,0,0,0,1232,1,16,nan
6801,190.26400000000001,0,0,0,0,0,1193,1,16,nan
6802,163.369,0,0,0,0,0,903,1,16,nan
6803,181.738,0,0,0,0,0,950,1,16,nan
6804,120.923,0,0,0,0,0,457,1,16,nan
6805,199.75399999999999,0,0,0,0,0,1170,1,16,nan
6806,179.47499999999999,0,0,0,0,0,1123,1,16,nan
6807,172.602,0,0,0,0,0,1146,1,16,nan
6808,169.55600000000001,0,0,0,0,0,1022,1,16,nan
6809,189.15000000000001,0,0,0,0,0,1262,1,16,nan
6810,178.06,0,0,0,0,0,1147,1,16,nan
6811,140.12,0,0,0,0,0,719,1,16,nan
6812,192.12899999999999,0,0,0,0,0,1240,1,16,nan
6813,171.333,0,0,0,0,0,1041,1,16,nan
6814,178.12799999999999,0,0,0,0,0,1125,1,16,nan
6815,209.892,0,0,0,0,0,1488,1,16,nan
6816,176.464,0,0,0,0,0,1101,1,16,nan
6817,180.55000000000001,0,0,0,0,0,1186,1,16,nan
6818,194.447,0,0,0,0,0,1299,1,16,nan
6819,210.99199999999999,0,0,0,0,0,1141,1,16,nan
6820,166.648,0,0,0,0,0,1023,1,16,nan
6821,151.60499999999999,0,0,0,0,0,854,1,16,nan
6822,190.90600000000001,0,0,0,0,0,1346,1,16,nan
6823,167.214,0,0,0,0,0,1029,1,16,nan
6824,149.673,0,0,0,0,0,716,1,16,nan
6825,149.821,0,0,0,0,0,782,1,16,nan
6826,166.959,0,0,0,0,0,999,1,16,nan
6827,182.624,0,0,0,0,0,1203,1,16,nan
6828,204.92599999999999,0,0,0,0,0,1438,1,16,nan
6829,144.81200000000001,0,0,0,0,0,733,1,16,nan
6830,172.655,0,0,0,0,0,1100,1,16,nan
6831,166.227,0,0,0,0,0,970,1,16,nan
6832,165.429,0,0,0,0,0,1055,1,16,nan
6833,148.17500000000001,0,0,0,0,0,849,1,16,nan
6834,205.66,0,0,0,0,0,1193,1,16,nan
6835,165.75999999999999,0,0,0,0,0,949,1,16,nan
6836,185.262,0,0,0,0,0,1202,1,16,nan
6837,172.40299999999999,0,0,0,0,0,1096,1,16,nan
6838,202.80500000000001,0,0,0,0,0,1270,1,16,nan
6839,151.13200000000001,0,0,0,0,0,779,1,16,nan
6840,123.916,0,0,0,0,0,434,1,16,nan
6841,152.19,0,0,0,0,0,796,1,16,nan
6842,179.07300000000001,0,0,0,0,0,904,1,16,nan
6843,168.06899999999999,0,0,0,0,0,1025,1,16,nan
6844,192.62,0,0,0,0,0,1325,1,16,nan
6845,174.286,0,0,0,0,0,837,1,16,nan
6846,189.03800000000001,0,0,0,0,0,1051,1,16,nan
6847,207.37200000000001,0,0,0,0,0,1251,1,16,nan
6848,207.071,0,0,0,0,0,1199,1,16,nan
6849,197.34200000000001,0,0,0,0,0,1378,1,16,nan
6850,201.66800000000001,0,0,0,0,0,1278,1,16,nan
6851,169.05699999999999,0,0,0,0,0,1105,1,16,nan
6852,192.608,0,0,0,0,0,1342,1,16,nan
6853,207.47200000000001,0,0,0,0,0,1104,1,16,nan
6854,171.80600000000001,0,0,0,0,0,1087,1,16,nan
6855,163.34700000000001,0,0,0,0,0,991,1,16,nan
6856,161.517,0,0,0,0,0,946,1,16,nan
6857,176.935,0,0,0,0,0,1219,1,16,nan
6858,130.21000000000001,0,0,0,0,0,451,1,16,nan
6859,143.75200000000001,0,0,0,0,0,750,1,16,nan
6860,144.37100000000001,0,0,0,0,0,731,1,16,nan
6861,134.18700000000001,0,0,0,0,0,602,1,16,nan
6862,201.97499999999999,0,0,0,0,0,1398,1,16,nan
6863,179.08500000000001,0,0,0,0,0,1212,1,16,nan
6864,127.91800000000001,0,0,0,0,0,546,1,16,nan
6865,166.41,0,0,0,0,0,1007,1,16,nan
6866,144.548,0,0,0,0,0,798,1,16,nan
6867,181.98099999999999,0,0,0,0,0,1195,1,16,nan
6868,157.96700000000001,0,0,0,0,0,881,1,16,nan
6869,177.05699999999999,0,0,0,0,0,1194,1,16,nan
6870,130.43299999999999,0,0,0,0,0,562,1,16,nan
6871,181.97800000000001,0,0,0,0,0,1205,1,16,nan
6872,182.179,0,0,0,0,0,1219,1,16,nan
6873,166.578,0,0,0,0,0,1101,1,16,nan
6874,172.233,0,0,0,0,0,1104,1,16,nan
6875,156.71100000000001,0,0,0,0,0,923,1,16,nan
6876,146.70400000000001,0,0,0,0,0,736,1,16,nan
6877,186.55099999999999,0,0,0,0,0,1258,1,16,nan
6878,161.85900000000001,0,0,0,0,0,1002,1,16,nan
6879,146.11500000000001,0,0,0,0,0,758,1,16,nan
6880,168.637,0,0,0,0,0,1152,1,16,nan
6881,177.19200000000001,0,0,0,0,0,1143,1,16,nan
6882,157.572,0,0,0,0,0,795,1,16,nan
6883,157.083,0,0,0,0,0,897,1,16,nan
6884,169.19399999999999,0,0,0,0,0,1077,1,16,nan
6885,145.78800000000001,0,0,0,0,0,728,1,16,nan
6886,173.24600000000001,0,0,0,0,0,1084,1,16,nan
6887,183.75800000000001,0,0,0,0,0,1249,1,16,nan
6888,164.55699999999999,0,0,0,0,0,945,1,16,nan
6889,191.09299999999999,0,0,0,0,0,1277,1,16,nan
6890,199.208,0,0,0,0,0,1408,1,16,nan
6891,178.20400000000001,0,0,0,0,0,1153,1,16,nan
6892,174.453,0,0,0,0,0,1177,1,16,nan
6893,187.5,0,0,0,0,0,1195,1,16,nan
6894,185.68700000000001,0,0,0,0,0,1205,1,16,nan
6895,182.82400000000001,0,0,0,0,0,1224,1,16,nan
6896,151.44800000000001,0,0,0,0,0,791,1,16,nan
6897,172.619,0,0,0,0,0,1019,1,16,nan
6898,162.07300000000001,0,0,0,0,0,956,1,16,nan
6899,142.98500000000001,0,0,0,0,0,753,1,16,nan
6900,193.404,0,0,0,0,0,1374,1,16,nan
6901,196.70400000000001,0,0,0,0,0,1334,1,16,nan
6902,179.65000000000001,0,0,0,0,0,1123,1,16,nan
6903,192.31700000000001,0,0,0,0,0,1324,1,16,nan
6904,177.52699999999999,0,0,0,0,0,1171,1,16,nan
6905,180.48500000000001,0,0,0,0,0,1162,1,16,nan
6906,165.756,0,0,0,0,0,1028,1,16,nan
6907,132.93600000000001,0,0,0,0,0,600,1,16,nan
6908,156.792,0,0,0,0,0,893,1,16,nan
6909,151.59200000000001,0,0,0,0,0,861,1,16,nan
6910,134.35400000000001,0,0,0,0,0,631,1,16,nan
6911,177.13399999999999,0,0,0,0,0,1070,1,16,nan
6912,176.38999999999999,0,0,0,0,0,905,1,16,nan
6913,138.76499999999999,0,0,0,0,0,469,1,16,nan
6914,166.005,0,0,0,0,0,1042,1,16,nan
6915,164.26900000000001,0,0,0,0,0,977,1,16,nan
6916,180.41399999999999,0,0,0,0,0,1189,1,16,nan
6917,173.43899999999999,0,0,0,0,0,1192,1,16,nan
6918,172.85400000000001,0,0,0,0,0,1114,1,16,nan
6919,168.23599999999999,0,0,0,0,0,929,1,16,nan
6920,172.41900000000001,0,0,0,0,0,1114,1,16,nan
6921,154.245,0,0,0,0,0,899,1,16,nan
6922,193.054,0,0,0,0,0,1314,1,16,nan
6923,155.751,0,0,0,0,0,925,1,16,nan
6924,192.04900000000001,0,0,0,0,0,1227,1,16,nan
6925,144.464,0,0,0,0,0,705,1,16,nan
6926,175.31399999999999,0,0,0,0,0,1141,1,16,nan
6927,181.07300000000001,0,0,0,0,0,1190,1,16,nan
6928,171.16300000000001,0,0,0,0,0,1114,1,16,nan
6929,187.559,0,0,0,0,0,1247,1,16,nan
6930,162.357,0,0,0,0,0,931,1,16,nan
6931,171.114,0,0,0,0,0,1037,1,16,nan
6932,173.23099999999999,0,0,0,0,0,1164,1,16,nan
6933,187.096,0,0,0,0,0,1297,1,16,nan
6934,181.25200000000001,0,0,0,0,0,1294,1,16,nan
6935,182.47200000000001,0,0,0,0,0,1230,1,16,nan
6936,165.19999999999999,0,0,0,0,0,1097,1,16,nan
6937,169.87299999999999,0,0,0,0,0,1036,1,16,nan
6938,183.971,0,0,0,0,0,874,1,16,nan
6939,190.43100000000001,0,0,0,0,0,1292,1,16,nan
6940,162.44499999999999,0,0,0,0,0,959,1,16,nan
6941,142.364,0,0,0,0,0,681,1,16,nan
6942,189.285,0,0,0,0,0,1279,1,16,nan
6943,171.958,0,0,0,0,0,1120,1,16,nan
6944,146.33099999999999,0,0,0,0,0,805,1,16,nan
6945,135.637,0,0,0,0,0,693,1,16,nan
6946,178.334,0,0,0,0,0,1180,1,16,nan
6947,181.75800000000001,0,0,0,0,0,1157,1,16,nan
6948,159.58099999999999,0,0,0,0,0,908,1,16,nan
6949,179.131,0,0,0,0,0,1154,1,16,nan
6950,178.92599999999999,0,0,0,0,0,1176,1,16,nan
6951,157.375,0,0,0,0,0,897,1,16,nan
6952,166.06100000000001,0,0,0,0,0,1019,1,16,nan
6953,192.47800000000001,0,0,0,0,0,1358,1,16,nan
6954,179.41999999999999,0,0,0,0,0,1132,1,16,nan
6955,147.91800000000001,0,0,0,0,0,852,1,16,nan
6956,184.83199999999999,0,0,0,0,0,1200,1,16,nan
6957,170.244,0,0,0,0,0,1101,1,16,nan
6958,177.179,0,0,0,0,0,1109,1,16,nan
6959,156.13900000000001,0,0,0,0,0,881,1,16,nan
6960,164.834,0,0,0,0,0,968,1,16,nan
6961,178.04599999999999,0,0,0,0,0,1164,1,16,nan
6962,173.11099999999999,0,0,0,0,0,1113,1,16,nan
6963,176.45099999999999,0,0,0,0,0,1184,1,16,nan
6964,154.71199999999999,0,0,0,0,0,874,1,16,nan
6965,163.72200000000001,0,0,0,0,0,965,1,16,nan
6966,132.024,0,0,0,0,0,533,1,16,nan
6967,202.24000000000001,0,0,0,0,0,1406,1,16,nan
6968,178.84299999999999,0,0,0,0,0,910,1,16,nan
6969,207.316,0,0,0,0,0,1288,1,16,nan
6970,198.01900000000001,0,0,0,0,0,1384,1,16,nan
6971,174.465,0,0,0,0,0,981,1,16,nan
6972,178.48599999999999,0,0,0,0,0,1073,1,16,nan
6973,160.87,0,0,0,0,0,797,1,16,nan
6974,204.779,0,0,0,0,0,1342,1,16,nan
6975,187.34800000000001,0,0,0,0,0,1182,1,16,nan
6976,194.41300000000001,0,0,0,0,0,1264,1,16,nan
6977,226.63800000000001,0,0,0,0,0,1350,1,16,nan
6978,162.58000000000001,0,0,0,0,0,991,1,16,nan
6979,180.09399999999999,0,0,0,0,0,1234,1,16,nan
6980,182.89500000000001,0,0,0,0,0,1212,1,16,nan
6981,191.65899999999999,0,0,0,0,0,1293,1,16,nan
6982,173.23699999999999,0,0,0,0,0,1124,1,16,nan
6983,165.69300000000001,0,0,0,0,0,1043,1,16,nan
6984,161.285,0,0,0,0,0,998,1,16,nan
6985,180.93899999999999,0,0,0,0,0,1256,1,16,nan
6986,174.04300000000001,0,0,0,0,0,1144,1,16,nan
6987,203.709,0,0,0,0,0,1330,1,16,nan
6988,180.54400000000001,0,0,0,0,0,1139,1,16,nan
6989,117.011,0,0,0,0,0,375,1,16,nan
6990,171.41399999999999,0,0,0,0,0,1037,1,16,nan
6991,182.55099999999999,0,0,0,0,0,1253,1,16,nan
6992,174.874,0,0,0,0,0,1174,1,16,nan
6993,120.02800000000001,0,0,0,0,0,425,1,16,nan
6994,186.58000000000001,0,0,0,0,0,1247,1,16,nan
6995,188.40700000000001,0,0,0,0,0,1199,1,16,nan
6996,144.429,0,0,0,0,0,746,1,16,nan
6997,178.809,0,0,0,0,0,1211,1,16,nan
6998,133.44,0,0,0,0,0,594,1,16,nan
6999,115.214,0,0,0,0,0,406,1,16,nan
7000,163.482,0,0,0,0,0,944,1,16,nan
7001,150.214,0,0,0,0,0,937,1,16,nan
7002,186.477,0,0,0,0,0,1236,1,16,nan
7003,188.28100000000001,0,0,0,0,0,1256,1,16,nan
7004,184.63999999999999,0,0,0,0,0,1303,1,16,nan
7005,185.535,0,0,0,0,0,1241,1,16,nan
7006,160.88399999999999,0,0,0,0,0,958,1,16,nan
7007,193.34999999999999,0,0,0,0,0,1361,1,16,nan
7008,163.65799999999999,0,0,0,0,0,1006,1,16,nan
7009,181.86099999999999,0,0,0,0,0,1209,1,16,nan
7010,121.092,0,0,0,0,0,439,1,16,nan
7011,184.25999999999999,0,0,0,0,0,1195,1,16,nan
7012,147.86500000000001,0,0,0,0,0,735,1,16,nan
7013,149.12,0,0,0,0,0,800,1,16,nan
7014,187.595,0,0,0,0,0,1262,1,16,nan
7015,142.20400000000001,0,0,0,0,0,651,1,16,nan
7016,176.86500000000001,0,0,0,0,0,1132,1,16,nan
7017,188.363,0,0,0,0,0,1251,1,16,nan
7018,171.28299999999999,0,0,0,0,0,988,1,16,nan
7019,131.226,0,0,0,0,0,558,1,16,nan
7020,160.03700000000001,0,0,0,0,0,913,1,16,nan
7021,117.13500000000001,0,0,0,0,0,374,1,16,nan
7022,182.74700000000001,0,0,0,0,0,1207,1,16,nan
7023,183.708,0,0,0,0,0,799,1,16,nan
7024,183.04900000000001,0,0,0,0,0,1134,1,16,nan
7025,178.50800000000001,0,0,0,0,0,1126,1,16,nan
7026,139.404,0,0,0,0,0,745,1,16,nan
7027,196.232,0,0,0,0,0,1354,1,16,nan
7028,171.25899999999999,0,0,0,0,0,1144,1,16,nan
7029,190.721,0,0,0,0,0,1065,1,16,nan
7030,182.89599999999999,0,0,0,0,0,1008,1,16,nan
7031,173.96600000000001,0,0,0,0,0,1144,1,16,nan
7032,164.21199999999999,0,0,0,0,0,1007,1,16,nan
7033,155.20099999999999,0,0,0,0,0,868,1,16,nan
7034,146.86799999999999,0,0,0,0,0,767,1,16,nan
7035,192.79300000000001,0,0,0,0,0,1046,1,16,nan
7036,181.56,0,0,0,0,0,1009,1,16,nan
7037,153.22999999999999,0,0,0,0,0,845,1,16,nan
7038,163.09399999999999,0,0,0,0,0,673,1,16,nan
7039,205.23599999999999,0,0,0,0,0,1258,1,16,nan
7040,224.68899999999999,0,0,0,0,0,1472,1,16,nan
7041,193.892,0,0,0,0,0,1005,1,16,nan
7042,122.411,0,0,0,0,0,504,1,16,nan
7043,141.274,0,0,0,0,0,702,1,16,nan
7044,183.66200000000001,0,0,0,0,0,1289,1,16,nan
7045,144.423,0,0,0,0,0,700,1,16,nan
7046,158.46799999999999,0,0,0,0,0,971,1,16,nan
7047,172.76400000000001,0,0,0,0,0,1110,1,16,nan
7048,186.34100000000001,0,0,0,0,0,1232,1,16,nan
7049,118.708,0,0,0,0,0,483,1,16,nan
7050,159.59800000000001,0,0,0,0,0,952,1,16,nan
7051,205.47800000000001,0,0,0,0,0,1481,1,16,nan
7052,172.01400000000001,0,0,0,0,0,1077,1,16,nan
7053,122.327,0,0,0,0,0,432,1,16,nan
7054,179.52799999999999,0,0,0,0,0,1108,1,16,nan
7055,159.11000000000001,0,0,0,0,0,921,1,16,nan
7056,173.03800000000001,0,0,0,0,0,1106,1,16,nan
7057,184.99299999999999,0,0,0,0,0,1205,1,16,nan
7058,170.79499999999999,0,0,0,0,0,1058,1,16,nan
7059,176.13200000000001,0,0,0,0,0,1167,1,16,nan
7060,171.29499999999999,0,0,0,0,0,990,1,16,nan
7061,166.62200000000001,0,0,0,0,0,1055,1,16,nan
7062,195.298,0,0,0,0,0,1301,1,16,nan
7063,169.44399999999999,0,0,0,0,0,1058,1,16,nan
7064,182.06999999999999,0,0,0,0,0,1187,1,16,nan
7065,183.53700000000001,0,0,0,0,0,1198,1,16,nan
7066,170.71899999999999,0,0,0,0,0,1046,1,16,nan
7067,128.548,0,0,0,0,0,559,1,16,nan
7068,160.239,0,0,0,0,0,918,1,16,nan
7069,143.86600000000001,0,0,0,0,0,709,1,16,nan
7070,171.32599999999999,0,0,0,0,0,1109,1,16,nan
7071,185.626,0,0,0,0,0,1230,1,16,nan
7072,177.452,0,0,0,0,0,1155,1,16,nan
7073,185.34100000000001,0,0,0,0,0,1297,1,16,nan
7074,156.50299999999999,0,0,0,0,0,910,1,16,nan
7075,180.55099999999999,0,0,0,0,0,1201,1,16,nan
7076,166.56800000000001,0,0,0,0,0,1006,1,16,nan
7077,187.547,0,0,0,0,0,1271,1,16,nan
7078,157.655,0,0,0,0,0,843,1,16,nan
7079,174.03200000000001,0,0,0,0,0,1126,1,16,nan
7080,178.94300000000001,0,0,0,0,0,1160,1,16,nan
7081,149.95699999999999,0,0,0,0,0,810,1,16,nan
7082,154.34200000000001,0,0,0,0,0,879,1,16,nan
7083,187.47300000000001,0,0,0,0,0,1328,1,16,nan
7084,170.131,0,0,0,0,0,1078,1,16,nan
7085,132.91200000000001,0,0,0,0,0,665,1,16,nan
7086,154.16999999999999,0,0,0,0,0,813,1,16,nan
7087,145.506,0,0,0,0,0,751,1,16,nan
7088,159.33600000000001,0,0,0,0,0,933,1,16,nan
7089,185,0,0,0,0,0,1208,1,16,nan
7090,171.893,0,0,0,0,0,1044,1,16,nan
7091,143.28,0,0,0,0,0,684,1,16,nan
7092,150.40199999999999,0,0,0,0,0,812,1,16,nan
7093,175.86000000000001,0,0,0,0,0,1134,1,16,nan
7094,158.16800000000001,0,0,0,0,0,913,1,16,nan
7095,176.74799999999999,0,0,0,0,0,1121,1,16,nan
7096,177.13800000000001,0,0,0,0,0,1105,1,16,nan
7097,160.834,0,0,0,0,0,956,1,16,nan
7098,185.47399999999999,0,0,0,0,0,1238,1,16,nan
7099,208.833,0,0,0,0,0,1421,1,16,nan
7100,158.31200000000001,0,0,0,0,0,872,1,16,nan
7101,165.23500000000001,0,0,0,0,0,1105,1,16,nan
7102,198.625,0,0,0,0,0,1340,1,16,nan
7103,177.80000000000001,0,0,0,0,0,1088,1,16,nan
7104,185.018,0,0,0,0,0,1310,1,16,nan
7105,158.97399999999999,0,0,0,0,0,919,1,16,nan
7106,126.593,0,0,0,0,0,455,1,16,nan
7107,216.161,0,0,0,0,0,1186,1,16,nan
7108,171.45500000000001,0,0,0,0,0,1041,1,16,nan
7109,169.21899999999999,0,0,0,0,0,1060,1,16,nan
7110,176.577,0,0,0,0,0,1174,1,16,nan
7111,154.274,0,0,0,0,0,924,1,16,nan
7112,132.78399999999999,0,0,0,0,0,577,1,16,nan
7113,166.03700000000001,0,0,0,0,0,1014,1,16,nan
7114,167.84100000000001,0,0,0,0,0,1005,1,16,nan
7115,181.22499999999999,0,0,0,0,0,1184,1,16,nan
7116,223.422,0,0,0,0,0,1473,1,16,nan
7117,189.46199999999999,0,0,0,0,0,1246,1,16,nan
7118,207.62100000000001,0,0,0,0,0,1352,1,16,nan
7119,186.25899999999999,0,0,0,0,0,1220,1,16,nan
7120,179.399,0,0,0,0,0,1162,1,16,nan
7121,201.203,0,0,0,0,0,1296,1,16,nan
7122,171.17400000000001,0,0,0,0,0,881,1,16,nan
7123,171.81700000000001,0,0,0,0,0,1065,1,16,nan
7124,155.83699999999999,0,0,0,0,0,881,1,16,nan
7125,167.44900000000001,0,0,0,0,0,1122,1,16,nan
7126,169.80500000000001,0,0,0,0,0,1080,1,16,nan
7127,183.41399999999999,0,0,0,0,0,1194,1,16,nan
7128,191.91499999999999,0,0,0,0,0,1359,1,16,nan
7129,161.13,0,0,0,0,0,878,1,16,nan
7130,186.999,0,0,0,0,0,1249,1,16,nan
7131,171.03,0,0,0,0,0,1043,1,16,nan
7132,166.50800000000001,0,0,0,0,0,1074,1,16,nan
7133,175.65100000000001,0,0,0,0,0,1142,1,16,nan
7134,168.27699999999999,0,0,0,0,0,1005,1,16,nan
7135,178.97,0,0,0,0,0,1163,1,16,nan
7136,156.30799999999999,0,0,0,0,0,931,1,16,nan
7137,152.81700000000001,0,0,0,0,0,834,1,16,nan
7138,176.09299999999999,0,0,0,0,0,1136,1,16,nan
7139,168.30000000000001,0,0,0,0,0,1049,1,16,nan
7140,155.50299999999999,0,0,0,0,0,857,1,16,nan
7141,185.672,0,0,0,0,0,1238,1,16,nan
7142,158.14699999999999,0,0,0,0,0,932,1,16,nan
7143,160.203,0,0,0,0,0,920,1,16,nan
7144,155.29499999999999,0,0,0,0,0,878,1,16,nan
7145,140.86199999999999,0,0,0,0,0,674,1,16,nan
7146,179.99000000000001,0,0,0,0,0,1065,1,16,nan
7147,186.98500000000001,0,0,0,0,0,1234,1,16,nan
7148,164.239,0,0,0,0,0,1073,1,16,nan
7149,184.28200000000001,0,0,0,0,0,1225,1,16,nan
7150,148.74700000000001,0,0,0,0,0,764,1,16,nan
7151,172.27099999999999,0,0,0,0,0,1119,1,16,nan
7152,124.235,0,0,0,0,0,469,1,16,nan
7153,146.56800000000001,0,0,0,0,0,774,1,16,nan
7154,203.91300000000001,0,0,0,0,0,1259,1,16,nan
7155,173.018,0,0,0,0,0,1095,1,16,nan
7156,174.21899999999999,0,0,0,0,0,1124,1,16,nan
7157,172.10499999999999,0,0,0,0,0,1016,1,16,nan
7158,205.47200000000001,0,0,0,0,0,1031,1,16,nan
7159,195.161,0,0,0,0,0,1042,1,16,nan
7160,190.798,0,0,0,0,0,1042,1,16,nan
7161,206.684,0,0,0,0,0,1139,1,16,nan
7162,166.49700000000001,0,0,0,0,0,965,1,16,nan
7163,198.21000000000001,0,0,0,0,0,1072,1,16,nan
7164,203.59800000000001,0,0,0,0,0,1138,1,16,nan
7165,183.17699999999999,0,0,0,0,0,1158,1,16,nan
7166,206.53700000000001,0,0,0,0,0,1387,1,16,nan
7167,150.18700000000001,0,0,0,0,0,674,1,16,nan
7168,189.48099999999999,0,0,0,0,0,1203,1,16,nan
7169,170.24299999999999,0,0,0,0,0,847,1,16,nan
7170,175.66300000000001,0,0,0,0,0,947,1,16,nan
7171,188.94,0,0,0,0,0,1176,1,16,nan
7172,210.92500000000001,0,0,0,0,0,1229,1,16,nan
7173,126.559,0,0,0,0,0,543,1,16,nan
7174,110.09999999999999,0,0,0,0,0,342,1,16,nan
7175,175.43299999999999,0,0,0,0,0,1024,1,16,nan
7176,149.316,0,0,0,0,0,758,1,16,nan
7177,174.99700000000001,0,0,0,0,0,1129,1,16,nan
7178,159.703,0,0,0,0,0,922,1,16,nan
7179,167.53999999999999,0,0,0,0,0,1052,1,16,nan
7180,145.375,0,0,0,0,0,717,1,16,nan
7181,172.209,0,0,0,0,0,1111,1,16,nan
7182,183.578,0,0,0,0,0,1243,1,16,nan
7183,183.899,0,0,0,0,0,1206,1,16,nan
7184,175.053,0,0,0,0,0,1143,1,16,nan
7185,163.97200000000001,0,0,0,0,0,1003,1,16,nan
7186,150.84399999999999,0,0,0,0,0,810,1,16,nan
7187,187.28299999999999,0,0,0,0,0,996,1,16,nan
7188,167.90700000000001,0,0,0,0,0,961,1,16,nan
7189,202.316,0,0,0,0,0,1386,1,16,nan
7190,148.24700000000001,0,0,0,0,0,733,1,16,nan
7191,170.87,0,0,0,0,0,1082,1,16,nan
7192,186.38499999999999,0,0,0,0,0,827,1,16,nan
7193,196.37200000000001,0,0,0,0,0,1161,1,16,nan
7194,132.31399999999999,0,0,0,0,0,465,1,16,nan
7195,166.12899999999999,0,0,0,0,0,1047,1,16,nan
7196,190.31899999999999,0,0,0,0,0,1312,1,16,nan
7197,160.45500000000001,0,0,0,0,0,1008,1,16,nan
7198,173.798,0,0,0,0,0,1115,1,16,nan
7199,179.00299999999999,0,0,0,0,0,1080,1,16,nan
7200,138.93100000000001,0,0,0,0,0,623,1,16,nan
7201,145.09299999999999,0,0,0,0,0,779,1,16,nan
7202,181.17599999999999,0,0,0,0,0,1257,1,16,nan
7203,202.25899999999999,0,0,0,0,0,1328,1,16,nan
7204,159.005,0,0,0,0,0,891,1,16,nan
7205,187.92400000000001,0,0,0,0,0,1192,1,16,nan
7206,159.762,0,0,0,0,0,1023,1,16,nan
7207,174.86799999999999,0,0,0,0,0,1111,1,16,nan
7208,175.63,0,0,0,0,0,1052,1,16,nan
7209,176.74600000000001,0,0,0,0,0,1124,1,16,nan
7210,196.40700000000001,0,0,0,0,0,1106,1,16,nan
7211,191.75,0,0,0,0,0,1248,1,16,nan
7212,172.59999999999999,0,0,0,0,0,994,1,16,nan
7213,164.37799999999999,0,0,0,0,0,945,1,16,nan
7214,145.53100000000001,0,0,0,0,0,728,1,16,nan
7215,168.244,0,0,0,0,0,993,1,16,nan
7216,167.857,0,0,0,0,0,898,1,16,nan
7217,204.5,0,0,0,0,0,1297,1,16,nan
7218,165.785,0,0,0,0,0,1001,1,16,nan
7219,178.19399999999999,0,0,0,0,0,1162,1,16,nan
7220,152.28299999999999,0,0,0,0,0,771,1,16,nan
7221,170.78800000000001,0,0,0,0,0,958,1,16,nan
7222,173.73599999999999,0,0,0,0,0,849,1,16,nan
7223,183.376,0,0,0,0,0,1084,1,16,nan
7224,161.751,0,0,0,0,0,914,1,16,nan
7225,186.14099999999999,0,0,0,0,0,1163,1,16,nan
7226,161.52500000000001,0,0,0,0,0,877,1,16,nan
7227,166.81399999999999,0,0,0,0,0,917,1,16,nan
7228,175.447,0,0,0,0,0,946,1,16,nan
7229,154.83099999999999,0,0,0,0,0,873,1,16,nan
7230,157.74100000000001,0,0,0,0,0,869,1,16,nan
7231,148.96299999999999,0,0,0,0,0,727,1,16,nan
7232,124.18600000000001,0,0,0,0,0,445,1,16,nan
7233,180.48500000000001,0,0,0,0,0,1088,1,16,nan
7234,148.697,0,0,0,0,0,697,1,16,nan
7235,213.32400000000001,0,0,0,0,0,1424,1,16,nan
7236,185.91300000000001,0,0,0,0,0,1176,1,16,nan
7237,192.59899999999999,0,0,0,0,0,1201,1,16,nan
7238,141.102,0,0,0,0,0,649,1,16,nan
7239,160.684,0,0,0,0,0,885,1,16,nan
7240,152.02000000000001,0,0,0,0,0,726,1,16,nan
7241,186.17599999999999,0,0,0,0,0,1144,1,16,nan
7242,182.65700000000001,0,0,0,0,0,1190,1,16,nan
7243,181.09,0,0,0,0,0,1087,1,16,nan
7244,190.09700000000001,0,0,0,0,0,1294,1,16,nan
7245,162.72499999999999,0,0,0,0,0,944,1,16,nan
7246,139.512,0,0,0,0,0,724,1,16,nan
7247,186.179,0,0,0,0,0,1282,1,16,nan
7248,181.315,0,0,0,0,0,1240,1,16,nan
7249,167.42099999999999,0,0,0,0,0,1067,1,16,nan
7250,143.09,0,0,0,0,0,731,1,16,nan
7251,130.392,0,0,0,0,0,663,1,16,nan
7252,220.12299999999999,0,0,0,0,0,1402,1,16,nan
7253,158.77000000000001,0,0,0,0,0,917,1,16,nan
7254,158.90000000000001,0,0,0,0,0,1000,1,16,nan
7255,180.542,0,0,0,0,0,1145,1,16,nan
7256,187.49700000000001,0,0,0,0,0,1280,1,16,nan
7257,183.857,0,0,0,0,0,1081,1,16,nan
7258,178.31399999999999,0,0,0,0,0,1015,1,16,nan
7259,143.33699999999999,0,0,0,0,0,695,1,16,nan
7260,147.92599999999999,0,0,0,0,0,695,1,16,nan
7261,158.136,0,0,0,0,0,868,1,16,nan
7262,181.143,0,0,0,0,0,1179,1,16,nan
7263,176.233,0,0,0,0,0,1198,1,16,nan
7264,167.23599999999999,0,0,0,0,0,881,1,16,nan
7265,189.38300000000001,0,0,0,0,0,1263,1,16,nan
7266,183.863,0,0,0,0,0,1286,1,16,nan
7267,154.41200000000001,0,0,0,0,0,806,1,16,nan
7268,177.37200000000001,0,0,0,0,0,1215,1,16,nan
7269,160.26400000000001,0,0,0,0,0,690,1,16,nan
7270,174.64400000000001,0,0,0,0,0,1060,1,16,nan
7271,190.684,0,0,0,0,0,1209,1,16,nan
7272,182.88,0,0,0,0,0,1101,1,16,nan
7273,175.94,0,0,0,0,0,1072,1,16,nan
7274,137.452,0,0,0,0,0,580,1,16,nan
7275,203.78899999999999,0,0,0,0,0,1285,1,16,nan
7276,182.09399999999999,0,0,0,0,0,1111,1,16,nan
7277,242.441,0,0,0,0,0,1409,1,16,nan
7278,202.05699999999999,0,0,0,0,0,1424,1,16,nan
7279,182.61699999999999,0,0,0,0,0,1119,1,16,nan
7280,196.18700000000001,0,0,0,0,0,1225,1,16,nan
7281,156.14599999999999,0,0,0,0,0,872,1,16,nan
7282,172.76900000000001,0,0,0,0,0,990,1,16,nan
7283,161.851,0,0,0,0,0,822,1,16,nan
7284,191.209,0,0,0,0,0,985,1,16,nan
7285,229.995,0,0,0,0,0,1429,1,16,nan
7286,201.678,0,0,0,0,0,1188,1,16,nan
7287,175.26400000000001,0,0,0,0,0,906,1,16,nan
7288,159.05799999999999,0,0,0,0,0,860,1,16,nan
7289,189.90199999999999,0,0,0,0,0,1231,1,16,nan
7290,180.23400000000001,0,0,0,0,0,1182,1,16,nan
7291,185.87799999999999,0,0,0,0,0,1151,1,16,nan
7292,245.411,0,0,0,0,0,1517,1,16,nan
7293,160.95400000000001,0,0,0,0,0,888,1,16,nan
7294,161.53399999999999,0,0,0,0,0,841,1,16,nan
7295,188.11699999999999,0,0,0,0,0,1206,1,16,nan
7296,185.39599999999999,0,0,0,0,0,1125,1,16,nan
7297,126.78400000000001,0,0,0,0,0,519,1,16,nan
7298,151.25399999999999,0,0,0,0,0,854,1,16,nan
7299,174.946,0,0,0,0,0,1053,1,16,nan
7300,157.83600000000001,0,0,0,0,0,881,1,16,nan
7301,190.649,0,0,0,0,0,1245,1,16,nan
7302,154.83699999999999,0,0,0,0,0,713,1,16,nan
7303,168.28899999999999,0,0,0,0,0,1008,1,16,nan
7304,199.107,0,0,0,0,0,1385,1,16,nan
7305,184.20699999999999,0,0,0,0,0,1182,1,16,nan
7306,184.12,0,0,0,0,0,1186,1,16,nan
7307,177.803,0,0,0,0,0,1153,1,16,nan
7308,189.37200000000001,0,0,0,0,0,1098,1,16,nan
7309,188.02099999999999,0,0,0,0,0,1233,1,16,nan
7310,166.17099999999999,0,0,0,0,0,1128,1,16,nan
7311,177.392,0,0,0,0,0,1103,1,16,nan
7312,186.87200000000001,0,0,0,0,0,1193,1,16,nan
7313,159.20699999999999,0,0,0,0,0,850,1,16,nan
7314,172.01900000000001,0,0,0,0,0,975,1,16,nan
7315,184.59200000000001,0,0,0,0,0,1152,1,16,nan
7316,131.28800000000001,0,0,0,0,0,535,1,16,nan
7317,165.654,0,0,0,0,0,920,1,16,nan
7318,180.21799999999999,0,0,0,0,0,1157,1,16,nan
7319,202.89699999999999,0,0,0,0,0,1270,1,16,nan
7320,172.34999999999999,0,0,0,0,0,1031,1,16,nan
7321,194.64400000000001,0,0,0,0,0,1219,1,16,nan
7322,183.74000000000001,0,0,0,0,0,1228,1,16,nan
7323,158.30799999999999,0,0,0,0,0,904,1,16,nan
7324,165.94900000000001,0,0,0,0,0,1062,1,16,nan
7325,163.42699999999999,0,0,0,0,0,906,1,16,nan
7326,180.827,0,0,0,0,0,1116,1,16,nan
7327,192.47800000000001,0,0,0,0,0,1312,1,16,nan
7328,180.13999999999999,0,0,0,0,0,1181,1,16,nan
7329,182.55699999999999,0,0,0,0,0,1234,1,16,nan
7330,187.49100000000001,0,0,0,0,0,1153,1,16,nan
7331,160.46299999999999,0,0,0,0,0,962,1,16,nan
7332,144.12100000000001,0,0,0,0,0,668,1,16,nan
7333,168.96299999999999,0,0,0,0,0,971,1,16,nan
7334,187.58600000000001,0,0,0,0,0,1253,1,16,nan
7335,185.863,0,0,0,0,0,1175,1,16,nan
7336,202.03700000000001,0,0,0,0,0,1393,1,16,nan
7337,170.16200000000001,0,0,0,0,0,1060,1,16,nan
7338,177.53999999999999,0,0,0,0,0,1154,1,16,nan
7339,162.44499999999999,0,0,0,0,0,972,1,16,nan
7340,179.56700000000001,0,0,0,0,0,1130,1,16,nan
7341,157.91499999999999,0,0,0,0,0,928,1,16,nan
7342,167.76900000000001,0,0,0,0,0,1015,1,16,nan
7343,195.41999999999999,0,0,0,0,0,1343,1,16,nan
7344,162.601,0,0,0,0,0,925,1,16,nan
7345,140.77099999999999,0,0,0,0,0,728,1,16,nan
7346,177.131,0,0,0,0,0,1142,1,16,nan
7347,170.83099999999999,0,0,0,0,0,1064,1,16,nan
7348,158.83799999999999,0,0,0,0,0,853,1,16,nan
7349,171.958,0,0,0,0,0,1067,1,16,nan
7350,151.38900000000001,0,0,0,0,0,807,1,16,nan
7351,167.923,0,0,0,0,0,993,1,16,nan
7352,153.33600000000001,0,0,0,0,0,867,1,16,nan
7353,184.02799999999999,0,0,0,0,0,1153,1,16,nan
7354,193.93000000000001,0,0,0,0,0,1145,1,16,nan
7355,162.494,0,0,0,0,0,966,1,16,nan
7356,200.29599999999999,0,0,0,0,0,1097,1,16,nan
7357,186.88300000000001,0,0,0,0,0,1072,1,16,nan
7358,179.727,0,0,0,0,0,946,1,16,nan
7359,173.542,0,0,0,0,0,982,1,16,nan
7360,192.00399999999999,0,0,0,0,0,1165,1,16,nan
7361,183.839,0,0,0,0,0,756,1,16,nan
7362,242.679,0,0,0,0,0,1718,1,16,nan
7363,178.04300000000001,0,0,0,0,0,1077,1,16,nan
7364,192.62700000000001,0,0,0,0,0,992,1,16,nan
7365,188.482,0,0,0,0,0,1316,1,16,nan
7366,183.01599999999999,0,0,0,0,0,1180,1,16,nan
7367,127.979,0,0,0,0,0,504,1,16,nan
7368,146.01900000000001,0,0,0,0,0,765,1,16,nan
7369,153.21199999999999,0,0,0,0,0,805,1,16,nan
7370,219.27699999999999,0,0,0,0,0,1285,1,16,nan
7371,150.845,0,0,0,0,0,683,1,16,nan
7372,207.41800000000001,0,0,0,0,0,1287,1,16,nan
7373,180.04499999999999,0,0,0,0,0,922,1,16,nan
7374,203.03200000000001,0,0,0,0,0,1311,1,16,nan
7375,179.62299999999999,0,0,0,0,0,1189,1,16,nan
7376,165.00999999999999,0,0,0,0,0,891,1,16,nan
7377,182.87899999999999,0,0,0,0,0,1162,1,16,nan
7378,186.19300000000001,0,0,0,0,0,1323,1,16,nan
7379,157.512,0,0,0,0,0,873,1,16,nan
7380,190.029,0,0,0,0,0,1319,1,16,nan
7381,185.39500000000001,0,0,0,0,0,1302,1,16,nan
7382,167.03800000000001,0,0,0,0,0,1009,1,16,nan
7383,165.92599999999999,0,0,0,0,0,937,1,16,nan
7384,197.20500000000001,0,0,0,0,0,1355,1,16,nan
7385,192.68799999999999,0,0,0,0,0,1286,1,16,nan
7386,160.86000000000001,0,0,0,0,0,1070,1,16,nan
7387,195.25299999999999,0,0,0,0,0,1293,1,16,nan
7388,171.727,0,0,0,0,0,986,1,16,nan
7389,153.91399999999999,0,0,0,0,0,803,1,16,nan
7390,168.26300000000001,0,0,0,0,0,1005,1,16,nan
7391,189.90000000000001,0,0,0,0,0,1265,1,16,nan
7392,175.74799999999999,0,0,0,0,0,1094,1,16,nan
7393,191.35300000000001,0,0,0,0,0,1343,1,16,nan
7394,191.93799999999999,0,0,0,0,0,1278,1,16,nan
7395,187.18899999999999,0,0,0,0,0,1262,1,16,nan
7396,143.66200000000001,0,0,0,0,0,675,1,16,nan
7397,170.678,0,0,0,0,0,1003,1,16,nan
7398,144.017,0,0,0,0,0,708,1,16,nan
7399,159.77000000000001,0,0,0,0,0,911,1,16,nan
7400,192.124,0,0,0,0,0,1284,1,16,nan
7401,186.24199999999999,0,0,0,0,0,1162,1,16,nan
7402,180.80699999999999,0,0,0,0,0,1205,1,16,nan
7403,170.99799999999999,0,0,0,0,0,1080,1,16,nan
7404,188.26400000000001,0,0,0,0,0,1213,1,16,nan
7405,119.78100000000001,0,0,0,0,0,564,1,16,nan
7406,157.477,0,0,0,0,0,944,1,16,nan
7407,180.5,0,0,0,0,0,1176,1,16,nan
7408,169.18600000000001,0,0,0,0,0,1101,1,16,nan
7409,152.86000000000001,0,0,0,0,0,857,1,16,nan
7410,173.804,0,0,0,0,0,1104,1,16,nan
7411,176.72999999999999,0,0,0,0,0,1084,1,16,nan
7412,146.46700000000001,0,0,0,0,0,758,1,16,nan
7413,157.11799999999999,0,0,0,0,0,856,1,16,nan
7414,135.19200000000001,0,0,0,0,0,637,1,16,nan
7415,212.548,0,0,0,0,0,1314,1,16,nan
7416,215.47999999999999,0,0,0,0,0,1176,1,16,nan
7417,160.59299999999999,0,0,0,0,0,676,1,16,nan
7418,218.703,0,0,0,0,0,1326,1,16,nan
7419,206.25299999999999,0,0,0,0,0,1127,1,16,nan
7420,174.97300000000001,0,0,0,0,0,1024,1,16,nan
7421,218.31299999999999,0,0,0,0,0,1231,1,16,nan
7422,194.84899999999999,0,0,0,0,0,1254,1,16,nan
7423,165.27500000000001,0,0,0,0,0,970,1,16,nan
7424,204.66300000000001,0,0,0,0,0,1367,1,16,nan
7425,118.545,0,0,0,0,0,363,1,16,nan
7426,189.47200000000001,0,0,0,0,0,1193,1,16,nan
7427,159.315,0,0,0,0,0,854,1,16,nan
7428,169.49299999999999,0,0,0,0,0,869,1,16,nan
7429,199.49299999999999,0,0,0,0,0,1336,1,16,nan
7430,121.251,0,0,0,0,0,469,1,16,nan
7431,144.22,0,0,0,0,0,728,1,16,nan
7432,183.48099999999999,0,0,0,0,0,1186,1,16,nan
7433,175.90199999999999,0,0,0,0,0,1116,1,16,nan
7434,172.691,0,0,0,0,0,1153,1,16,nan
7435,173.16,0,0,0,0,0,1095,1,16,nan
7436,192.72300000000001,0,0,0,0,0,1316,1,16,nan
7437,180.92500000000001,0,0,0,0,0,1248,1,16,nan
7438,189.53299999999999,0,0,0,0,0,1081,1,16,nan
7439,146.56399999999999,0,0,0,0,0,728,1,16,nan
7440,182.93899999999999,0,0,0,0,0,1205,1,16,nan
7441,151.86000000000001,0,0,0,0,0,864,1,16,nan
7442,189.67400000000001,0,0,0,0,0,1321,1,16,nan
7443,141.77799999999999,0,0,0,0,0,678,1,16,nan
7444,160.233,0,0,0,0,0,968,1,16,nan
7445,163.279,0,0,0,0,0,945,1,16,nan
7446,187.56700000000001,0,0,0,0,0,884,1,16,nan
7447,167.601,0,0,0,0,0,1017,1,16,nan
7448,158.267,0,0,0,0,0,973,1,16,nan
7449,156.60599999999999,0,0,0,0,0,928,1,16,nan
7450,169.184,0,0,0,0,0,1021,1,16,nan
7451,214.87299999999999,0,0,0,0,0,1511,1,16,nan
7452,158.58600000000001,0,0,0,0,0,873,1,16,nan
7453,154.024,0,0,0,0,0,908,1,16,nan
7454,172.98599999999999,0,0,0,0,0,1077,1,16,nan
7455,183.172,0,0,0,0,0,1173,1,16,nan
7456,207.90799999999999,0,0,0,0,0,1177,1,16,nan
7457,160.565,0,0,0,0,0,637,1,16,nan
7458,180.15000000000001,0,0,0,0,0,1022,1,16,nan
7459,169.398,0,0,0,0,0,729,1,16,nan
7460,185.66499999999999,0,0,0,0,0,1138,1,16,nan
7461,167.142,0,0,0,0,0,997,1,16,nan
7462,171.37,0,0,0,0,0,1134,1,16,nan
7463,167.50399999999999,0,0,0,0,0,985,1,16,nan
7464,195.97399999999999,0,0,0,0,0,1319,1,16,nan
7465,200.33199999999999,0,0,0,0,0,1111,1,16,nan
7466,200.48400000000001,0,0,0,0,0,1146,1,16,nan
7467,136.14599999999999,0,0,0,0,0,594,1,16,nan
7468,162.839,0,0,0,0,0,646,1,16,nan
7469,156.946,0,0,0,0,0,794,1,16,nan
7470,198.06100000000001,0,0,0,0,0,1403,1,16,nan
7471,165.16200000000001,0,0,0,0,0,1057,1,16,nan
7472,190.94900000000001,0,0,0,0,0,1288,1,16,nan
7473,147.97499999999999,0,0,0,0,0,699,1,16,nan
7474,189.505,0,0,0,0,0,1214,1,16,nan
7475,179.69200000000001,0,0,0,0,0,1173,1,16,nan
7476,177.66800000000001,0,0,0,0,0,1179,1,16,nan
7477,175.227,0,0,0,0,0,1130,1,16,nan
7478,172.46700000000001,0,0,0,0,0,1073,1,16,nan
7479,172.66999999999999,0,0,0,0,0,1117,1,16,nan
7480,181.84700000000001,0,0,0,0,0,1168,1,16,nan
7481,141.54900000000001,0,0,0,0,0,543,1,16,nan
7482,193.59299999999999,0,0,0,0,0,1187,1,16,nan
7483,178.59299999999999,0,0,0,0,0,1099,1,16,nan
7484,189.197,0,0,0,0,0,1217,1,16,nan
7485,168.315,0,0,0,0,0,932,1,16,nan
7486,172.95699999999999,0,0,0,0,0,1046,1,16,nan
7487,203.08500000000001,0,0,0,0,0,1393,1,16,nan
7488,196.93700000000001,0,0,0,0,0,1256,1,16,nan
7489,163.78700000000001,0,0,0,0,0,1028,1,16,nan
7490,172.358,0,0,0,0,0,1000,1,16,nan
7491,190.11099999999999,0,0,0,0,0,1306,1,16,nan
7492,184.864,0,0,0,0,0,1257,1,16,nan
7493,183.74199999999999,0,0,0,0,0,1208,1,16,nan
7494,181.02000000000001,0,0,0,0,0,1206,1,16,nan
7495,176.40000000000001,0,0,0,0,0,1146,1,16,nan
7496,149.465,0,0,0,0,0,768,1,16,nan
7497,167.37700000000001,0,0,0,0,0,1026,1,16,nan
7498,164.80000000000001,0,0,0,0,0,949,1,16,nan
7499,131.309,0,0,0,0,0,528,1,16,nan
7500,149.40299999999999,0,0,0,0,0,817,1,16,nan
7501,152.72,0,0,0,0,0,805,1,16,nan
7502,209.518,0,0,0,0,0,1282,1,16,nan
7503,176.375,0,0,0,0,0,1088,1,16,nan
7504,184.745,0,0,0,0,0,1133,1,16,nan
7505,133.68700000000001,0,0,0,0,0,509,1,16,nan
7506,198.048,0,0,0,0,0,1311,1,16,nan
7507,181.489,0,0,0,0,0,1060,1,16,nan
7508,191.601,0,0,0,0,0,1287,1,16,nan
7509,188.56399999999999,0,0,0,0,0,1082,1,16,nan
7510,167.65199999999999,0,0,0,0,0,1095,1,16,nan
7511,185.67099999999999,0,0,0,0,0,1152,1,16,nan
7512,162.72499999999999,0,0,0,0,0,1043,1,16,nan
7513,163.982,0,0,0,0,0,908,1,16,nan
7514,164.77799999999999,0,0,0,0,0,982,1,16,nan
7515,193.934,0,0,0,0,0,1286,1,16,nan
7516,140.839,0,0,0,0,0,699,1,16,nan
7517,154.46100000000001,0,0,0,0,0,850,1,16,nan
7518,170.24100000000001,0,0,0,0,0,1051,1,16,nan
7519,194.02199999999999,0,0,0,0,0,1306,1,16,nan
7520,168.34999999999999,0,0,0,0,0,974,1,16,nan
7521,154.71899999999999,0,0,0,0,0,878,1,16,nan
7522,180.19399999999999,0,0,0,0,0,1147,1,16,nan
7523,179.833,0,0,0,0,0,1132,1,16,nan
7524,179.58500000000001,0,0,0,0,0,1171,1,16,nan
7525,189.71100000000001,0,0,0,0,0,1254,1,16,nan
7526,146.304,0,0,0,0,0,790,1,16,nan
7527,159.369,0,0,0,0,0,882,1,16,nan
7528,184.827,0,0,0,0,0,1192,1,16,nan
7529,195.44800000000001,0,0,0,0,0,1383,1,16,nan
7530,144.291,0,0,0,0,0,718,1,16,nan
7531,197.48599999999999,0,0,0,0,0,1012,1,16,nan
7532,175.65899999999999,0,0,0,0,0,1077,1,16,nan
7533,176.023,0,0,0,0,0,1171,1,16,nan
7534,176.65600000000001,0,0,0,0,0,1166,1,16,nan
7535,133.58699999999999,0,0,0,0,0,562,1,16,nan
7536,170.38300000000001,0,0,0,0,0,1020,1,16,nan
7537,131.65600000000001,0,0,0,0,0,540,1,16,nan
7538,187.62200000000001,0,0,0,0,0,1283,1,16,nan
7539,168.423,0,0,0,0,0,1083,1,16,nan
7540,158.50200000000001,0,0,0,0,0,961,1,16,nan
7541,177.309,0,0,0,0,0,1179,1,16,nan
7542,189.221,0,0,0,0,0,1278,1,16,nan
7543,170.69200000000001,0,0,0,0,0,1018,1,16,nan
7544,161.12200000000001,0,0,0,0,0,948,1,16,nan
7545,184.988,0,0,0,0,0,1153,1,16,nan
7546,198.60300000000001,0,0,0,0,0,1086,1,16,nan
7547,201.03100000000001,0,0,0,0,0,1205,1,16,nan
7548,150.84,0,0,0,0,0,734,1,16,nan
7549,186.846,0,0,0,0,0,1224,1,16,nan
7550,160.23400000000001,0,0,0,0,0,814,1,16,nan
7551,195.74700000000001,0,0,0,0,0,1228,1,16,nan
7552,147.155,0,0,0,0,0,693,1,16,nan
7553,164.178,0,0,0,0,0,948,1,16,nan
7554,199.101,0,0,0,0,0,1307,1,16,nan
7555,199.28800000000001,0,0,0,0,0,1167,1,16,nan
7556,214.68299999999999,0,0,0,0,0,1385,1,16,nan
7557,170.74299999999999,0,0,0,0,0,1093,1,16,nan
7558,158.34299999999999,0,0,0,0,0,898,1,16,nan
7559,148.845,0,0,0,0,0,772,1,16,nan
7560,179.36099999999999,0,0,0,0,0,1220,1,16,nan
7561,164.262,0,0,0,0,0,1030,1,16,nan
7562,176.21899999999999,0,0,0,0,0,1130,1,16,nan
7563,173.886,0,0,0,0,0,1146,1,16,nan
7564,153.11600000000001,0,0,0,0,0,896,1,16,nan
7565,166.18600000000001,0,0,0,0,0,1037,1,16,nan
7566,177.93199999999999,0,0,0,0,0,1015,1,16,nan
7567,128.82499999999999,0,0,0,0,0,561,1,16,nan
7568,136.566,0,0,0,0,0,640,1,16,nan
7569,177.51599999999999,0,0,0,0,0,1172,1,16,nan
7570,187.38499999999999,0,0,0,0,0,1305,1,16,nan
7571,179.209,0,0,0,0,0,1083,1,16,nan
7572,164.648,0,0,0,0,0,690,1,16,nan
7573,211.26900000000001,0,0,0,0,0,1371,1,16,nan
7574,152.626,0,0,0,0,0,830,1,16,nan
7575,169.917,0,0,0,0,0,1113,1,16,nan
7576,178.15700000000001,0,0,0,0,0,1159,1,16,nan
7577,207.274,0,0,0,0,0,1369,1,16,nan
7578,208.48099999999999,0,0,0,0,0,1445,1,16,nan
7579,164.76300000000001,0,0,0,0,0,1008,1,16,nan
7580,153.60300000000001,0,0,0,0,0,819,1,16,nan
7581,150.02799999999999,0,0,0,0,0,819,1,16,nan
7582,128.74000000000001,0,0,0,0,0,434,1,16,nan
7583,167.32300000000001,0,0,0,0,0,900,1,16,nan
7584,159.58099999999999,0,0,0,0,0,940,1,16,nan
7585,185.22900000000001,0,0,0,0,0,1248,1,16,nan
7586,153.76400000000001,0,0,0,0,0,820,1,16,nan
7587,160.52199999999999,0,0,0,0,0,991,1,16,nan
7588,196.745,0,0,0,0,0,1295,1,16,nan
7589,177.839,0,0,0,0,0,1058,1,16,nan
7590,179.72,0,0,0,0,0,1246,1,16,nan
7591,215.60400000000001,0,0,0,0,0,1555,1,16,nan
7592,166.10599999999999,0,0,0,0,0,1004,1,16,nan
7593,169.25899999999999,0,0,0,0,0,1083,1,16,nan
7594,196.11600000000001,0,0,0,0,0,1326,1,16,nan
7595,167.53899999999999,0,0,0,0,0,1026,1,16,nan
7596,197.61199999999999,0,0,0,0,0,1300,1,16,nan
7597,174.066,0,0,0,0,0,1112,1,16,nan
7598,174.97900000000001,0,0,0,0,0,1131,1,16,nan
7599,170.298,0,0,0,0,0,1051,1,16,nan
7600,179.887,0,0,0,0,0,1116,1,16,nan
7601,143.733,0,0,0,0,0,711,1,16,nan
7602,168.059,0,0,0,0,0,1008,1,16,nan
7603,182.124,0,0,0,0,0,1191,1,16,nan
7604,189.32900000000001,0,0,0,0,0,1260,1,16,nan
7605,152.78800000000001,0,0,0,0,0,798,1,16,nan
7606,145.05500000000001,0,0,0,0,0,711,1,16,nan
7607,224.06100000000001,0,0,0,0,0,1343,1,16,nan
7608,135.286,0,0,0,0,0,604,1,16,nan
7609,134.643,0,0,0,0,0,596,1,16,nan
7610,149.38999999999999,0,0,0,0,0,817,1,16,nan
7611,185.05099999999999,0,0,0,0,0,1223,1,16,nan
7612,192.73599999999999,0,0,0,0,0,1331,1,16,nan
7613,169.94499999999999,0,0,0,0,0,1087,1,16,nan
7614,201.691,0,0,0,0,0,1376,1,16,nan
7615,247.47999999999999,0,0,0,0,0,1651,1,16,nan
7616,177.261,0,0,0,0,0,1060,1,16,nan
7617,171.23400000000001,0,0,0,0,0,980,1,16,nan
7618,172.15299999999999,0,0,0,0,0,1053,1,16,nan
7619,178.72900000000001,0,0,0,0,0,1178,1,16,nan
7620,174.64599999999999,0,0,0,0,0,1169,1,16,nan
7621,177.43899999999999,0,0,0,0,0,1129,1,16,nan
7622,179.02699999999999,0,0,0,0,0,1164,1,16,nan
7623,188.34999999999999,0,0,0,0,0,1198,1,16,nan
7624,167.971,0,0,0,0,0,1037,1,16,nan
7625,184.22200000000001,0,0,0,0,0,1248,1,16,nan
7626,180.81399999999999,0,0,0,0,0,1243,1,16,nan
7627,143.036,0,0,0,0,0,748,1,16,nan
7628,152.11600000000001,0,0,0,0,0,835,1,16,nan
7629,165.91999999999999,0,0,0,0,0,1062,1,16,nan
7630,176.36500000000001,0,0,0,0,0,1190,1,16,nan
7631,157.48699999999999,0,0,0,0,0,890,1,16,nan
7632,194.97399999999999,0,0,0,0,0,1310,1,16,nan
7633,176.18700000000001,0,0,0,0,0,1179,1,16,nan
7634,174.27799999999999,0,0,0,0,0,1032,1,16,nan
7635,185.30000000000001,0,0,0,0,0,1307,1,16,nan
7636,174.70599999999999,0,0,0,0,0,1080,1,16,nan
7637,205.21299999999999,0,0,0,0,0,1408,1,16,nan
7638,148.16399999999999,0,0,0,0,0,753,1,16,nan
7639,165.392,0,0,0,0,0,994,1,16,nan
7640,132.37799999999999,0,0,0,0,0,550,1,16,nan
7641,183.63800000000001,0,0,0,0,0,1183,1,16,nan
7642,170.36099999999999,0,0,0,0,0,1110,1,16,nan
7643,173.791,0,0,0,0,0,1160,1,16,nan
7644,125.086,0,0,0,0,0,498,1,16,nan
7645,173.309,0,0,0,0,0,1079,1,16,nan
7646,190.828,0,0,0,0,0,1314,1,16,nan
7647,195.16900000000001,0,0,0,0,0,1297,1,16,nan
7648,177.60400000000001,0,0,0,0,0,1122,1,16,nan
7649,186.791,0,0,0,0,0,1237,1,16,nan
7650,191.81800000000001,0,0,0,0,0,1358,1,16,nan
7651,153.714,0,0,0,0,0,842,1,16,nan
7652,186.28200000000001,0,0,0,0,0,1151,1,16,nan
7653,180.41,0,0,0,0,0,1205,1,16,nan
7654,174.26499999999999,0,0,0,0,0,1164,1,16,nan
7655,167.82300000000001,0,0,0,0,0,1006,1,16,nan
7656,171.10300000000001,0,0,0,0,0,1165,1,16,nan
7657,162.185,0,0,0,0,0,936,1,16,nan
7658,190.36199999999999,0,0,0,0,0,1268,1,16,nan
7659,198.142,0,0,0,0,0,1396,1,16,nan
7660,201.131,0,0,0,0,0,1471,1,16,nan
7661,164.41300000000001,0,0,0,0,0,972,1,16,nan
7662,152.90700000000001,0,0,0,0,0,860,1,16,nan
7663,169.191,0,0,0,0,0,1023,1,16,nan
7664,184.37100000000001,0,0,0,0,0,1224,1,16,nan
7665,175.38999999999999,0,0,0,0,0,1081,1,16,nan
7666,180.94800000000001,0,0,0,0,0,1176,1,16,nan
7667,169.97800000000001,0,0,0,0,0,1042,1,16,nan
7668,175.27099999999999,0,0,0,0,0,1120,1,16,nan
7669,182.94300000000001,0,0,0,0,0,1202,1,16,nan
7670,146.47900000000001,0,0,0,0,0,863,1,16,nan
7671,153.42699999999999,0,0,0,0,0,792,1,16,nan
7672,182.435,0,0,0,0,0,1213,1,16,nan
7673,125.363,0,0,0,0,0,511,1,16,nan
7674,167.76599999999999,0,0,0,0,0,1068,1,16,nan
7675,156.488,0,0,0,0,0,881,1,16,nan
7676,170.16200000000001,0,0,0,0,0,1062,1,16,nan
7677,199.41900000000001,0,0,0,0,0,1394,1,16,nan
7678,161.93899999999999,0,0,0,0,0,1008,1,16,nan
7679,179.10599999999999,0,0,0,0,0,1151,1,16,nan
7680,174.005,0,0,0,0,0,1095,1,16,nan
7681,164.238,0,0,0,0,0,910,1,16,nan
7682,177.55199999999999,0,0,0,0,0,1122,1,16,nan
7683,136.59100000000001,0,0,0,0,0,641,1,16,nan
7684,167.03999999999999,0,0,0,0,0,1046,1,16,nan
7685,190.83000000000001,0,0,0,0,0,1264,1,16,nan
7686,129.79400000000001,0,0,0,0,0,606,1,16,nan
7687,159.023,0,0,0,0,0,882,1,16,nan
7688,200.416,0,0,0,0,0,1390,1,16,nan
7689,174.40199999999999,0,0,0,0,0,1029,1,16,nan
7690,167.30199999999999,0,0,0,0,0,1013,1,16,nan
7691,117.7,0,0,0,0,0,414,1,16,nan
7692,168.86699999999999,0,0,0,0,0,1026,1,16,nan
7693,193.661,0,0,0,0,0,1312,1,16,nan
7694,171.84700000000001,0,0,0,0,0,1149,1,16,nan
7695,186.71600000000001,0,0,0,0,0,1235,1,16,nan
7696,162.33199999999999,0,0,0,0,0,937,1,16,nan
7697,177.17699999999999,0,0,0,0,0,1162,1,16,nan
7698,152.65199999999999,0,0,0,0,0,839,1,16,nan
7699,153.001,0,0,0,0,0,813,1,16,nan
7700,192.36500000000001,0,0,0,0,0,920,1,16,nan
7701,194.81999999999999,0,0,0,0,0,1361,1,16,nan
7702,173.577,0,0,0,0,0,1144,1,16,nan
7703,177.49199999999999,0,0,0,0,0,1125,1,16,nan
7704,127.371,0,0,0,0,0,488,1,16,nan
7705,180.87,0,0,0,0,0,1123,1,16,nan
7706,153.768,0,0,0,0,0,858,1,16,nan
7707,171.685,0,0,0,0,0,1145,1,16,nan
7708,151.947,0,0,0,0,0,826,1,16,nan
7709,124.371,0,0,0,0,0,508,1,16,nan
7710,190.84,0,0,0,0,0,1251,1,16,nan
7711,175.35499999999999,0,0,0,0,0,1094,1,16,nan
7712,176.23699999999999,0,0,0,0,0,1154,1,16,nan
7713,172.65700000000001,0,0,0,0,0,1091,1,16,nan
7714,180.571,0,0,0,0,0,1169,1,16,nan
7715,150.733,0,0,0,0,0,816,1,16,nan
7716,121.04300000000001,0,0,0,0,0,510,1,16,nan
7717,201.87,0,0,0,0,0,1318,1,16,nan
7718,111.11799999999999,0,0,0,0,0,328,1,16,nan
7719,188.65600000000001,0,0,0,0,0,1289,1,16,nan
7720,136.501,0,0,0,0,0,650,1,16,nan
7721,179.69900000000001,0,0,0,0,0,1177,1,16,nan
7722,179.364,0,0,0,0,0,1203,1,16,nan
7723,166.79400000000001,0,0,0,0,0,1081,1,16,nan
7724,186.28299999999999,0,0,0,0,0,1248,1,16,nan
7725,158.636,0,0,0,0,0,884,1,16,nan
7726,173.87700000000001,0,0,0,0,0,1020,1,16,nan
7727,135.45699999999999,0,0,0,0,0,560,1,16,nan
7728,221.178,0,0,0,0,0,1591,1,16,nan
7729,178.815,0,0,0,0,0,1141,1,16,nan
7730,187.976,0,0,0,0,0,1268,1,16,nan
7731,147.15199999999999,0,0,0,0,0,776,1,16,nan
7732,170.333,0,0,0,0,0,1114,1,16,nan
7733,118.232,0,0,0,0,0,447,1,16,nan
7734,183.97,0,0,0,0,0,1250,1,16,nan
7735,160.34800000000001,0,0,0,0,0,944,1,16,nan
7736,194.191,0,0,0,0,0,1388,1,16,nan
7737,186.541,0,0,0,0,0,1233,1,16,nan
7738,177.44,0,0,0,0,0,1090,1,16,nan
7739,187.59999999999999,0,0,0,0,0,1035,1,16,nan
7740,210.30500000000001,0,0,0,0,0,1448,1,16,nan
7741,229.61799999999999,0,0,0,0,0,1356,1,16,nan
7742,172.65100000000001,0,0,0,0,0,984,1,16,nan
7743,174.69,0,0,0,0,0,943,1,16,nan
7744,176.36000000000001,0,0,0,0,0,959,1,16,nan
7745,135.24799999999999,0,0,0,0,0,571,1,16,nan
7746,159.792,0,0,0,0,0,775,1,16,nan
7747,170.745,0,0,0,0,0,936,1,16,nan
7748,191.73500000000001,0,0,0,0,0,1092,1,16,nan
7749,205.667,0,0,0,0,0,1354,1,16,nan
7750,188.38800000000001,0,0,0,0,0,1219,1,16,nan
7751,156.24199999999999,0,0,0,0,0,867,1,16,nan
7752,174.09800000000001,0,0,0,0,0,794,1,16,nan
7753,174.357,0,0,0,0,0,1217,1,16,nan
7754,142.874,0,0,0,0,0,708,1,16,nan
7755,176.69800000000001,0,0,0,0,0,1108,1,16,nan
7756,131.374,0,0,0,0,0,555,1,16,nan
7757,162.81200000000001,0,0,0,0,0,969,1,16,nan
7758,162.86000000000001,0,0,0,0,0,887,1,16,nan
7759,182.36699999999999,0,0,0,0,0,1149,1,16,nan
7760,180.81,0,0,0,0,0,1197,1,16,nan
7761,177.631,0,0,0,0,0,1083,1,16,nan
7762,173.58600000000001,0,0,0,0,0,1057,1,16,nan
7763,169.398,0,0,0,0,0,1107,1,16,nan
7764,162.78999999999999,0,0,0,0,0,809,1,16,nan
7765,183.16999999999999,0,0,0,0,0,1247,1,16,nan
7766,165.10599999999999,0,0,0,0,0,1018,1,16,nan
7767,184.477,0,0,0,0,0,1207,1,16,nan
7768,133.74299999999999,0,0,0,0,0,645,1,16,nan
7769,160.38300000000001,0,0,0,0,0,942,1,16,nan
7770,133.756,0,0,0,0,0,572,1,16,nan
7771,201.839,0,0,0,0,0,1421,1,16,nan
7772,157.44300000000001,0,0,0,0,0,837,1,16,nan
7773,158.63300000000001,0,0,0,0,0,918,1,16,nan
7774,183.63999999999999,0,0,0,0,0,1259,1,16,nan
7775,181.49600000000001,0,0,0,0,0,1211,1,16,nan
7776,163.035,0,0,0,0,0,924,1,16,nan
7777,176.119,0,0,0,0,0,1163,1,16,nan
7778,209.416,0,0,0,0,0,1450,1,16,nan
7779,163.36699999999999,0,0,0,0,0,921,1,16,nan
7780,154.49600000000001,0,0,0,0,0,858,1,16,nan
7781,172.70400000000001,0,0,0,0,0,1066,1,16,nan
7782,130.958,0,0,0,0,0,566,1,16,nan
7783,164.904,0,0,0,0,0,1047,1,16,nan
7784,174.34299999999999,0,0,0,0,0,1146,1,16,nan
7785,215.94200000000001,0,0,0,0,0,1172,1,16,nan
7786,156.85300000000001,0,0,0,0,0,894,1,16,nan
7787,185.09,0,0,0,0,0,1187,1,16,nan
7788,178.43600000000001,0,0,0,0,0,1104,1,16,nan
7789,168.13499999999999,0,0,0,0,0,1094,1,16,nan
7790,143.988,0,0,0,0,0,784,1,16,nan
7791,178.19300000000001,0,0,0,0,0,1141,1,16,nan
7792,188.637,0,0,0,0,0,1226,1,16,nan
7793,124.381,0,0,0,0,0,495,1,16,nan
7794,208.869,0,0,0,0,0,1349,1,16,nan
7795,204.001,0,0,0,0,0,1397,1,16,nan
7796,165.00899999999999,0,0,0,0,0,873,1,16,nan
7797,174.91800000000001,0,0,0,0,0,1050,1,16,nan
7798,180.88800000000001,0,0,0,0,0,1177,1,16,nan
7799,179.91900000000001,0,0,0,0,0,762,1,16,nan
7800,166,0,0,0,0,0,1018,1,16,nan
7801,198.36500000000001,0,0,0,0,0,1141,1,16,nan
7802,204.87200000000001,0,0,0,0,0,1413,1,16,nan
7803,185.38200000000001,0,0,0,0,0,1174,1,16,nan
7804,180.88300000000001,0,0,0,0,0,1156,1,16,nan
7805,144.553,0,0,0,0,0,661,1,16,nan
7806,185.02199999999999,0,0,0,0,0,1182,1,16,nan
7807,185.04499999999999,0,0,0,0,0,1229,1,16,nan
7808,155.22,0,0,0,0,0,848,1,16,nan
7809,199.66,0,0,0,0,0,1200,1,16,nan
7810,150.596,0,0,0,0,0,678,1,16,nan
7811,164.892,0,0,0,0,0,907,1,16,nan
7812,130.565,0,0,0,0,0,508,1,16,nan
7813,203.83000000000001,0,0,0,0,0,1268,1,16,nan
7814,176.71299999999999,0,0,0,0,0,1173,1,16,nan
7815,177.00899999999999,0,0,0,0,0,1225,1,16,nan
7816,171.221,0,0,0,0,0,1051,1,16,nan
7817,134.517,0,0,0,0,0,641,1,16,nan
7818,171.70599999999999,0,0,0,0,0,1101,1,16,nan
7819,188.25,0,0,0,0,0,1282,1,16,nan
7820,175.202,0,0,0,0,0,1125,1,16,nan
7821,184.44399999999999,0,0,0,0,0,1223,1,16,nan
7822,176.96100000000001,0,0,0,0,0,1097,1,16,nan
7823,158.54599999999999,0,0,0,0,0,930,1,16,nan
7824,169.785,0,0,0,0,0,1068,1,16,nan
7825,210.874,0,0,0,0,0,1360,1,16,nan
7826,115.13,0,0,0,0,0,393,1,16,nan
7827,159.095,0,0,0,0,0,927,1,16,nan
7828,178.524,0,0,0,0,0,1172,1,16,nan
7829,163.27600000000001,0,0,0,0,0,852,1,16,nan
7830,142.85400000000001,0,0,0,0,0,702,1,16,nan
7831,125.52,0,0,0,0,0,520,1,16,nan
7832,154.95699999999999,0,0,0,0,0,886,1,16,nan
7833,166.89599999999999,0,0,0,0,0,977,1,16,nan
7834,148.87100000000001,0,0,0,0,0,769,1,16,nan
7835,187.44,0,0,0,0,0,1185,1,16,nan
7836,185.90899999999999,0,0,0,0,0,1223,1,16,nan
7837,179.26900000000001,0,0,0,0,0,1144,1,16,nan
7838,161.61600000000001,0,0,0,0,0,988,1,16,nan
7839,157.98500000000001,0,0,0,0,0,862,1,16,nan
7840,199.44999999999999,0,0,0,0,0,1189,1,16,nan
7841,128.923,0,0,0,0,0,521,1,16,nan
7842,184.011,0,0,0,0,0,1221,1,16,nan
7843,198.04300000000001,0,0,0,0,0,1309,1,16,nan
7844,193.33099999999999,0,0,0,0,0,1208,1,16,nan
7845,191.93299999999999,0,0,0,0,0,1198,1,16,nan
7846,203.68299999999999,0,0,0,0,0,1254,1,16,nan
7847,174.21700000000001,0,0,0,0,0,1097,1,16,nan
7848,160.697,0,0,0,0,0,955,1,16,nan
7849,196.541,0,0,0,0,0,1350,1,16,nan
7850,172.673,0,0,0,0,0,1084,1,16,nan
7851,192.643,0,0,0,0,0,1237,1,16,nan
7852,183.30199999999999,0,0,0,0,0,1148,1,16,nan
7853,155.34100000000001,0,0,0,0,0,908,1,16,nan
7854,175.70699999999999,0,0,0,0,0,1199,1,16,nan
7855,152.15899999999999,0,0,0,0,0,840,1,16,nan
7856,178.67099999999999,0,0,0,0,0,1186,1,16,nan
7857,207.37700000000001,0,0,0,0,0,1241,1,16,nan
7858,188.727,0,0,0,0,0,1258,1,16,nan
7859,189.28,0,0,0,0,0,1236,1,16,nan
7860,194.059,0,0,0,0,0,1288,1,16,nan
7861,188.68199999999999,0,0,0,0,0,1193,1,16,nan
7862,180.71700000000001,0,0,0,0,0,1072,1,16,nan
7863,192.65799999999999,0,0,0,0,0,1113,1,16,nan
7864,135.26400000000001,0,0,0,0,0,649,1,16,nan
7865,190.83000000000001,0,0,0,0,0,1306,1,16,nan
7866,183.803,0,0,0,0,0,1162,1,16,nan
7867,189.03800000000001,0,0,0,0,0,1292,1,16,nan
7868,172.83500000000001,0,0,0,0,0,1073,1,16,nan
7869,191.684,0,0,0,0,0,846,1,16,nan
7870,147.53399999999999,0,0,0,0,0,793,1,16,nan
7871,184.31,0,0,0,0,0,1255,1,16,nan
7872,151.995,0,0,0,0,0,811,1,16,nan
7873,172.131,0,0,0,0,0,1038,1,16,nan
7874,174.364,0,0,0,0,0,1113,1,16,nan
7875,129.24600000000001,0,0,0,0,0,543,1,16,nan
7876,201.488,0,0,0,0,0,1415,1,16,nan
7877,146.262,0,0,0,0,0,751,1,16,nan
7878,148.18899999999999,0,0,0,0,0,769,1,16,nan
7879,213.82499999999999,0,0,0,0,0,1404,1,16,nan
7880,168.93799999999999,0,0,0,0,0,1052,1,16,nan
7881,162.554,0,0,0,0,0,997,1,16,nan
7882,169.857,0,0,0,0,0,1053,1,16,nan
7883,124.923,0,0,0,0,0,553,1,16,nan
7884,123.77,0,0,0,0,0,444,1,16,nan
7885,145.209,0,0,0,0,0,750,1,16,nan
7886,183.91900000000001,0,0,0,0,0,1189,1,16,nan
7887,150.251,0,0,0,0,0,675,1,16,nan
7888,160.63200000000001,0,0,0,0,0,941,1,16,nan
7889,139.50999999999999,0,0,0,0,0,633,1,16,nan
7890,179.07300000000001,0,0,0,0,0,1249,1,16,nan
7891,150.875,0,0,0,0,0,824,1,16,nan
7892,217.75800000000001,0,0,0,0,0,1580,1,16,nan
7893,131.21799999999999,0,0,0,0,0,607,1,16,nan
7894,193.982,0,0,0,0,0,1264,1,16,nan
7895,182.69399999999999,0,0,0,0,0,1168,1,16,nan
7896,183.92099999999999,0,0,0,0,0,1310,1,16,nan
7897,157.31700000000001,0,0,0,0,0,901,1,16,nan
7898,181.37100000000001,0,0,0,0,0,1110,1,16,nan
7899,158.952,0,0,0,0,0,938,1,16,nan
7900,161.96299999999999,0,0,0,0,0,912,1,16,nan
7901,175.518,0,0,0,0,0,1117,1,16,nan
7902,153.31800000000001,0,0,0,0,0,852,1,16,nan
7903,158.21700000000001,0,0,0,0,0,910,1,16,nan
7904,169.80699999999999,0,0,0,0,0,1056,1,16,nan
7905,179.55799999999999,0,0,0,0,0,1213,1,16,nan
7906,148.62799999999999,0,0,0,0,0,770,1,16,nan
7907,169.23599999999999,0,0,0,0,0,1086,1,16,nan
7908,189.31899999999999,0,0,0,0,0,1278,1,16,nan
7909,163.21000000000001,0,0,0,0,0,977,1,16,nan
7910,168.172,0,0,0,0,0,959,1,16,nan
7911,147.35599999999999,0,0,0,0,0,771,1,16,nan
7912,172.90000000000001,0,0,0,0,0,1123,1,16,nan
7913,158.05500000000001,0,0,0,0,0,870,1,16,nan
7914,144.86799999999999,0,0,0,0,0,694,1,16,nan
7915,181.636,0,0,0,0,0,1149,1,16,nan
7916,178.06,0,0,0,0,0,1094,1,16,nan
7917,177.79300000000001,0,0,0,0,0,1172,1,16,nan
7918,147.04400000000001,0,0,0,0,0,692,1,16,nan
7919,188.643,0,0,0,0,0,1273,1,16,nan
7920,161.101,0,0,0,0,0,905,1,16,nan
7921,156.72300000000001,0,0,0,0,0,902,1,16,nan
7922,183.75,0,0,0,0,0,1225,1,16,nan
7923,162.071,0,0,0,0,0,848,1,16,nan
7924,177.49700000000001,0,0,0,0,0,1178,1,16,nan
7925,160.495,0,0,0,0,0,944,1,16,nan
7926,146.965,0,0,0,0,0,765,1,16,nan
7927,203.98699999999999,0,0,0,0,0,1375,1,16,nan
7928,167.852,0,0,0,0,0,1059,1,16,nan
7929,160.465,0,0,0,0,0,983,1,16,nan
7930,189.06800000000001,0,0,0,0,0,1320,1,16,nan
7931,167.648,0,0,0,0,0,1021,1,16,nan
7932,129.691,0,0,0,0,0,579,1,16,nan
7933,186.41,0,0,0,0,0,1256,1,16,nan
7934,174.035,0,0,0,0,0,751,1,16,nan
7935,208.33199999999999,0,0,0,0,0,1072,1,16,nan
7936,180.45400000000001,0,0,0,0,0,1081,1,16,nan
7937,188.643,0,0,0,0,0,1174,1,16,nan
7938,175.84999999999999,0,0,0,0,0,1053,1,16,nan
7939,197.988,0,0,0,0,0,1265,1,16,nan
7940,168.584,0,0,0,0,0,937,1,16,nan
7941,191.46199999999999,0,0,0,0,0,1215,1,16,nan
7942,187.892,0,0,0,0,0,1062,1,16,nan
7943,175.79599999999999,0,0,0,0,0,1070,1,16,nan
7944,220.363,0,0,0,0,0,1484,1,16,nan
7945,152.59700000000001,0,0,0,0,0,862,1,16,nan
7946,164.09700000000001,0,0,0,0,0,1066,1,16,nan
7947,182.375,0,0,0,0,0,1143,1,16,nan
7948,175.50399999999999,0,0,0,0,0,1054,1,16,nan
7949,130.732,0,0,0,0,0,536,1,16,nan
7950,125.7,0,0,0,0,0,519,1,16,nan
7951,164.38399999999999,0,0,0,0,0,1009,1,16,nan
7952,177.32900000000001,0,0,0,0,0,1132,1,16,nan
7953,197.94999999999999,0,0,0,0,0,1217,1,16,nan
7954,234.929,0,0,0,0,0,1433,1,16,nan
7955,186.613,0,0,0,0,0,1104,1,16,nan
7956,181.03,0,0,0,0,0,1097,1,16,nan
7957,133.05699999999999,0,0,0,0,0,514,1,16,nan
7958,178.577,0,0,0,0,0,1095,1,16,nan
7959,193.715,0,0,0,0,0,1283,1,16,nan
7960,198.14099999999999,0,0,0,0,0,1197,1,16,nan
7961,188.233,0,0,0,0,0,1246,1,16,nan
7962,132.624,0,0,0,0,0,607,1,16,nan
7963,182.745,0,0,0,0,0,1181,1,16,nan
7964,155.595,0,0,0,0,0,912,1,16,nan
7965,140.386,0,0,0,0,0,737,1,16,nan
7966,172.13499999999999,0,0,0,0,0,990,1,16,nan
7967,192.851,0,0,0,0,0,1033,1,16,nan
7968,190.95699999999999,0,0,0,0,0,1107,1,16,nan
7969,182.38800000000001,0,0,0,0,0,997,1,16,nan
7970,166.86699999999999,0,0,0,0,0,761,1,16,nan
7971,167.934,0,0,0,0,0,981,1,16,nan
7972,200.99199999999999,0,0,0,0,0,1444,1,16,nan
7973,213.952,0,0,0,0,0,1201,1,16,nan
7974,182.947,0,0,0,0,0,993,1,16,nan
7975,212.63399999999999,0,0,0,0,0,1295,1,16,nan
7976,183.86500000000001,0,0,0,0,0,1028,1,16,nan
7977,189.78,0,0,0,0,0,1300,1,16,nan
7978,154.208,0,0,0,0,0,847,1,16,nan
7979,170.30500000000001,0,0,0,0,0,1087,1,16,nan
7980,183.00800000000001,0,0,0,0,0,1227,1,16,nan
7981,178.858,0,0,0,0,0,1165,1,16,nan
7982,155.01499999999999,0,0,0,0,0,823,1,16,nan
7983,181.108,0,0,0,0,0,1223,1,16,nan
7984,155.69300000000001,0,0,0,0,0,752,1,16,nan
7985,192.62200000000001,0,0,0,0,0,1289,1,16,nan
7986,191.88499999999999,0,0,0,0,0,1338,1,16,nan
7987,173.97800000000001,0,0,0,0,0,1073,1,16,nan
7988,169.60599999999999,0,0,0,0,0,1008,1,16,nan
7989,166.06,0,0,0,0,0,1058,1,16,nan
7990,154.93799999999999,0,0,0,0,0,851,1,16,nan
7991,194.97200000000001,0,0,0,0,0,1413,1,16,nan
7992,171.58799999999999,0,0,0,0,0,1126,1,16,nan
7993,143.536,0,0,0,0,0,733,1,16,nan
7994,155.709,0,0,0,0,0,875,1,16,nan
7995,197.291,0,0,0,0,0,1069,1,16,nan
7996,191.22399999999999,0,0,0,0,0,1222,1,16,nan
7997,148.25800000000001,0,0,0,0,0,794,1,16,nan
7998,173.53100000000001,0,0,0,0,0,1107,1,16,nan
7999,169.03399999999999,0,0,0,0,0,1044,1,16,nan
8000,176.43899999999999,0,0,0,0,0,1068,1,16,nan
8001,177.101,0,0,0,0,0,1085,1,16,nan
8002,140.702,0,0,0,0,0,539,1,16,nan
8003,132.578,0,0,0,0,0,584,1,16,nan
8004,122.66500000000001,0,0,0,0,0,450,1,16,nan
8005,198.56,0,0,0,0,0,1367,1,16,nan
8006,178.523,0,0,0,0,0,1177,1,16,nan
8007,155.476,0,0,0,0,0,891,1,16,nan
8008,160.828,0,0,0,0,0,923,1,16,nan
8009,140.98599999999999,0,0,0,0,0,693,1,16,nan
8010,182.52799999999999,0,0,0,0,0,1202,1,16,nan
8011,176.18899999999999,0,0,0,0,0,1104,1,16,nan
8012,156.571,0,0,0,0,0,915,1,16,nan
8013,167.53299999999999,0,0,0,0,0,1053,1,16,nan
8014,189.81200000000001,0,0,0,0,0,1254,1,16,nan
8015,191.28800000000001,0,0,0,0,0,1313,1,16,nan
8016,178.74000000000001,0,0,0,0,0,850,1,16,nan
8017,184.386,0,0,0,0,0,1212,1,16,nan
8018,139.82300000000001,0,0,0,0,0,686,1,16,nan
8019,173.96000000000001,0,0,0,0,0,1059,1,16,nan
8020,168.059,0,0,0,0,0,1022,1,16,nan
8021,144.82599999999999,0,0,0,0,0,734,1,16,nan
8022,196.886,0,0,0,0,0,1396,1,16,nan
8023,171.60499999999999,0,0,0,0,0,1092,1,16,nan
8024,168.53299999999999,0,0,0,0,0,1041,1,16,nan
8025,160.16399999999999,0,0,0,0,0,900,1,16,nan
8026,218.595,0,0,0,0,0,1267,1,16,nan
8027,191.78999999999999,0,0,0,0,0,1308,1,16,nan
8028,178.15299999999999,0,0,0,0,0,1152,1,16,nan
8029,185.12299999999999,0,0,0,0,0,1184,1,16,nan
8030,169.07499999999999,0,0,0,0,0,1080,1,16,nan
8031,158.56299999999999,0,0,0,0,0,890,1,16,nan
8032,189.64500000000001,0,0,0,0,0,1252,1,16,nan
8033,184.08600000000001,0,0,0,0,0,1163,1,16,nan
8034,170.26300000000001,0,0,0,0,0,1044,1,16,nan
8035,144.56800000000001,0,0,0,0,0,781,1,16,nan
8036,137.97399999999999,0,0,0,0,0,662,1,16,nan
8037,172.72200000000001,0,0,0,0,0,1078,1,16,nan
8038,190.113,0,0,0,0,0,1256,1,16,nan
8039,223.18700000000001,0,0,0,0,0,1324,1,16,nan
8040,168.25299999999999,0,0,0,0,0,1057,1,16,nan
8041,170.66900000000001,0,0,0,0,0,1058,1,16,nan
8042,148.24199999999999,0,0,0,0,0,848,1,16,nan
8043,200.53999999999999,0,0,0,0,0,1398,1,16,nan
8044,161.26599999999999,0,0,0,0,0,1046,1,16,nan
8045,159.684,0,0,0,0,0,888,1,16,nan
8046,173.773,0,0,0,0,0,1066,1,16,nan
8047,163.30199999999999,0,0,0,0,0,956,1,16,nan
8048,154.286,0,0,0,0,0,581,1,16,nan
8049,182.184,0,0,0,0,0,1045,1,16,nan
8050,182.16,0,0,0,0,0,1176,1,16,nan
8051,174.69900000000001,0,0,0,0,0,1112,1,16,nan
8052,182.078,0,0,0,0,0,1261,1,16,nan
8053,185.48599999999999,0,0,0,0,0,1287,1,16,nan
8054,211.31700000000001,0,0,0,0,0,1157,1,16,nan
8055,181.751,0,0,0,0,0,1271,1,16,nan
8056,185.02199999999999,0,0,0,0,0,1309,1,16,nan
8057,172.06800000000001,0,0,0,0,0,1055,1,16,nan
8058,173.36099999999999,0,0,0,0,0,1058,1,16,nan
8059,180.76900000000001,0,0,0,0,0,1144,1,16,nan
8060,133.17599999999999,0,0,0,0,0,581,1,16,nan
8061,187.01599999999999,0,0,0,0,0,1315,1,16,nan
8062,162.61500000000001,0,0,0,0,0,907,1,16,nan
8063,189.19999999999999,0,0,0,0,0,1279,1,16,nan
8064,151.98500000000001,0,0,0,0,0,840,1,16,nan
8065,158.77500000000001,0,0,0,0,0,958,1,16,nan
8066,135.03700000000001,0,0,0,0,0,643,1,16,nan
8067,183.42599999999999,0,0,0,0,0,1146,1,16,nan
8068,190.21100000000001,0,0,0,0,0,1326,1,16,nan
8069,159.554,0,0,0,0,0,952,1,16,nan
8070,164.53700000000001,0,0,0,0,0,926,1,16,nan
8071,176.28800000000001,0,0,0,0,0,1120,1,16,nan
8072,200.05199999999999,0,0,0,0,0,1278,1,16,nan
8073,174.71700000000001,0,0,0,0,0,1101,1,16,nan
8074,162.386,0,0,0,0,0,895,1,16,nan
8075,182.54300000000001,0,0,0,0,0,1176,1,16,nan
8076,189.65000000000001,0,0,0,0,0,1268,1,16,nan
8077,182.66200000000001,0,0,0,0,0,1150,1,16,nan
8078,174.69999999999999,0,0,0,0,0,1109,1,16,nan
8079,186.56700000000001,0,0,0,0,0,1272,1,16,nan
8080,180.387,0,0,0,0,0,1157,1,16,nan
8081,216.886,0,0,0,0,0,1166,1,16,nan
8082,156.78700000000001,0,0,0,0,0,642,1,16,nan
8083,185.86699999999999,0,0,0,0,0,1124,1,16,nan
8084,192.60900000000001,0,0,0,0,0,1079,1,16,nan
8085,159.90100000000001,0,0,0,0,0,776,1,16,nan
8086,175.98599999999999,0,0,0,0,0,1130,1,16,nan
8087,177.63999999999999,0,0,0,0,0,1087,1,16,nan
8088,180.88200000000001,0,0,0,0,0,1136,1,16,nan
8089,161.596,0,0,0,0,0,932,1,16,nan
8090,184.191,0,0,0,0,0,1211,1,16,nan
8091,174.072,0,0,0,0,0,1059,1,16,nan
8092,175.023,0,0,0,0,0,1129,1,16,nan
8093,142.80099999999999,0,0,0,0,0,693,1,16,nan
8094,152.429,0,0,0,0,0,570,1,16,nan
8095,162.92400000000001,0,0,0,0,0,844,1,16,nan
8096,153.63499999999999,0,0,0,0,0,838,1,16,nan
8097,178.01300000000001,0,0,0,0,0,1167,1,16,nan
8098,180.88300000000001,0,0,0,0,0,1217,1,16,nan
8099,145.86199999999999,0,0,0,0,0,790,1,16,nan
8100,208.84999999999999,0,0,0,0,0,1296,1,16,nan
8101,204.90600000000001,0,0,0,0,0,1315,1,16,nan
8102,172.60300000000001,0,0,0,0,0,1076,1,16,nan
8103,154.107,0,0,0,0,0,862,1,16,nan
8104,188.57599999999999,0,0,0,0,0,1264,1,16,nan
8105,144.52600000000001,0,0,0,0,0,722,1,16,nan
8106,156.16900000000001,0,0,0,0,0,958,1,16,nan
8107,157.345,0,0,0,0,0,893,1,16,nan
8108,115.45,0,0,0,0,0,392,1,16,nan
8109,183.44300000000001,0,0,0,0,0,1195,1,16,nan
8110,171.48500000000001,0,0,0,0,0,1122,1,16,nan
8111,194.45500000000001,0,0,0,0,0,1356,1,16,nan
8112,170.61000000000001,0,0,0,0,0,970,1,16,nan
8113,176.346,0,0,0,0,0,1160,1,16,nan
8114,170.524,0,0,0,0,0,1029,1,16,nan
8115,201.37700000000001,0,0,0,0,0,1418,1,16,nan
8116,139.62799999999999,0,0,0,0,0,625,1,16,nan
8117,184.892,0,0,0,0,0,1217,1,16,nan
8118,176.80500000000001,0,0,0,0,0,1155,1,16,nan
8119,137.995,0,0,0,0,0,635,1,16,nan
8120,177.87,0,0,0,0,0,1120,1,16,nan
8121,168.93100000000001,0,0,0,0,0,1071,1,16,nan
8122,165.459,0,0,0,0,0,991,1,16,nan
8123,217.43100000000001,0,0,0,0,0,1186,1,16,nan
8124,179.47,0,0,0,0,0,1164,1,16,nan
8125,191.423,0,0,0,0,0,1267,1,16,nan
8126,174.48500000000001,0,0,0,0,0,855,1,16,nan
8127,202.75299999999999,0,0,0,0,0,1224,1,16,nan
8128,191.012,0,0,0,0,0,1170,1,16,nan
8129,184.136,0,0,0,0,0,1124,1,16,nan
8130,188.398,0,0,0,0,0,1135,1,16,nan
8131,200.07300000000001,0,0,0,0,0,1302,1,16,nan
8132,209.81200000000001,0,0,0,0,0,1409,1,16,nan
8133,181.94999999999999,0,0,0,0,0,1104,1,16,nan
8134,161.721,0,0,0,0,0,676,1,16,nan
8135,189.05000000000001,0,0,0,0,0,1031,1,16,nan
8136,178.245,0,0,0,0,0,1115,1,16,nan
8137,143.80500000000001,0,0,0,0,0,742,1,16,nan
8138,137.93000000000001,0,0,0,0,0,635,1,16,nan
8139,152.767,0,0,0,0,0,868,1,16,nan
8140,170.90700000000001,0,0,0,0,0,1018,1,16,nan
8141,153.91499999999999,0,0,0,0,0,820,1,16,nan
8142,186.756,0,0,0,0,0,1253,1,16,nan
8143,182.339,0,0,0,0,0,1206,1,16,nan
8144,178.60499999999999,0,0,0,0,0,1185,1,16,nan
8145,196.21199999999999,0,0,0,0,0,1319,1,16,nan
8146,156.73099999999999,0,0,0,0,0,884,1,16,nan
8147,157.512,0,0,0,0,0,1007,1,16,nan
8148,186.75299999999999,0,0,0,0,0,1153,1,16,nan
8149,183.91300000000001,0,0,0,0,0,1200,1,16,nan
8150,184.28899999999999,0,0,0,0,0,1289,1,16,nan
8151,125.97,0,0,0,0,0,471,1,16,nan
8152,186.41399999999999,0,0,0,0,0,1279,1,16,nan
8153,187.11000000000001,0,0,0,0,0,1266,1,16,nan
8154,191.64099999999999,0,0,0,0,0,1335,1,16,nan
8155,177.37299999999999,0,0,0,0,0,1150,1,16,nan
8156,183.267,0,0,0,0,0,1254,1,16,nan
8157,191.28399999999999,0,0,0,0,0,1286,1,16,nan
8158,164.54499999999999,0,0,0,0,0,1055,1,16,nan
8159,187.26900000000001,0,0,0,0,0,1254,1,16,nan
8160,169.95699999999999,0,0,0,0,0,1165,1,16,nan
8161,167.005,0,0,0,0,0,961,1,16,nan
8162,119.32299999999999,0,0,0,0,0,401,1,16,nan
8163,181.31399999999999,0,0,0,0,0,1083,1,16,nan
8164,143.08600000000001,0,0,0,0,0,705,1,16,nan
8165,198.398,0,0,0,0,0,1369,1,16,nan
8166,128.04400000000001,0,0,0,0,0,598,1,16,nan
8167,144.70699999999999,0,0,0,0,0,838,1,16,nan
8168,168.56100000000001,0,0,0,0,0,1054,1,16,nan
8169,179.512,0,0,0,0,0,1093,1,16,nan
8170,181.39500000000001,0,0,0,0,0,1177,1,16,nan
8171,169.584,0,0,0,0,0,1029,1,16,nan
8172,145.887,0,0,0,0,0,796,1,16,nan
8173,166.251,0,0,0,0,0,1063,1,16,nan
8174,124.39400000000001,0,0,0,0,0,499,1,16,nan
8175,165.79599999999999,0,0,0,0,0,984,1,16,nan
8176,170.59100000000001,0,0,0,0,0,1055,1,16,nan
8177,179.94499999999999,0,0,0,0,0,1160,1,16,nan
8178,188.99100000000001,0,0,0,0,0,1280,1,16,nan
8179,158.26900000000001,0,0,0,0,0,905,1,16,nan
8180,148.58199999999999,0,0,0,0,0,765,1,16,nan
8181,168.93299999999999,0,0,0,0,0,1042,1,16,nan
8182,167.41,0,0,0,0,0,1049,1,16,nan
8183,169.54300000000001,0,0,0,0,0,1128,1,16,nan
8184,160.30799999999999,0,0,0,0,0,1022,1,16,nan
8185,161.59800000000001,0,0,0,0,0,898,1,16,nan
8186,167.72800000000001,0,0,0,0,0,965,1,16,nan
8187,182.16399999999999,0,0,0,0,0,925,1,16,nan
8188,183.80600000000001,0,0,0,0,0,1008,1,16,nan
8189,186.34899999999999,0,0,0,0,0,1206,1,16,nan
8190,180.69399999999999,0,0,0,0,0,1171,1,16,nan
8191,152.25899999999999,0,0,0,0,0,846,1,16,nan
8192,164.96299999999999,0,0,0,0,0,897,1,16,nan
8193,175.797,0,0,0,0,0,837,1,16,nan
8194,194.09299999999999,0,0,0,0,0,1214,1,16,nan
8195,186.196,0,0,0,0,0,1184,1,16,nan
8196,163,0,0,0,0,0,971,1,16,nan
8197,185.11000000000001,0,0,0,0,0,1166,1,16,nan
8198,166.02699999999999,0,0,0,0,0,652,1,16,nan
8199,180.40100000000001,0,0,0,0,0,1040,1,16,nan
8200,134.24600000000001,0,0,0,0,0,457,1,16,nan
8201,211.97800000000001,0,0,0,0,0,1212,1,16,nan
8202,193.839,0,0,0,0,0,1264,1,16,nan
8203,174.98099999999999,0,0,0,0,0,1141,1,16,nan
8204,154.99299999999999,0,0,0,0,0,817,1,16,nan
8205,151.41300000000001,0,0,0,0,0,810,1,16,nan
8206,120.657,0,0,0,0,0,459,1,16,nan
8207,165.22200000000001,0,0,0,0,0,995,1,16,nan
8208,178.048,0,0,0,0,0,762,1,16,nan
8209,180.864,0,0,0,0,0,1199,1,16,nan
8210,200.066,0,0,0,0,0,1149,1,16,nan
8211,182.97200000000001,0,0,0,0,0,915,1,16,nan
8212,189.643,0,0,0,0,0,1197,1,16,nan
8213,163.12299999999999,0,0,0,0,0,844,1,16,nan
8214,176.77199999999999,0,0,0,0,0,1027,1,16,nan
8215,201.31399999999999,0,0,0,0,0,1299,1,16,nan
8216,189.626,0,0,0,0,0,1142,1,16,nan
8217,200.62700000000001,0,0,0,0,0,1100,1,16,nan
8218,189.499,0,0,0,0,0,1344,1,16,nan
8219,183.02199999999999,0,0,0,0,0,1226,1,16,nan
8220,183.34,0,0,0,0,0,1200,1,16,nan
8221,155.60499999999999,0,0,0,0,0,876,1,16,nan
8222,185.48500000000001,0,0,0,0,0,957,1,16,nan
8223,173.119,0,0,0,0,0,895,1,16,nan
8224,222.45099999999999,0,0,0,0,0,1427,1,16,nan
8225,218.27199999999999,0,0,0,0,0,1127,1,16,nan
8226,185.44499999999999,0,0,0,0,0,984,1,16,nan
8227,149.922,0,0,0,0,0,759,1,16,nan
8228,193.21299999999999,0,0,0,0,0,1260,1,16,nan
8229,162.18799999999999,0,0,0,0,0,888,1,16,nan
8230,199.54300000000001,0,0,0,0,0,1347,1,16,nan
8231,186.566,0,0,0,0,0,1037,1,16,nan
8232,145.851,0,0,0,0,0,746,1,16,nan
8233,168.72499999999999,0,0,0,0,0,1029,1,16,nan
8234,176.83000000000001,0,0,0,0,0,1194,1,16,nan
8235,184.548,0,0,0,0,0,1276,1,16,nan
8236,156.59299999999999,0,0,0,0,0,910,1,16,nan
8237,177.821,0,0,0,0,0,1069,1,16,nan
8238,190.02699999999999,0,0,0,0,0,1300,1,16,nan
8239,175.71700000000001,0,0,0,0,0,1208,1,16,nan
8240,167.245,0,0,0,0,0,961,1,16,nan
8241,172.63999999999999,0,0,0,0,0,1102,1,16,nan
8242,165.27199999999999,0,0,0,0,0,975,1,16,nan
8243,175.428,0,0,0,0,0,1046,1,16,nan
8244,181.13200000000001,0,0,0,0,0,1118,1,16,nan
8245,176.315,0,0,0,0,0,1147,1,16,nan
8246,150.92099999999999,0,0,0,0,0,850,1,16,nan
8247,181.72,0,0,0,0,0,1202,1,16,nan
8248,196.084,0,0,0,0,0,1345,1,16,nan
8249,185.65000000000001,0,0,0,0,0,1218,1,16,nan
8250,193.05000000000001,0,0,0,0,0,1307,1,16,nan
8251,176.77600000000001,0,0,0,0,0,1149,1,16,nan
8252,163.27099999999999,0,0,0,0,0,993,1,16,nan
8253,124.67,0,0,0,0,0,509,1,16,nan
8254,171.72200000000001,0,0,0,0,0,1144,1,16,nan
8255,171.17599999999999,0,0,0,0,0,1103,1,16,nan
8256,183.041,0,0,0,0,0,1231,1,16,nan
8257,182.99299999999999,0,0,0,0,0,1248,1,16,nan
8258,201.667,0,0,0,0,0,1373,1,16,nan
8259,206.13,0,0,0,0,0,1161,1,16,nan
8260,194.47499999999999,0,0,0,0,0,1136,1,16,nan
8261,196.31899999999999,0,0,0,0,0,1164,1,16,nan
8262,189.78800000000001,0,0,0,0,0,1115,1,16,nan
8263,182.048,0,0,0,0,0,1166,1,16,nan
8264,147.441,0,0,0,0,0,838,1,16,nan
8265,152.78200000000001,0,0,0,0,0,892,1,16,nan
8266,285.76400000000001,0,0,0,0,0,1920,1,16,nan
8267,189.28,0,0,0,0,0,1280,1,16,nan
8268,181.21799999999999,0,0,0,0,0,1101,1,16,nan
8269,174.56,0,0,0,0,0,1074,1,16,nan
8270,155.167,0,0,0,0,0,920,1,16,nan
8271,176.625,0,0,0,0,0,1154,1,16,nan
8272,161.68299999999999,0,0,0,0,0,932,1,16,nan
8273,173.15100000000001,0,0,0,0,0,1094,1,16,nan
8274,153.791,0,0,0,0,0,845,1,16,nan
8275,143.57599999999999,0,0,0,0,0,749,1,16,nan
8276,173.608,0,0,0,0,0,1075,1,16,nan
8277,195.78999999999999,0,0,0,0,0,1250,1,16,nan
8278,149.928,0,0,0,0,0,818,1,16,nan
8279,163.96600000000001,0,0,0,0,0,955,1,16,nan
8280,188.66900000000001,0,0,0,0,0,1277,1,16,nan
8281,146.96799999999999,0,0,0,0,0,902,1,16,nan
8282,177.114,0,0,0,0,0,1168,1,16,nan
8283,145.279,0,0,0,0,0,688,1,16,nan
8284,171.309,0,0,0,0,0,1032,1,16,nan
8285,152.084,0,0,0,0,0,868,1,16,nan
8286,151.28399999999999,0,0,0,0,0,778,1,16,nan
8287,174.26300000000001,0,0,0,0,0,1107,1,16,nan
8288,172.82300000000001,0,0,0,0,0,1127,1,16,nan
8289,137.29300000000001,0,0,0,0,0,670,1,16,nan
8290,172.101,0,0,0,0,0,1087,1,16,nan
8291,194.678,0,0,0,0,0,1258,1,16,nan
8292,166.94999999999999,0,0,0,0,0,882,1,16,nan
8293,194.59,0,0,0,0,0,975,1,16,nan
8294,140.06100000000001,0,0,0,0,0,691,1,16,nan
8295,165.77500000000001,0,0,0,0,0,873,1,16,nan
8296,136.381,0,0,0,0,0,712,1,16,nan
8297,177.19200000000001,0,0,0,0,0,1258,1,16,nan
8298,151.96199999999999,0,0,0,0,0,832,1,16,nan
8299,160.91300000000001,0,0,0,0,0,986,1,16,nan
8300,183.43700000000001,0,0,0,0,0,1196,1,16,nan
8301,207.405,0,0,0,0,0,1365,1,16,nan
8302,152.22200000000001,0,0,0,0,0,852,1,16,nan
8303,180.66499999999999,0,0,0,0,0,1098,1,16,nan
8304,173.52199999999999,0,0,0,0,0,1181,1,16,nan
8305,155.90100000000001,0,0,0,0,0,913,1,16,nan
8306,172.09299999999999,0,0,0,0,0,1160,1,16,nan
8307,171.77099999999999,0,0,0,0,0,1141,1,16,nan
8308,137.02199999999999,0,0,0,0,0,663,1,16,nan
8309,180.06399999999999,0,0,0,0,0,1141,1,16,nan
8310,198.97300000000001,0,0,0,0,0,1131,1,16,nan
8311,168.19499999999999,0,0,0,0,0,903,1,16,nan
8312,198.154,0,0,0,0,0,1183,1,16,nan
8313,170.47999999999999,0,0,0,0,0,752,1,16,nan
8314,187.81299999999999,0,0,0,0,0,1251,1,16,nan
8315,190.06100000000001,0,0,0,0,0,1289,1,16,nan
8316,187.01900000000001,0,0,0,0,0,1250,1,16,nan
8317,211.03100000000001,0,0,0,0,0,1286,1,16,nan
8318,177.65600000000001,0,0,0,0,0,1028,1,16,nan
8319,193.18899999999999,0,0,0,0,0,1084,1,16,nan
8320,169.37100000000001,0,0,0,0,0,1061,1,16,nan
8321,197.88999999999999,0,0,0,0,0,1255,1,16,nan
8322,180.32900000000001,0,0,0,0,0,1125,1,16,nan
8323,180.732,0,0,0,0,0,1123,1,16,nan
8324,155.87700000000001,0,0,0,0,0,714,1,16,nan
8325,180.90299999999999,0,0,0,0,0,1066,1,16,nan
8326,171.39099999999999,0,0,0,0,0,831,1,16,nan
8327,168.101,0,0,0,0,0,796,1,16,nan
8328,139.51300000000001,0,0,0,0,0,663,1,16,nan
8329,163.572,0,0,0,0,0,973,1,16,nan
8330,178.13499999999999,0,0,0,0,0,1178,1,16,nan
8331,193.45500000000001,0,0,0,0,0,1276,1,16,nan
8332,175.684,0,0,0,0,0,1140,1,16,nan
8333,152.63,0,0,0,0,0,939,1,16,nan
8334,144.721,0,0,0,0,0,737,1,16,nan
8335,160.66999999999999,0,0,0,0,0,1015,1,16,nan
8336,156.077,0,0,0,0,0,843,1,16,nan
8337,179.148,0,0,0,0,0,1166,1,16,nan
8338,168.42599999999999,0,0,0,0,0,771,1,16,nan
8339,224.041,0,0,0,0,0,1564,1,16,nan
8340,150.70099999999999,0,0,0,0,0,829,1,16,nan
8341,180.857,0,0,0,0,0,1047,1,16,nan
8342,167.89400000000001,0,0,0,0,0,975,1,16,nan
8343,181.80000000000001,0,0,0,0,0,1102,1,16,nan
8344,202.61799999999999,0,0,0,0,0,1333,1,16,nan
8345,195.40899999999999,0,0,0,0,0,1200,1,16,nan
8346,181.28700000000001,0,0,0,0,0,1201,1,16,nan
8347,174.227,0,0,0,0,0,1020,1,16,nan
8348,161.964,0,0,0,0,0,972,1,16,nan
8349,156.977,0,0,0,0,0,988,1,16,nan
8350,110.96299999999999,0,0,0,0,0,436,1,16,nan
8351,180.85300000000001,0,0,0,0,0,1111,1,16,nan
8352,149.18100000000001,0,0,0,0,0,859,1,16,nan
8353,195.59999999999999,0,0,0,0,0,1385,1,16,nan
8354,136.28399999999999,0,0,0,0,0,610,1,16,nan
8355,167.714,0,0,0,0,0,1002,1,16,nan
8356,180.76300000000001,0,0,0,0,0,1186,1,16,nan
8357,173.38999999999999,0,0,0,0,0,1126,1,16,nan
8358,167.26599999999999,0,0,0,0,0,946,1,16,nan
8359,157.44,0,0,0,0,0,824,1,16,nan
8360,184.18299999999999,0,0,0,0,0,1180,1,16,nan
8361,181.12799999999999,0,0,0,0,0,1255,1,16,nan
8362,185.773,0,0,0,0,0,1222,1,16,nan
8363,180.226,0,0,0,0,0,1239,1,16,nan
8364,179.16800000000001,0,0,0,0,0,1133,1,16,nan
8365,179.928,0,0,0,0,0,1095,1,16,nan
8366,192.09800000000001,0,0,0,0,0,1092,1,16,nan
8367,160.88300000000001,0,0,0,0,0,893,1,16,nan
8368,145.12,0,0,0,0,0,714,1,16,nan
8369,174.929,0,0,0,0,0,1056,1,16,nan
8370,145.643,0,0,0,0,0,671,1,16,nan
8371,186.26499999999999,0,0,0,0,0,915,1,16,nan
8372,166.97499999999999,0,0,0,0,0,1021,1,16,nan
8373,163.84399999999999,0,0,0,0,0,955,1,16,nan
8374,173.22800000000001,0,0,0,0,0,1101,1,16,nan
8375,158.79300000000001,0,0,0,0,0,929,1,16,nan
8376,145.19900000000001,0,0,0,0,0,859,1,16,nan
8377,235.399,0,0,0,0,0,1392,1,16,nan
8378,178.09899999999999,0,0,0,0,0,908,1,16,nan
8379,163.154,0,0,0,0,0,959,1,16,nan
8380,140.744,0,0,0,0,0,573,1,16,nan
8381,182.91200000000001,0,0,0,0,0,1232,1,16,nan
8382,203.78299999999999,0,0,0,0,0,1357,1,16,nan
8383,171.62799999999999,0,0,0,0,0,1005,1,16,nan
8384,206.36799999999999,0,0,0,0,0,1389,1,16,nan
8385,184.732,0,0,0,0,0,1078,1,16,nan
8386,176.584,0,0,0,0,0,1134,1,16,nan
8387,167.43899999999999,0,0,0,0,0,1015,1,16,nan
8388,202.84,0,0,0,0,0,1170,1,16,nan
8389,178.47399999999999,0,0,0,0,0,1123,1,16,nan
8390,167.744,0,0,0,0,0,963,1,16,nan
8391,171.232,0,0,0,0,0,1011,1,16,nan
8392,126.78400000000001,0,0,0,0,0,486,1,16,nan
8393,182.45500000000001,0,0,0,0,0,1138,1,16,nan
8394,208.499,0,0,0,0,0,1337,1,16,nan
8395,185.553,0,0,0,0,0,1234,1,16,nan
8396,183.52600000000001,0,0,0,0,0,1260,1,16,nan
8397,197.33699999999999,0,0,0,0,0,1192,1,16,nan
8398,191.095,0,0,0,0,0,1055,1,16,nan
8399,230.952,0,0,0,0,0,1472,1,16,nan
8400,181.64699999999999,0,0,0,0,0,1000,1,16,nan
8401,178.55000000000001,0,0,0,0,0,1178,1,16,nan
8402,193.64400000000001,0,0,0,0,0,1358,1,16,nan
8403,195.07400000000001,0,0,0,0,0,1384,1,16,nan
8404,189.642,0,0,0,0,0,1268,1,16,nan
8405,183.55799999999999,0,0,0,0,0,1228,1,16,nan
8406,122.477,0,0,0,0,0,458,1,16,nan
8407,177.428,0,0,0,0,0,1148,1,16,nan
8408,166.328,0,0,0,0,0,1020,1,16,nan
8409,182.89500000000001,0,0,0,0,0,1260,1,16,nan
8410,188.673,0,0,0,0,0,1177,1,16,nan
8411,175.203,0,0,0,0,0,1117,1,16,nan
8412,164.233,0,0,0,0,0,1003,1,16,nan
8413,167.48400000000001,0,0,0,0,0,1014,1,16,nan
8414,171.97200000000001,0,0,0,0,0,1095,1,16,nan
8415,141.20599999999999,0,0,0,0,0,701,1,16,nan
8416,196.297,0,0,0,0,0,1351,1,16,nan
8417,153.345,0,0,0,0,0,878,1,16,nan
8418,191.75299999999999,0,0,0,0,0,1326,1,16,nan
8419,163.96799999999999,0,0,0,0,0,976,1,16,nan
8420,166.316,0,0,0,0,0,1086,1,16,nan
8421,184.023,0,0,0,0,0,1267,1,16,nan
8422,171.864,0,0,0,0,0,1065,1,16,nan
8423,183.23099999999999,0,0,0,0,0,1227,1,16,nan
8424,170.77099999999999,0,0,0,0,0,1106,1,16,nan
8425,178.59100000000001,0,0,0,0,0,1190,1,16,nan
8426,168.251,0,0,0,0,0,1022,1,16,nan
8427,193.12700000000001,0,0,0,0,0,1020,1,16,nan
8428,180.24000000000001,0,0,0,0,0,1044,1,16,nan
8429,164.91499999999999,0,0,0,0,0,756,1,16,nan
8430,207.74100000000001,0,0,0,0,0,1234,1,16,nan
8431,139.87100000000001,0,0,0,0,0,585,1,16,nan
8432,172.76499999999999,0,0,0,0,0,1045,1,16,nan
8433,196.28999999999999,0,0,0,0,0,1335,1,16,nan
8434,170.751,0,0,0,0,0,1051,1,16,nan
8435,176.14599999999999,0,0,0,0,0,1081,1,16,nan
8436,178.11699999999999,0,0,0,0,0,1141,1,16,nan
8437,175.626,0,0,0,0,0,1078,1,16,nan
8438,189.08500000000001,0,0,0,0,0,1093,1,16,nan
8439,187.63900000000001,0,0,0,0,0,1269,1,16,nan
8440,175.40299999999999,0,0,0,0,0,1235,1,16,nan
8441,177.375,0,0,0,0,0,1145,1,16,nan
8442,179.09200000000001,0,0,0,0,0,1171,1,16,nan
8443,188.28399999999999,0,0,0,0,0,1230,1,16,nan
8444,157.91300000000001,0,0,0,0,0,911,1,16,nan
8445,140.995,0,0,0,0,0,695,1,16,nan
8446,150.77000000000001,0,0,0,0,0,826,1,16,nan
8447,177.67699999999999,0,0,0,0,0,1192,1,16,nan
8448,194.08099999999999,0,0,0,0,0,1347,1,16,nan
8449,135.411,0,0,0,0,0,593,1,16,nan
8450,185.71299999999999,0,0,0,0,0,1251,1,16,nan
8451,192.58799999999999,0,0,0,0,0,1385,1,16,nan
8452,168.27699999999999,0,0,0,0,0,1043,1,16,nan
8453,166.5,0,0,0,0,0,993,1,16,nan
8454,129.465,0,0,0,0,0,552,1,16,nan
8455,193.90899999999999,0,0,0,0,0,1305,1,16,nan
8456,163.917,0,0,0,0,0,1037,1,16,nan
8457,170.411,0,0,0,0,0,1090,1,16,nan
8458,179.667,0,0,0,0,0,1212,1,16,nan
8459,184.72300000000001,0,0,0,0,0,1259,1,16,nan
8460,172.94999999999999,0,0,0,0,0,1137,1,16,nan
8461,161.749,0,0,0,0,0,931,1,16,nan
8462,216.14099999999999,0,0,0,0,0,1290,1,16,nan
8463,167.958,0,0,0,0,0,1131,1,16,nan
8464,175.06399999999999,0,0,0,0,0,1145,1,16,nan
8465,168.285,0,0,0,0,0,1136,1,16,nan
8466,173.68199999999999,0,0,0,0,0,1076,1,16,nan
8467,174.417,0,0,0,0,0,1073,1,16,nan
8468,166.708,0,0,0,0,0,1027,1,16,nan
8469,161.351,0,0,0,0,0,1019,1,16,nan
8470,128.20099999999999,0,0,0,0,0,526,1,16,nan
8471,165.57599999999999,0,0,0,0,0,1043,1,16,nan
8472,147.684,0,0,0,0,0,745,1,16,nan
8473,170.226,0,0,0,0,0,1039,1,16,nan
8474,137.363,0,0,0,0,0,633,1,16,nan
8475,147.52600000000001,0,0,0,0,0,768,1,16,nan
8476,184.62299999999999,0,0,0,0,0,1190,1,16,nan
8477,190.11799999999999,0,0,0,0,0,1213,1,16,nan
8478,176.68899999999999,0,0,0,0,0,1143,1,16,nan
8479,169.70400000000001,0,0,0,0,0,901,1,16,nan
8480,173.89400000000001,0,0,0,0,0,1158,1,16,nan
8481,171.68100000000001,0,0,0,0,0,1087,1,16,nan
8482,163.85300000000001,0,0,0,0,0,981,1,16,nan
8483,187.56999999999999,0,0,0,0,0,1131,1,16,nan
8484,167.30500000000001,0,0,0,0,0,1017,1,16,nan
8485,171.55500000000001,0,0,0,0,0,1079,1,16,nan
8486,152.14699999999999,0,0,0,0,0,837,1,16,nan
8487,166.392,0,0,0,0,0,942,1,16,nan
8488,199.73699999999999,0,0,0,0,0,1367,1,16,nan
8489,177.78,0,0,0,0,0,1202,1,16,nan
8490,176.535,0,0,0,0,0,1075,1,16,nan
8491,167.80600000000001,0,0,0,0,0,846,1,16,nan
8492,176.155,0,0,0,0,0,1132,1,16,nan
8493,142.07900000000001,0,0,0,0,0,675,1,16,nan
8494,154.33799999999999,0,0,0,0,0,827,1,16,nan
8495,181.489,0,0,0,0,0,1152,1,16,nan
8496,156.28700000000001,0,0,0,0,0,897,1,16,nan
8497,181.297,0,0,0,0,0,1279,1,16,nan
8498,129.65299999999999,0,0,0,0,0,526,1,16,nan
8499,180.965,0,0,0,0,0,1200,1,16,nan
8500,183.703,0,0,0,0,0,1260,1,16,nan
8501,179.54300000000001,0,0,0,0,0,1285,1,16,nan
8502,178.54499999999999,0,0,0,0,0,1143,1,16,nan
8503,186.95500000000001,0,0,0,0,0,1265,1,16,nan
8504,170.43100000000001,0,0,0,0,0,1126,1,16,nan
8505,130.24799999999999,0,0,0,0,0,595,1,16,nan
8506,165.732,0,0,0,0,0,1031,1,16,nan
8507,116.536,0,0,0,0,0,421,1,16,nan
8508,119.774,0,0,0,0,0,455,1,16,nan
8509,146.61099999999999,0,0,0,0,0,775,1,16,nan
8510,208.773,0,0,0,0,0,1277,1,16,nan
8511,147.46199999999999,0,0,0,0,0,487,1,16,nan
8512,200.815,0,0,0,0,0,1313,1,16,nan
8513,184.34299999999999,0,0,0,0,0,1116,1,16,nan
8514,195.27600000000001,0,0,0,0,0,1287,1,16,nan
8515,176.50299999999999,0,0,0,0,0,961,1,16,nan
8516,176.62,0,0,0,0,0,1027,1,16,nan
8517,188.61000000000001,0,0,0,0,0,1224,1,16,nan
8518,142.91200000000001,0,0,0,0,0,622,1,16,nan
8519,150.34200000000001,0,0,0,0,0,684,1,16,nan
8520,213.465,0,0,0,0,0,1243,1,16,nan
8521,186.81399999999999,0,0,0,0,0,1236,1,16,nan
8522,155.57499999999999,0,0,0,0,0,906,1,16,nan
8523,184.92400000000001,0,0,0,0,0,1248,1,16,nan
8524,184.05600000000001,0,0,0,0,0,1201,1,16,nan
8525,191.40299999999999,0,0,0,0,0,1297,1,16,nan
8526,151.39500000000001,0,0,0,0,0,771,1,16,nan
8527,173.167,0,0,0,0,0,1126,1,16,nan
8528,184.541,0,0,0,0,0,1165,1,16,nan
8529,182.25700000000001,0,0,0,0,0,1215,1,16,nan
8530,184.00200000000001,0,0,0,0,0,1207,1,16,nan
8531,170.476,0,0,0,0,0,1062,1,16,nan
8532,163.05199999999999,0,0,0,0,0,928,1,16,nan
8533,169.042,0,0,0,0,0,1020,1,16,nan
8534,173.09200000000001,0,0,0,0,0,1052,1,16,nan
8535,153.352,0,0,0,0,0,823,1,16,nan
8536,175.19,0,0,0,0,0,1137,1,16,nan
8537,168.44800000000001,0,0,0,0,0,999,1,16,nan
8538,165.67400000000001,0,0,0,0,0,1036,1,16,nan
8539,131.721,0,0,0,0,0,592,1,16,nan
8540,200.28999999999999,0,0,0,0,0,1121,1,16,nan
8541,219.00899999999999,0,0,0,0,0,1407,1,16,nan
8542,187.58000000000001,0,0,0,0,0,1047,1,16,nan
8543,180.999,0,0,0,0,0,906,1,16,nan
8544,170.15899999999999,0,0,0,0,0,1026,1,16,nan
8545,206.821,0,0,0,0,0,1403,1,16,nan
8546,183.63999999999999,0,0,0,0,0,1297,1,16,nan
8547,184.673,0,0,0,0,0,881,1,16,nan
8548,148.30799999999999,0,0,0,0,0,802,1,16,nan
8549,194.47499999999999,0,0,0,0,0,1314,1,16,nan
8550,166.47,0,0,0,0,0,1045,1,16,nan
8551,156.40000000000001,0,0,0,0,0,835,1,16,nan
8552,167.815,0,0,0,0,0,1075,1,16,nan
8553,135.61099999999999,0,0,0,0,0,609,1,16,nan
8554,183.03200000000001,0,0,0,0,0,1184,1,16,nan
8555,177.53999999999999,0,0,0,0,0,1129,1,16,nan
8556,184.29900000000001,0,0,0,0,0,1263,1,16,nan
8557,175.05600000000001,0,0,0,0,0,1125,1,16,nan
8558,169.113,0,0,0,0,0,1101,1,16,nan
8559,169.791,0,0,0,0,0,1009,1,16,nan
8560,159.64400000000001,0,0,0,0,0,953,1,16,nan
8561,177.93199999999999,0,0,0,0,0,1248,1,16,nan
8562,160.197,0,0,0,0,0,921,1,16,nan
8563,183.17099999999999,0,0,0,0,0,1120,1,16,nan
8564,161.70400000000001,0,0,0,0,0,1061,1,16,nan
8565,173.58000000000001,0,0,0,0,0,1144,1,16,nan
8566,176.83600000000001,0,0,0,0,0,1180,1,16,nan
8567,188.88399999999999,0,0,0,0,0,1243,1,16,nan
8568,163.803,0,0,0,0,0,1018,1,16,nan
8569,170.94499999999999,0,0,0,0,0,1116,1,16,nan
8570,157.375,0,0,0,0,0,944,1,16,nan
8571,169.41,0,0,0,0,0,842,1,16,nan
8572,205.23500000000001,0,0,0,0,0,1123,1,16,nan
8573,204.24600000000001,0,0,0,0,0,1127,1,16,nan
8574,214.47200000000001,0,0,0,0,0,1213,1,16,nan
8575,210.70500000000001,0,0,0,0,0,1291,1,16,nan
8576,202.232,0,0,0,0,0,1331,1,16,nan
8577,163.93100000000001,0,0,0,0,0,704,1,16,nan
8578,188.63300000000001,0,0,0,0,0,1260,1,16,nan
8579,140.321,0,0,0,0,0,713,1,16,nan
8580,144.393,0,0,0,0,0,692,1,16,nan
8581,130.18299999999999,0,0,0,0,0,611,1,16,nan
8582,161.99100000000001,0,0,0,0,0,965,1,16,nan
8583,190.41800000000001,0,0,0,0,0,1269,1,16,nan
8584,179.45400000000001,0,0,0,0,0,1098,1,16,nan
8585,175.64400000000001,0,0,0,0,0,1205,1,16,nan
8586,167.89699999999999,0,0,0,0,0,1087,1,16,nan
8587,184.08799999999999,0,0,0,0,0,1277,1,16,nan
8588,151.80000000000001,0,0,0,0,0,807,1,16,nan
8589,184.166,0,0,0,0,0,1159,1,16,nan
8590,186.066,0,0,0,0,0,1228,1,16,nan
8591,160.28399999999999,0,0,0,0,0,756,1,16,nan
8592,186.52099999999999,0,0,0,0,0,1117,1,16,nan
8593,137.69,0,0,0,0,0,617,1,16,nan
8594,184.941,0,0,0,0,0,1215,1,16,nan
8595,191.46199999999999,0,0,0,0,0,1258,1,16,nan
8596,188.727,0,0,0,0,0,1173,1,16,nan
8597,188.31800000000001,0,0,0,0,0,1181,1,16,nan
8598,183.84999999999999,0,0,0,0,0,1064,1,16,nan
8599,189.262,0,0,0,0,0,1304,1,16,nan
8600,184.864,0,0,0,0,0,1220,1,16,nan
8601,160.21199999999999,0,0,0,0,0,1042,1,16,nan
8602,177.56700000000001,0,0,0,0,0,1212,1,16,nan
8603,175.631,0,0,0,0,0,1194,1,16,nan
8604,169.15299999999999,0,0,0,0,0,1082,1,16,nan
8605,152.90299999999999,0,0,0,0,0,848,1,16,nan
8606,129.405,0,0,0,0,0,562,1,16,nan
8607,163.70400000000001,0,0,0,0,0,911,1,16,nan
8608,204.761,0,0,0,0,0,1340,1,16,nan
8609,166.173,0,0,0,0,0,1082,1,16,nan
8610,184.816,0,0,0,0,0,1262,1,16,nan
8611,178.33600000000001,0,0,0,0,0,1184,1,16,nan
8612,186.09999999999999,0,0,0,0,0,1199,1,16,nan
8613,186.31700000000001,0,0,0,0,0,1289,1,16,nan
8614,158.75700000000001,0,0,0,0,0,624,1,16,nan
8615,144.14599999999999,0,0,0,0,0,565,1,16,nan
8616,203.83699999999999,0,0,0,0,0,1254,1,16,nan
8617,207.87700000000001,0,0,0,0,0,1195,1,16,nan
8618,183.25800000000001,0,0,0,0,0,992,1,16,nan
8619,184.65700000000001,0,0,0,0,0,1306,1,16,nan
8620,159.55000000000001,0,0,0,0,0,920,1,16,nan
8621,170.62899999999999,0,0,0,0,0,1086,1,16,nan
8622,171.791,0,0,0,0,0,1170,1,16,nan
8623,173.39099999999999,0,0,0,0,0,1090,1,16,nan
8624,196.74000000000001,0,0,0,0,0,1182,1,16,nan
8625,175.84200000000001,0,0,0,0,0,1066,1,16,nan
8626,167.328,0,0,0,0,0,1029,1,16,nan
8627,180.69900000000001,0,0,0,0,0,1177,1,16,nan
8628,183.16399999999999,0,0,0,0,0,1264,1,16,nan
8629,186.94399999999999,0,0,0,0,0,1216,1,16,nan
8630,164.857,0,0,0,0,0,848,1,16,nan
8631,185.23500000000001,0,0,0,0,0,880,1,16,nan
8632,182.476,0,0,0,0,0,1258,1,16,nan
8633,199.82499999999999,0,0,0,0,0,1307,1,16,nan
8634,189.786,0,0,0,0,0,1255,1,16,nan
8635,158.70699999999999,0,0,0,0,0,865,1,16,nan
8636,153.10300000000001,0,0,0,0,0,594,1,16,nan
8637,194.89599999999999,0,0,0,0,0,1142,1,16,nan
8638,179.93799999999999,0,0,0,0,0,972,1,16,nan
8639,200.03100000000001,0,0,0,0,0,1084,1,16,nan
8640,190.88800000000001,0,0,0,0,0,1242,1,16,nan
8641,177.25,0,0,0,0,0,964,1,16,nan
8642,180.803,0,0,0,0,0,1223,1,16,nan
8643,172.80600000000001,0,0,0,0,0,1103,1,16,nan
8644,127.446,0,0,0,0,0,520,1,16,nan
8645,156.92699999999999,0,0,0,0,0,896,1,16,nan
8646,192.488,0,0,0,0,0,1333,1,16,nan
8647,182.161,0,0,0,0,0,1251,1,16,nan
8648,169.529,0,0,0,0,0,1067,1,16,nan
8649,167.357,0,0,0,0,0,1071,1,16,nan
8650,175.185,0,0,0,0,0,1108,1,16,nan
8651,174.81,0,0,0,0,0,1155,1,16,nan
8652,148.81100000000001,0,0,0,0,0,736,1,16,nan
8653,157.88,0,0,0,0,0,956,1,16,nan
8654,180.672,0,0,0,0,0,1168,1,16,nan
8655,143.27000000000001,0,0,0,0,0,804,1,16,nan
8656,129.87700000000001,0,0,0,0,0,543,1,16,nan
8657,144.691,0,0,0,0,0,691,1,16,nan
8658,180.22900000000001,0,0,0,0,0,1167,1,16,nan
8659,185.99000000000001,0,0,0,0,0,1287,1,16,nan
8660,174.125,0,0,0,0,0,1149,1,16,nan
8661,186.821,0,0,0,0,0,1251,1,16,nan
8662,147.113,0,0,0,0,0,814,1,16,nan
8663,191.84399999999999,0,0,0,0,0,1290,1,16,nan
8664,143.566,0,0,0,0,0,707,1,16,nan
8665,134.417,0,0,0,0,0,605,1,16,nan
8666,188.255,0,0,0,0,0,1219,1,16,nan
8667,172.209,0,0,0,0,0,1094,1,16,nan
8668,178.286,0,0,0,0,0,1146,1,16,nan
8669,165.74299999999999,0,0,0,0,0,1021,1,16,nan
8670,192.63,0,0,0,0,0,1347,1,16,nan
8671,188.75999999999999,0,0,0,0,0,1296,1,16,nan
8672,188.84700000000001,0,0,0,0,0,1217,1,16,nan
8673,174.30000000000001,0,0,0,0,0,1167,1,16,nan
8674,193.49799999999999,0,0,0,0,0,1335,1,16,nan
8675,158.61000000000001,0,0,0,0,0,837,1,16,nan
8676,181.018,0,0,0,0,0,1155,1,16,nan
8677,143.41399999999999,0,0,0,0,0,759,1,16,nan
8678,167.708,0,0,0,0,0,1070,1,16,nan
8679,175.441,0,0,0,0,0,1170,1,16,nan
8680,170.619,0,0,0,0,0,1112,1,16,nan
8681,197.19499999999999,0,0,0,0,0,1198,1,16,nan
8682,195.12,0,0,0,0,0,1311,1,16,nan
8683,165.839,0,0,0,0,0,944,1,16,nan
8684,188.54499999999999,0,0,0,0,0,1175,1,16,nan
8685,193.93299999999999,0,0,0,0,0,1267,1,16,nan
8686,187.32400000000001,0,0,0,0,0,1217,1,16,nan
8687,182.005,0,0,0,0,0,1040,1,16,nan
8688,180.505,0,0,0,0,0,1046,1,16,nan
8689,172.91900000000001,0,0,0,0,0,1072,1,16,nan
8690,169.602,0,0,0,0,0,1084,1,16,nan
8691,131.53399999999999,0,0,0,0,0,595,1,16,nan
8692,196.73699999999999,0,0,0,0,0,1381,1,16,nan
8693,165.50200000000001,0,0,0,0,0,1016,1,16,nan
8694,170.43299999999999,0,0,0,0,0,1111,1,16,nan
8695,134.98599999999999,0,0,0,0,0,665,1,16,nan
8696,189.68700000000001,0,0,0,0,0,1198,1,16,nan
8697,177.68799999999999,0,0,0,0,0,1163,1,16,nan
8698,140.21199999999999,0,0,0,0,0,614,1,16,nan
8699,177.93100000000001,0,0,0,0,0,1137,1,16,nan
8700,187.70699999999999,0,0,0,0,0,1187,1,16,nan
8701,187.15799999999999,0,0,0,0,0,1028,1,16,nan
8702,160.84999999999999,0,0,0,0,0,898,1,16,nan
8703,184.827,0,0,0,0,0,929,1,16,nan
8704,168.59100000000001,0,0,0,0,0,899,1,16,nan
8705,151.31399999999999,0,0,0,0,0,754,1,16,nan
8706,173.803,0,0,0,0,0,1117,1,16,nan
8707,171.04300000000001,0,0,0,0,0,1048,1,16,nan
8708,143.38499999999999,0,0,0,0,0,663,1,16,nan
8709,176.654,0,0,0,0,0,1021,1,16,nan
8710,166.28899999999999,0,0,0,0,0,892,1,16,nan
8711,170.57900000000001,0,0,0,0,0,878,1,16,nan
8712,139.93199999999999,0,0,0,0,0,514,1,16,nan
8713,127.051,0,0,0,0,0,493,1,16,nan
8714,150.631,0,0,0,0,0,815,1,16,nan
8715,156.86699999999999,0,0,0,0,0,979,1,16,nan
8716,210.19399999999999,0,0,0,0,0,1175,1,16,nan
8717,196.08199999999999,0,0,0,0,0,1383,1,16,nan
8718,180,0,0,0,0,0,1254,1,16,nan
8719,185.05799999999999,0,0,0,0,0,1289,1,16,nan
8720,184.029,0,0,0,0,0,1192,1,16,nan
8721,177.078,0,0,0,0,0,1236,1,16,nan
8722,177.03800000000001,0,0,0,0,0,1107,1,16,nan
8723,192.49700000000001,0,0,0,0,0,1277,1,16,nan
8724,188.203,0,0,0,0,0,1286,1,16,nan
8725,193.256,0,0,0,0,0,1384,1,16,nan
8726,168.80500000000001,0,0,0,0,0,1034,1,16,nan
8727,106.867,0,0,0,0,0,293,1,16,nan
8728,189.547,0,0,0,0,0,1005,1,16,nan
8729,194.876,0,0,0,0,0,1338,1,16,nan
8730,178.45099999999999,0,0,0,0,0,1122,1,16,nan
8731,189.613,0,0,0,0,0,1161,1,16,nan
8732,163.566,0,0,0,0,0,969,1,16,nan
8733,173.68199999999999,0,0,0,0,0,1003,1,16,nan
8734,164.12899999999999,0,0,0,0,0,1039,1,16,nan
8735,176.94399999999999,0,0,0,0,0,1181,1,16,nan
8736,157.84100000000001,0,0,0,0,0,946,1,16,nan
8737,162.18700000000001,0,0,0,0,0,1023,1,16,nan
8738,180.125,0,0,0,0,0,1181,1,16,nan
8739,160.518,0,0,0,0,0,948,1,16,nan
8740,166.28299999999999,0,0,0,0,0,1028,1,16,nan
8741,146.952,0,0,0,0,0,759,1,16,nan
8742,150.09100000000001,0,0,0,0,0,818,1,16,nan
8743,165.88399999999999,0,0,0,0,0,998,1,16,nan
8744,169.923,0,0,0,0,0,962,1,16,nan
8745,173.017,0,0,0,0,0,1054,1,16,nan
8746,184.798,0,0,0,0,0,1269,1,16,nan
8747,122.334,0,0,0,0,0,474,1,16,nan
8748,173.59700000000001,0,0,0,0,0,1073,1,16,nan
8749,185.28200000000001,0,0,0,0,0,1271,1,16,nan
8750,172.55000000000001,0,0,0,0,0,1007,1,16,nan
8751,166.04400000000001,0,0,0,0,0,1008,1,16,nan
8752,182.34700000000001,0,0,0,0,0,1223,1,16,nan
8753,119.53100000000001,0,0,0,0,0,457,1,16,nan
8754,131.47900000000001,0,0,0,0,0,553,1,16,nan
8755,183.459,0,0,0,0,0,1198,1,16,nan
8756,179.65199999999999,0,0,0,0,0,1242,1,16,nan
8757,167.75,0,0,0,0,0,1001,1,16,nan
8758,157.12899999999999,0,0,0,0,0,842,1,16,nan
8759,166.875,0,0,0,0,0,986,1,16,nan
8760,169.02099999999999,0,0,0,0,0,1043,1,16,nan
8761,165.13,0,0,0,0,0,1008,1,16,nan
8762,208.15299999999999,0,0,0,0,0,1467,1,16,nan
8763,197.964,0,0,0,0,0,1202,1,16,nan
8764,189.727,0,0,0,0,0,1124,1,16,nan
8765,147.30600000000001,0,0,0,0,0,722,1,16,nan
8766,170.21700000000001,0,0,0,0,0,1099,1,16,nan
8767,181.68700000000001,0,0,0,0,0,1262,1,16,nan
8768,187.17699999999999,0,0,0,0,0,1284,1,16,nan
8769,177.69999999999999,0,0,0,0,0,1154,1,16,nan
8770,180.47200000000001,0,0,0,0,0,1265,1,16,nan
8771,170.96100000000001,0,0,0,0,0,1167,1,16,nan
8772,190.55600000000001,0,0,0,0,0,1281,1,16,nan
8773,161.07400000000001,0,0,0,0,0,961,1,16,nan
8774,199.506,0,0,0,0,0,1339,1,16,nan
8775,186.76900000000001,0,0,0,0,0,1209,1,16,nan
8776,174.232,0,0,0,0,0,1176,1,16,nan
8777,141.70500000000001,0,0,0,0,0,690,1,16,nan
8778,156.477,0,0,0,0,0,842,1,16,nan
8779,186.096,0,0,0,0,0,1239,1,16,nan
8780,187.65799999999999,0,0,0,0,0,1177,1,16,nan
8781,151.05099999999999,0,0,0,0,0,778,1,16,nan
8782,167.57400000000001,0,0,0,0,0,1079,1,16,nan
8783,184.292,0,0,0,0,0,1251,1,16,nan
8784,148.72200000000001,0,0,0,0,0,793,1,16,nan
8785,175.232,0,0,0,0,0,1092,1,16,nan
8786,117.557,0,0,0,0,0,395,1,16,nan
8787,172.59100000000001,0,0,0,0,0,1034,1,16,nan
8788,153.40700000000001,0,0,0,0,0,833,1,16,nan
8789,172.286,0,0,0,0,0,1146,1,16,nan
8790,160.523,0,0,0,0,0,1006,1,16,nan
8791,183.386,0,0,0,0,0,1149,1,16,nan
8792,182.81999999999999,0,0,0,0,0,1161,1,16,nan
8793,182.51499999999999,0,0,0,0,0,1201,1,16,nan
8794,161.101,0,0,0,0,0,939,1,16,nan
8795,130.94200000000001,0,0,0,0,0,582,1,16,nan
8796,180.84399999999999,0,0,0,0,0,1207,1,16,nan
8797,144.09899999999999,0,0,0,0,0,724,1,16,nan
8798,181.923,0,0,0,0,0,1224,1,16,nan
8799,158.435,0,0,0,0,0,851,1,16,nan
8800,191.65100000000001,0,0,0,0,0,1383,1,16,nan
8801,175.69900000000001,0,0,0,0,0,760,1,16,nan
8802,176.49299999999999,0,0,0,0,0,1174,1,16,nan
8803,195.351,0,0,0,0,0,1064,1,16,nan
8804,194.97999999999999,0,0,0,0,0,1078,1,16,nan
8805,194.839,0,0,0,0,0,1149,1,16,nan
8806,194.78200000000001,0,0,0,0,0,1114,1,16,nan
8807,145.43199999999999,0,0,0,0,0,726,1,16,nan
8808,166.71100000000001,0,0,0,0,0,1057,1,16,nan
8809,177.672,0,0,0,0,0,1133,1,16,nan
8810,184.92500000000001,0,0,0,0,0,1107,1,16,nan
8811,190.154,0,0,0,0,0,1394,1,16,nan
8812,142.28299999999999,0,0,0,0,0,678,1,16,nan
8813,194.476,0,0,0,0,0,1309,1,16,nan
8814,152.06,0,0,0,0,0,792,1,16,nan
8815,168.25700000000001,0,0,0,0,0,1056,1,16,nan
8816,158.38499999999999,0,0,0,0,0,889,1,16,nan
8817,183.809,0,0,0,0,0,1203,1,16,nan
8818,133.495,0,0,0,0,0,606,1,16,nan
8819,177.756,0,0,0,0,0,1116,1,16,nan
8820,175.922,0,0,0,0,0,1100,1,16,nan
8821,175.08600000000001,0,0,0,0,0,1082,1,16,nan
8822,171.29599999999999,0,0,0,0,0,1112,1,16,nan
8823,162.61099999999999,0,0,0,0,0,1081,1,16,nan
8824,169.02699999999999,0,0,0,0,0,1054,1,16,nan
8825,196.71299999999999,0,0,0,0,0,1349,1,16,nan
8826,172.42099999999999,0,0,0,0,0,1115,1,16,nan
8827,182.94999999999999,0,0,0,0,0,1196,1,16,nan
8828,186.46100000000001,0,0,0,0,0,1206,1,16,nan
8829,162.57499999999999,0,0,0,0,0,945,1,16,nan
8830,153.79900000000001,0,0,0,0,0,766,1,16,nan
8831,185.58199999999999,0,0,0,0,0,1218,1,16,nan
8832,169.82300000000001,0,0,0,0,0,972,1,16,nan
8833,173.44900000000001,0,0,0,0,0,1030,1,16,nan
8834,190.63900000000001,0,0,0,0,0,1255,1,16,nan
8835,182.23400000000001,0,0,0,0,0,1243,1,16,nan
8836,181.50700000000001,0,0,0,0,0,1211,1,16,nan
8837,177.679,0,0,0,0,0,1170,1,16,nan
8838,176.923,0,0,0,0,0,1102,1,16,nan
8839,183.50200000000001,0,0,0,0,0,1215,1,16,nan
8840,162.10900000000001,0,0,0,0,0,927,1,16,nan
8841,170.666,0,0,0,0,0,1025,1,16,nan
8842,180.40799999999999,0,0,0,0,0,1115,1,16,nan
8843,142.697,0,0,0,0,0,746,1,16,nan
8844,162.14699999999999,0,0,0,0,0,953,1,16,nan
8845,162.46600000000001,0,0,0,0,0,953,1,16,nan
8846,174.22200000000001,0,0,0,0,0,1059,1,16,nan
8847,171.697,0,0,0,0,0,1081,1,16,nan
8848,193.30000000000001,0,0,0,0,0,1272,1,16,nan
8849,185.51400000000001,0,0,0,0,0,1209,1,16,nan
8850,133.40299999999999,0,0,0,0,0,601,1,16,nan
8851,151.45099999999999,0,0,0,0,0,796,1,16,nan
8852,177.285,0,0,0,0,0,1096,1,16,nan
8853,180.77699999999999,0,0,0,0,0,1180,1,16,nan
8854,155.023,0,0,0,0,0,818,1,16,nan
8855,132.03200000000001,0,0,0,0,0,549,1,16,nan
8856,152.393,0,0,0,0,0,831,1,16,nan
8857,185.041,0,0,0,0,0,1237,1,16,nan
8858,193.52600000000001,0,0,0,0,0,1339,1,16,nan
8859,169.208,0,0,0,0,0,1049,1,16,nan
8860,179.92400000000001,0,0,0,0,0,1184,1,16,nan
8861,163.029,0,0,0,0,0,990,1,16,nan
8862,170.69999999999999,0,0,0,0,0,1006,1,16,nan
8863,163.797,0,0,0,0,0,916,1,16,nan
8864,197.54400000000001,0,0,0,0,0,1382,1,16,nan
8865,164.86500000000001,0,0,0,0,0,929,1,16,nan
8866,162.846,0,0,0,0,0,965,1,16,nan
8867,169.23099999999999,0,0,0,0,0,970,1,16,nan
8868,181.90899999999999,0,0,0,0,0,1228,1,16,nan
8869,172.92500000000001,0,0,0,0,0,1016,1,16,nan
8870,186.51900000000001,0,0,0,0,0,1241,1,16,nan
8871,182.05600000000001,0,0,0,0,0,1223,1,16,nan
8872,144.40700000000001,0,0,0,0,0,760,1,16,nan
8873,185.339,0,0,0,0,0,1172,1,16,nan
8874,143.03899999999999,0,0,0,0,0,684,1,16,nan
8875,190.41800000000001,0,0,0,0,0,1253,1,16,nan
8876,180.12899999999999,0,0,0,0,0,1147,1,16,nan
8877,170.63999999999999,0,0,0,0,0,1072,1,16,nan
8878,173.98500000000001,0,0,0,0,0,1063,1,16,nan
8879,191.018,0,0,0,0,0,1252,1,16,nan
8880,179.38999999999999,0,0,0,0,0,1171,1,16,nan
8881,189.268,0,0,0,0,0,1328,1,16,nan
8882,181.20099999999999,0,0,0,0,0,1172,1,16,nan
8883,188.422,0,0,0,0,0,1244,1,16,nan
8884,191.048,0,0,0,0,0,1199,1,16,nan
8885,170.095,0,0,0,0,0,690,1,16,nan
8886,191.215,0,0,0,0,0,1384,1,16,nan
8887,174.09700000000001,0,0,0,0,0,996,1,16,nan
8888,190.19,0,0,0,0,0,1277,1,16,nan
8889,172.97900000000001,0,0,0,0,0,1065,1,16,nan
8890,203.274,0,0,0,0,0,1382,1,16,nan
8891,184.779,0,0,0,0,0,1180,1,16,nan
8892,182.95599999999999,0,0,0,0,0,1117,1,16,nan
8893,159.304,0,0,0,0,0,976,1,16,nan
8894,184.05199999999999,0,0,0,0,0,972,1,16,nan
8895,193.55000000000001,0,0,0,0,0,1237,1,16,nan
8896,194.017,0,0,0,0,0,1017,1,16,nan
8897,170.94999999999999,0,0,0,0,0,958,1,16,nan
8898,208.429,0,0,0,0,0,1359,1,16,nan
8899,190.876,0,0,0,0,0,1218,1,16,nan
8900,188.23699999999999,0,0,0,0,0,1084,1,16,nan
8901,199.95500000000001,0,0,0,0,0,1269,1,16,nan
8902,206.631,0,0,0,0,0,1245,1,16,nan
8903,197.90100000000001,0,0,0,0,0,1131,1,16,nan
8904,152.41800000000001,0,0,0,0,0,775,1,16,nan
8905,180.21000000000001,0,0,0,0,0,1204,1,16,nan
8906,181.19900000000001,0,0,0,0,0,1238,1,16,nan
8907,126.06399999999999,0,0,0,0,0,535,1,16,nan
8908,154.18700000000001,0,0,0,0,0,863,1,16,nan
8909,131.541,0,0,0,0,0,584,1,16,nan
8910,175.845,0,0,0,0,0,905,1,16,nan
8911,157.077,0,0,0,0,0,920,1,16,nan
8912,136.58699999999999,0,0,0,0,0,632,1,16,nan
8913,172.88800000000001,0,0,0,0,0,1056,1,16,nan
8914,185.26900000000001,0,0,0,0,0,1201,1,16,nan
8915,185.28100000000001,0,0,0,0,0,1253,1,16,nan
8916,160.655,0,0,0,0,0,910,1,16,nan
8917,158.136,0,0,0,0,0,920,1,16,nan
8918,156.488,0,0,0,0,0,831,1,16,nan
8919,159.68199999999999,0,0,0,0,0,889,1,16,nan
8920,185.523,0,0,0,0,0,1237,1,16,nan
8921,147.81999999999999,0,0,0,0,0,770,1,16,nan
8922,168.32499999999999,0,0,0,0,0,1059,1,16,nan
8923,176.476,0,0,0,0,0,1097,1,16,nan
8924,150.16999999999999,0,0,0,0,0,754,1,16,nan
8925,189.124,0,0,0,0,0,1205,1,16,nan
8926,165.27500000000001,0,0,0,0,0,973,1,16,nan
8927,178.14500000000001,0,0,0,0,0,1170,1,16,nan
8928,152.84999999999999,0,0,0,0,0,901,1,16,nan
8929,176.09999999999999,0,0,0,0,0,1213,1,16,nan
8930,176.30199999999999,0,0,0,0,0,1090,1,16,nan
8931,169.059,0,0,0,0,0,1015,1,16,nan
8932,175.64400000000001,0,0,0,0,0,1165,1,16,nan
8933,161.52000000000001,0,0,0,0,0,947,1,16,nan
8934,165.31200000000001,0,0,0,0,0,1037,1,16,nan
8935,165.15299999999999,0,0,0,0,0,1036,1,16,nan
8936,142.376,0,0,0,0,0,639,1,16,nan
8937,158.62700000000001,0,0,0,0,0,890,1,16,nan
8938,192.02099999999999,0,0,0,0,0,1301,1,16,nan
8939,184.57499999999999,0,0,0,0,0,1304,1,16,nan
8940,140.702,0,0,0,0,0,705,1,16,nan
8941,176.29599999999999,0,0,0,0,0,1120,1,16,nan
8942,177.249,0,0,0,0,0,1122,1,16,nan
8943,190.11500000000001,0,0,0,0,0,1337,1,16,nan
8944,131.47499999999999,0,0,0,0,0,540,1,16,nan
8945,184.84200000000001,0,0,0,0,0,1251,1,16,nan
8946,178.339,0,0,0,0,0,1185,1,16,nan
8947,176.767,0,0,0,0,0,1102,1,16,nan
8948,162.25999999999999,0,0,0,0,0,906,1,16,nan
8949,174.70400000000001,0,0,0,0,0,1024,1,16,nan
8950,170.31700000000001,0,0,0,0,0,1158,1,16,nan
8951,163.29499999999999,0,0,0,0,0,1018,1,16,nan
8952,188.922,0,0,0,0,0,1292,1,16,nan
8953,167.90199999999999,0,0,0,0,0,1061,1,16,nan
8954,197.441,0,0,0,0,0,1345,1,16,nan
8955,181.953,0,0,0,0,0,1242,1,16,nan
8956,193.31100000000001,0,0,0,0,0,1095,1,16,nan
8957,174.715,0,0,0,0,0,1107,1,16,nan
8958,184.66800000000001,0,0,0,0,0,1127,1,16,nan
8959,185.20699999999999,0,0,0,0,0,1130,1,16,nan
8960,131.22999999999999,0,0,0,0,0,494,1,16,nan
8961,181.80699999999999,0,0,0,0,0,1240,1,16,nan
8962,237.167,0,0,0,0,0,1613,1,16,nan
8963,189.94200000000001,0,0,0,0,0,1276,1,16,nan
8964,167.995,0,0,0,0,0,1073,1,16,nan
8965,198.56700000000001,0,0,0,0,0,1107,1,16,nan
8966,172.16399999999999,0,0,0,0,0,1022,1,16,nan
8967,187.036,0,0,0,0,0,1152,1,16,nan
8968,204.02099999999999,0,0,0,0,0,1298,1,16,nan
8969,181.44999999999999,0,0,0,0,0,1175,1,16,nan
8970,222.48599999999999,0,0,0,0,0,1154,1,16,nan
8971,183.018,0,0,0,0,0,1084,1,16,nan
8972,146.73099999999999,0,0,0,0,0,832,1,16,nan
8973,173.708,0,0,0,0,0,1136,1,16,nan
8974,169.71199999999999,0,0,0,0,0,1012,1,16,nan
8975,161.36600000000001,0,0,0,0,0,972,1,16,nan
8976,191.40000000000001,0,0,0,0,0,1147,1,16,nan
8977,162.51900000000001,0,0,0,0,0,914,1,16,nan
8978,201.203,0,0,0,0,0,1274,1,16,nan
8979,181.589,0,0,0,0,0,1079,1,16,nan
8980,185.81700000000001,0,0,0,0,0,1151,1,16,nan
8981,175.93100000000001,0,0,0,0,0,1118,1,16,nan
8982,179.71799999999999,0,0,0,0,0,1002,1,16,nan
8983,169.179,0,0,0,0,0,1095,1,16,nan
8984,190.91999999999999,0,0,0,0,0,1281,1,16,nan
8985,142.28,0,0,0,0,0,769,1,16,nan
8986,179.548,0,0,0,0,0,1203,1,16,nan
8987,172.363,0,0,0,0,0,1118,1,16,nan
8988,145.41300000000001,0,0,0,0,0,774,1,16,nan
8989,176.48599999999999,0,0,0,0,0,1067,1,16,nan
8990,129.428,0,0,0,0,0,514,1,16,nan
8991,193.03899999999999,0,0,0,0,0,1336,1,16,nan
8992,185.54300000000001,0,0,0,0,0,1213,1,16,nan
8993,184.226,0,0,0,0,0,1236,1,16,nan
8994,172.76400000000001,0,0,0,0,0,1130,1,16,nan
8995,162.917,0,0,0,0,0,967,1,16,nan
8996,192.90199999999999,0,0,0,0,0,1285,1,16,nan
8997,176.47399999999999,0,0,0,0,0,1118,1,16,nan
8998,154.29400000000001,0,0,0,0,0,815,1,16,nan
8999,188.80500000000001,0,0,0,0,0,1258,1,16,nan
9000,164.54900000000001,0,0,0,0,0,1004,1,16,nan
9001,179.47300000000001,0,0,0,0,0,1146,1,16,nan
9002,172.04900000000001,0,0,0,0,0,1135,1,16,nan
9003,175.881,0,0,0,0,0,1088,1,16,nan
9004,186.03299999999999,0,0,0,0,0,1203,1,16,nan
9005,166.22800000000001,0,0,0,0,0,1079,1,16,nan
9006,165.98599999999999,0,0,0,0,0,1064,1,16,nan
9007,201.63499999999999,0,0,0,0,0,1437,1,16,nan
9008,169.93799999999999,0,0,0,0,0,1059,1,16,nan
9009,137.56399999999999,0,0,0,0,0,609,1,16,nan
9010,169.34100000000001,0,0,0,0,0,1025,1,16,nan
9011,181.602,0,0,0,0,0,1187,1,16,nan
9012,178.99100000000001,0,0,0,0,0,1182,1,16,nan
9013,149.911,0,0,0,0,0,741,1,16,nan
9014,164.81700000000001,0,0,0,0,0,992,1,16,nan
9015,168.565,0,0,0,0,0,1122,1,16,nan
9016,168.785,0,0,0,0,0,1008,1,16,nan
9017,180.75800000000001,0,0,0,0,0,1195,1,16,nan
9018,181.72,0,0,0,0,0,1211,1,16,nan
9019,158.685,0,0,0,0,0,908,1,16,nan
9020,172.387,0,0,0,0,0,1104,1,16,nan
9021,184.45699999999999,0,0,0,0,0,1251,1,16,nan
9022,174.649,0,0,0,0,0,1024,1,16,nan
9023,158.91200000000001,0,0,0,0,0,921,1,16,nan
9024,190.51499999999999,0,0,0,0,0,1292,1,16,nan
9025,176.983,0,0,0,0,0,1094,1,16,nan
9026,141.70099999999999,0,0,0,0,0,761,1,16,nan
9027,176.85599999999999,0,0,0,0,0,1153,1,16,nan
9028,175.005,0,0,0,0,0,1115,1,16,nan
9029,179.66300000000001,0,0,0,0,0,1241,1,16,nan
9030,188.214,0,0,0,0,0,1222,1,16,nan
9031,154.28700000000001,0,0,0,0,0,891,1,16,nan
9032,137.75999999999999,0,0,0,0,0,672,1,16,nan
9033,152.691,0,0,0,0,0,837,1,16,nan
9034,167.029,0,0,0,0,0,967,1,16,nan
9035,168.31700000000001,0,0,0,0,0,1079,1,16,nan
9036,186.15100000000001,0,0,0,0,0,1279,1,16,nan
9037,157.602,0,0,0,0,0,885,1,16,nan
9038,171.142,0,0,0,0,0,1034,1,16,nan
9039,180.916,0,0,0,0,0,1145,1,16,nan
9040,138.21899999999999,0,0,0,0,0,575,1,16,nan
9041,163.154,0,0,0,0,0,934,1,16,nan
9042,170.751,0,0,0,0,0,1105,1,16,nan
9043,188.78700000000001,0,0,0,0,0,1255,1,16,nan
9044,187.16900000000001,0,0,0,0,0,1260,1,16,nan
9045,192.04300000000001,0,0,0,0,0,1231,1,16,nan
9046,171.446,0,0,0,0,0,1055,1,16,nan
9047,153.28200000000001,0,0,0,0,0,844,1,16,nan
9048,187.74299999999999,0,0,0,0,0,1292,1,16,nan
9049,173.566,0,0,0,0,0,1160,1,16,nan
9050,181.76499999999999,0,0,0,0,0,1126,1,16,nan
9051,151.97999999999999,0,0,0,0,0,828,1,16,nan
9052,187.19200000000001,0,0,0,0,0,1195,1,16,nan
9053,157.99700000000001,0,0,0,0,0,937,1,16,nan
9054,167.09800000000001,0,0,0,0,0,1024,1,16,nan
9055,214.25700000000001,0,0,0,0,0,1129,1,16,nan
9056,183.95699999999999,0,0,0,0,0,1218,1,16,nan
9057,170.11600000000001,0,0,0,0,0,1031,1,16,nan
9058,195.61699999999999,0,0,0,0,0,1316,1,16,nan
9059,186.03899999999999,0,0,0,0,0,1276,1,16,nan
9060,181.87200000000001,0,0,0,0,0,1245,1,16,nan
9061,176.536,0,0,0,0,0,1141,1,16,nan
9062,188.364,0,0,0,0,0,1254,1,16,nan
9063,177.45500000000001,0,0,0,0,0,1170,1,16,nan
9064,155.67599999999999,0,0,0,0,0,899,1,16,nan
9065,145.69499999999999,0,0,0,0,0,771,1,16,nan
9066,168.744,0,0,0,0,0,1090,1,16,nan
9067,184.226,0,0,0,0,0,1192,1,16,nan
9068,161.95500000000001,0,0,0,0,0,902,1,16,nan
9069,168.28,0,0,0,0,0,969,1,16,nan
9070,178.09399999999999,0,0,0,0,0,1161,1,16,nan
9071,173.655,0,0,0,0,0,1157,1,16,nan
9072,159.86199999999999,0,0,0,0,0,1027,1,16,nan
9073,162.523,0,0,0,0,0,934,1,16,nan
9074,155.02199999999999,0,0,0,0,0,800,1,16,nan
9075,173.69499999999999,0,0,0,0,0,1113,1,16,nan
9076,172.21000000000001,0,0,0,0,0,1101,1,16,nan
9077,153.54499999999999,0,0,0,0,0,813,1,16,nan
9078,154.62899999999999,0,0,0,0,0,820,1,16,nan
9079,151.245,0,0,0,0,0,838,1,16,nan
9080,174.892,0,0,0,0,0,1078,1,16,nan
9081,177.59100000000001,0,0,0,0,0,1158,1,16,nan
9082,191.59899999999999,0,0,0,0,0,1282,1,16,nan
9083,170.80699999999999,0,0,0,0,0,1077,1,16,nan
9084,140.42699999999999,0,0,0,0,0,626,1,16,nan
9085,132.203,0,0,0,0,0,572,1,16,nan
9086,138.89599999999999,0,0,0,0,0,708,1,16,nan
9087,189.53,0,0,0,0,0,1053,1,16,nan
9088,164.55000000000001,0,0,0,0,0,654,1,16,nan
9089,171.387,0,0,0,0,0,913,1,16,nan
9090,186.411,0,0,0,0,0,1204,1,16,nan
9091,181.697,0,0,0,0,0,1053,1,16,nan
9092,193.78999999999999,0,0,0,0,0,1180,1,16,nan
9093,186.256,0,0,0,0,0,1124,1,16,nan
9094,186.17400000000001,0,0,0,0,0,1159,1,16,nan
9095,134.089,0,0,0,0,0,613,1,16,nan
9096,176.102,0,0,0,0,0,1004,1,16,nan
9097,180.27699999999999,0,0,0,0,0,970,1,16,nan
9098,190.86099999999999,0,0,0,0,0,1074,1,16,nan
9099,169.71899999999999,0,0,0,0,0,1069,1,16,nan
9100,177.12700000000001,0,0,0,0,0,1118,1,16,nan
9101,181.511,0,0,0,0,0,1232,1,16,nan
9102,183.78800000000001,0,0,0,0,0,1227,1,16,nan
9103,174.45099999999999,0,0,0,0,0,1086,1,16,nan
9104,138.63399999999999,0,0,0,0,0,578,1,16,nan
9105,171.63,0,0,0,0,0,1123,1,16,nan
9106,150.91800000000001,0,0,0,0,0,810,1,16,nan
9107,192.81700000000001,0,0,0,0,0,1304,1,16,nan
9108,190.83000000000001,0,0,0,0,0,1308,1,16,nan
9109,210.66499999999999,0,0,0,0,0,1293,1,16,nan
9110,204.53700000000001,0,0,0,0,0,1264,1,16,nan
9111,200.26900000000001,0,0,0,0,0,1371,1,16,nan
9112,174.04599999999999,0,0,0,0,0,1071,1,16,nan
9113,169.87200000000001,0,0,0,0,0,1116,1,16,nan
9114,166.54900000000001,0,0,0,0,0,1045,1,16,nan
9115,195.76900000000001,0,0,0,0,0,1094,1,16,nan
9116,207.14599999999999,0,0,0,0,0,1293,1,16,nan
9117,168.637,0,0,0,0,0,1116,1,16,nan
9118,166.11000000000001,0,0,0,0,0,1025,1,16,nan
9119,123.68000000000001,0,0,0,0,0,474,1,16,nan
9120,200.34100000000001,0,0,0,0,0,1386,1,16,nan
9121,168.822,0,0,0,0,0,1113,1,16,nan
9122,172.65100000000001,0,0,0,0,0,1073,1,16,nan
9123,163.06899999999999,0,0,0,0,0,973,1,16,nan
9124,185.23699999999999,0,0,0,0,0,1295,1,16,nan
9125,169.691,0,0,0,0,0,1110,1,16,nan
9126,163.80000000000001,0,0,0,0,0,919,1,16,nan
9127,162.761,0,0,0,0,0,958,1,16,nan
9128,218.26400000000001,0,0,0,0,0,1562,1,16,nan
9129,180.262,0,0,0,0,0,1204,1,16,nan
9130,184.85599999999999,0,0,0,0,0,1216,1,16,nan
9131,152.86199999999999,0,0,0,0,0,852,1,16,nan
9132,163.387,0,0,0,0,0,860,1,16,nan
9133,166.67500000000001,0,0,0,0,0,938,1,16,nan
9134,160.18899999999999,0,0,0,0,0,934,1,16,nan
9135,182.548,0,0,0,0,0,1195,1,16,nan
9136,163.09,0,0,0,0,0,1012,1,16,nan
9137,186.79400000000001,0,0,0,0,0,1222,1,16,nan
9138,170.60300000000001,0,0,0,0,0,1156,1,16,nan
9139,197.83000000000001,0,0,0,0,0,1044,1,16,nan
9140,185.94499999999999,0,0,0,0,0,1251,1,16,nan
9141,133.22300000000001,0,0,0,0,0,563,1,16,nan
9142,147.70099999999999,0,0,0,0,0,800,1,16,nan
9143,190.333,0,0,0,0,0,1284,1,16,nan
9144,169.47200000000001,0,0,0,0,0,1096,1,16,nan
9145,186.08199999999999,0,0,0,0,0,1205,1,16,nan
9146,161.303,0,0,0,0,0,934,1,16,nan
9147,178.21100000000001,0,0,0,0,0,1149,1,16,nan
9148,206.50999999999999,0,0,0,0,0,1403,1,16,nan
9149,199.62100000000001,0,0,0,0,0,1308,1,16,nan
9150,136.535,0,0,0,0,0,580,1,16,nan
9151,149.67699999999999,0,0,0,0,0,755,1,16,nan
9152,184.98099999999999,0,0,0,0,0,1111,1,16,nan
9153,168.577,0,0,0,0,0,1018,1,16,nan
9154,136.46899999999999,0,0,0,0,0,537,1,16,nan
9155,199.28200000000001,0,0,0,0,0,1252,1,16,nan
9156,142.70599999999999,0,0,0,0,0,585,1,16,nan
9157,115.779,0,0,0,0,0,464,1,16,nan
9158,177.91900000000001,0,0,0,0,0,1207,1,16,nan
9159,156.631,0,0,0,0,0,874,1,16,nan
9160,163.07900000000001,0,0,0,0,0,931,1,16,nan
9161,188.785,0,0,0,0,0,1257,1,16,nan
9162,134.67400000000001,0,0,0,0,0,603,1,16,nan
9163,169.50800000000001,0,0,0,0,0,1028,1,16,nan
9164,183.38300000000001,0,0,0,0,0,1265,1,16,nan
9165,173.62700000000001,0,0,0,0,0,1164,1,16,nan
9166,188.33199999999999,0,0,0,0,0,1253,1,16,nan
9167,155.245,0,0,0,0,0,810,1,16,nan
9168,182.28800000000001,0,0,0,0,0,1133,1,16,nan
9169,164.16399999999999,0,0,0,0,0,994,1,16,nan
9170,176.68799999999999,0,0,0,0,0,1180,1,16,nan
9171,160.989,0,0,0,0,0,930,1,16,nan
9172,165.357,0,0,0,0,0,1034,1,16,nan
9173,194.511,0,0,0,0,0,1355,1,16,nan
9174,154.91300000000001,0,0,0,0,0,971,1,16,nan
9175,170.399,0,0,0,0,0,1025,1,16,nan
9176,168.44200000000001,0,0,0,0,0,972,1,16,nan
9177,123.73999999999999,0,0,0,0,0,493,1,16,nan
9178,170.44399999999999,0,0,0,0,0,1070,1,16,nan
9179,186.33000000000001,0,0,0,0,0,1220,1,16,nan
9180,169.19999999999999,0,0,0,0,0,982,1,16,nan
9181,166.386,0,0,0,0,0,1096,1,16,nan
9182,160.97800000000001,0,0,0,0,0,997,1,16,nan
9183,193.66499999999999,0,0,0,0,0,1381,1,16,nan
9184,147.53100000000001,0,0,0,0,0,726,1,16,nan
9185,135.684,0,0,0,0,0,538,1,16,nan
9186,138.392,0,0,0,0,0,702,1,16,nan
9187,171.66800000000001,0,0,0,0,0,1028,1,16,nan
9188,173.64500000000001,0,0,0,0,0,1046,1,16,nan
9189,170.709,0,0,0,0,0,1123,1,16,nan
9190,180.46799999999999,0,0,0,0,0,1221,1,16,nan
9191,162.494,0,0,0,0,0,951,1,16,nan
9192,174.81800000000001,0,0,0,0,0,1159,1,16,nan
9193,172.13800000000001,0,0,0,0,0,1141,1,16,nan
9194,215.74799999999999,0,0,0,0,0,1362,1,16,nan
9195,201.06,0,0,0,0,0,1065,1,16,nan
9196,182.13,0,0,0,0,0,977,1,16,nan
9197,221.02699999999999,0,0,0,0,0,1295,1,16,nan
9198,194.785,0,0,0,0,0,1064,1,16,nan
9199,166.98599999999999,0,0,0,0,0,903,1,16,nan
9200,165.46199999999999,0,0,0,0,0,797,1,16,nan
9201,179.53299999999999,0,0,0,0,0,1187,1,16,nan
9202,162.88399999999999,0,0,0,0,0,937,1,16,nan
9203,162.94399999999999,0,0,0,0,0,1001,1,16,nan
9204,165.48400000000001,0,0,0,0,0,1018,1,16,nan
9205,169.38800000000001,0,0,0,0,0,1043,1,16,nan
9206,178.636,0,0,0,0,0,1182,1,16,nan
9207,182.03800000000001,0,0,0,0,0,1062,1,16,nan
9208,137.11099999999999,0,0,0,0,0,625,1,16,nan
9209,149.084,0,0,0,0,0,837,1,16,nan
9210,165.62100000000001,0,0,0,0,0,982,1,16,nan
9211,169.91900000000001,0,0,0,0,0,1068,1,16,nan
9212,192.066,0,0,0,0,0,1154,1,16,nan
9213,196.17500000000001,0,0,0,0,0,1259,1,16,nan
9214,171.614,0,0,0,0,0,1097,1,16,nan
9215,154.99299999999999,0,0,0,0,0,909,1,16,nan
9216,215.06,0,0,0,0,0,1336,1,16,nan
9217,140.44800000000001,0,0,0,0,0,690,1,16,nan
9218,170.90899999999999,0,0,0,0,0,1034,1,16,nan
9219,147.315,0,0,0,0,0,775,1,16,nan
9220,168.58099999999999,0,0,0,0,0,1120,1,16,nan
9221,190.50899999999999,0,0,0,0,0,1291,1,16,nan
9222,194.71799999999999,0,0,0,0,0,1412,1,16,nan
9223,180.691,0,0,0,0,0,1267,1,16,nan
9224,206.55099999999999,0,0,0,0,0,1166,1,16,nan
9225,138.34399999999999,0,0,0,0,0,651,1,16,nan
9226,206.55600000000001,0,0,0,0,0,1096,1,16,nan
9227,183.161,0,0,0,0,0,1256,1,16,nan
9228,127.88500000000001,0,0,0,0,0,559,1,16,nan
9229,195.93000000000001,0,0,0,0,0,1320,1,16,nan
9230,168.66399999999999,0,0,0,0,0,1054,1,16,nan
9231,156.55699999999999,0,0,0,0,0,914,1,16,nan
9232,169.43299999999999,0,0,0,0,0,1019,1,16,nan
9233,169.25200000000001,0,0,0,0,0,1050,1,16,nan
9234,166.81399999999999,0,0,0,0,0,980,1,16,nan
9235,172.428,0,0,0,0,0,1133,1,16,nan
9236,147.13300000000001,0,0,0,0,0,764,1,16,nan
9237,122.16200000000001,0,0,0,0,0,414,1,16,nan
9238,141.25999999999999,0,0,0,0,0,704,1,16,nan
9239,172.50299999999999,0,0,0,0,0,1116,1,16,nan
9240,171.22800000000001,0,0,0,0,0,1153,1,16,nan
9241,186.37299999999999,0,0,0,0,0,1165,1,16,nan
9242,172.62299999999999,0,0,0,0,0,1102,1,16,nan
9243,175.55199999999999,0,0,0,0,0,1054,1,16,nan
9244,182.238,0,0,0,0,0,1141,1,16,nan
9245,181.428,0,0,0,0,0,1222,1,16,nan
9246,184.53999999999999,0,0,0,0,0,1215,1,16,nan
9247,178.55799999999999,0,0,0,0,0,1173,1,16,nan
9248,115.02200000000001,0,0,0,0,0,393,1,16,nan
9249,185.685,0,0,0,0,0,1178,1,16,nan
9250,185.35499999999999,0,0,0,0,0,1280,1,16,nan
9251,190.04900000000001,0,0,0,0,0,1279,1,16,nan
9252,186.501,0,0,0,0,0,1198,1,16,nan
9253,155.75999999999999,0,0,0,0,0,886,1,16,nan
9254,170.946,0,0,0,0,0,988,1,16,nan
9255,184.315,0,0,0,0,0,1207,1,16,nan
9256,161.196,0,0,0,0,0,985,1,16,nan
9257,140.26599999999999,0,0,0,0,0,688,1,16,nan
9258,149.709,0,0,0,0,0,806,1,16,nan
9259,142.97,0,0,0,0,0,738,1,16,nan
9260,151.72999999999999,0,0,0,0,0,807,1,16,nan
9261,171.64400000000001,0,0,0,0,0,1093,1,16,nan
9262,175.53200000000001,0,0,0,0,0,959,1,16,nan
9263,128.66999999999999,0,0,0,0,0,527,1,16,nan
9264,173.76499999999999,0,0,0,0,0,1073,1,16,nan
9265,162.13900000000001,0,0,0,0,0,1116,1,16,nan
9266,142.10499999999999,0,0,0,0,0,761,1,16,nan
9267,188.78200000000001,0,0,0,0,0,1226,1,16,nan
9268,180.28100000000001,0,0,0,0,0,1196,1,16,nan
9269,182.31299999999999,0,0,0,0,0,1229,1,16,nan
9270,167.61500000000001,0,0,0,0,0,1062,1,16,nan
9271,171.078,0,0,0,0,0,1102,1,16,nan
9272,154.26900000000001,0,0,0,0,0,800,1,16,nan
9273,205.91300000000001,0,0,0,0,0,1203,1,16,nan
9274,176.62200000000001,0,0,0,0,0,973,1,16,nan
9275,174.09,0,0,0,0,0,1104,1,16,nan
9276,177.27199999999999,0,0,0,0,0,1163,1,16,nan
9277,142.422,0,0,0,0,0,697,1,16,nan
9278,182.738,0,0,0,0,0,1162,1,16,nan
9279,171.84100000000001,0,0,0,0,0,1043,1,16,nan
9280,120.56999999999999,0,0,0,0,0,420,1,16,nan
9281,182.59800000000001,0,0,0,0,0,1173,1,16,nan
9282,131.54499999999999,0,0,0,0,0,397,1,16,nan
9283,176.571,0,0,0,0,0,1093,1,16,nan
9284,207.20400000000001,0,0,0,0,0,1242,1,16,nan
9285,115.907,0,0,0,0,0,283,1,16,nan
9286,153.99799999999999,0,0,0,0,0,701,1,16,nan
9287,151.864,0,0,0,0,0,775,1,16,nan
9288,159.881,0,0,0,0,0,849,1,16,nan
9289,175.70500000000001,0,0,0,0,0,1059,1,16,nan
9290,181.71100000000001,0,0,0,0,0,1092,1,16,nan
9291,200.94999999999999,0,0,0,0,0,1205,1,16,nan
9292,205.00700000000001,0,0,0,0,0,1285,1,16,nan
9293,180.49199999999999,0,0,0,0,0,1203,1,16,nan
9294,147.17699999999999,0,0,0,0,0,727,1,16,nan
9295,183.827,0,0,0,0,0,1148,1,16,nan
9296,168.078,0,0,0,0,0,990,1,16,nan
9297,170.44200000000001,0,0,0,0,0,1005,1,16,nan
9298,179.715,0,0,0,0,0,1233,1,16,nan
9299,165.18899999999999,0,0,0,0,0,951,1,16,nan
9300,119.898,0,0,0,0,0,434,1,16,nan
9301,162.89400000000001,0,0,0,0,0,1047,1,16,nan
9302,175.584,0,0,0,0,0,1106,1,16,nan
9303,201.036,0,0,0,0,0,1110,1,16,nan
9304,198.54499999999999,0,0,0,0,0,1241,1,16,nan
9305,155.58500000000001,0,0,0,0,0,681,1,16,nan
9306,184.87899999999999,0,0,0,0,0,956,1,16,nan
9307,191.40700000000001,0,0,0,0,0,1336,1,16,nan
9308,147.39699999999999,0,0,0,0,0,506,1,16,nan
9309,165.68299999999999,0,0,0,0,0,518,1,16,nan
9310,162.232,0,0,0,0,0,817,1,16,nan
9311,140.495,0,0,0,0,0,584,1,16,nan
9312,195.65299999999999,0,0,0,0,0,1170,1,16,nan
9313,183.56700000000001,0,0,0,0,0,1238,1,16,nan
9314,155.72200000000001,0,0,0,0,0,828,1,16,nan
9315,165.02000000000001,0,0,0,0,0,996,1,16,nan
9316,163.297,0,0,0,0,0,946,1,16,nan
9317,146.77699999999999,0,0,0,0,0,731,1,16,nan
9318,171.31399999999999,0,0,0,0,0,1017,1,16,nan
9319,176.82900000000001,0,0,0,0,0,1208,1,16,nan
9320,145.369,0,0,0,0,0,693,1,16,nan
9321,136.559,0,0,0,0,0,595,1,16,nan
9322,179.005,0,0,0,0,0,1137,1,16,nan
9323,165.048,0,0,0,0,0,1025,1,16,nan
9324,165.285,0,0,0,0,0,1054,1,16,nan
9325,182.22900000000001,0,0,0,0,0,1192,1,16,nan
9326,158.51300000000001,0,0,0,0,0,914,1,16,nan
9327,180.43199999999999,0,0,0,0,0,1151,1,16,nan
9328,169.72999999999999,0,0,0,0,0,1051,1,16,nan
9329,171.50200000000001,0,0,0,0,0,1090,1,16,nan
9330,136.45699999999999,0,0,0,0,0,632,1,16,nan
9331,185.65799999999999,0,0,0,0,0,1192,1,16,nan
9332,133.59800000000001,0,0,0,0,0,541,1,16,nan
9333,145.678,0,0,0,0,0,685,1,16,nan
9334,183.93100000000001,0,0,0,0,0,1206,1,16,nan
9335,172.97900000000001,0,0,0,0,0,1113,1,16,nan
9336,202.863,0,0,0,0,0,1093,1,16,nan
9337,192.63800000000001,0,0,0,0,0,878,1,16,nan
9338,205.61500000000001,0,0,0,0,0,1068,1,16,nan
9339,212.77600000000001,0,0,0,0,0,1307,1,16,nan
9340,189.745,0,0,0,0,0,1087,1,16,nan
9341,138.66800000000001,0,0,0,0,0,647,1,16,nan
9342,177.886,0,0,0,0,0,1075,1,16,nan
9343,189.19999999999999,0,0,0,0,0,1047,1,16,nan
9344,168.97800000000001,0,0,0,0,0,764,1,16,nan
9345,161.83500000000001,0,0,0,0,0,963,1,16,nan
9346,169.864,0,0,0,0,0,982,1,16,nan
9347,187.34200000000001,0,0,0,0,0,1251,1,16,nan
9348,187.38900000000001,0,0,0,0,0,1232,1,16,nan
9349,137.35599999999999,0,0,0,0,0,569,1,16,nan
9350,149.19200000000001,0,0,0,0,0,724,1,16,nan
9351,201.46000000000001,0,0,0,0,0,1226,1,16,nan
9352,163.37100000000001,0,0,0,0,0,969,1,16,nan
9353,170.55600000000001,0,0,0,0,0,1146,1,16,nan
9354,170.32400000000001,0,0,0,0,0,1103,1,16,nan
9355,175.90000000000001,0,0,0,0,0,1099,1,16,nan
9356,178.768,0,0,0,0,0,1128,1,16,nan
9357,172.49100000000001,0,0,0,0,0,1130,1,16,nan
9358,166.65000000000001,0,0,0,0,0,987,1,16,nan
9359,138.535,0,0,0,0,0,659,1,16,nan
9360,145.41,0,0,0,0,0,725,1,16,nan
9361,174.745,0,0,0,0,0,1104,1,16,nan
9362,193.81200000000001,0,0,0,0,0,1268,1,16,nan
9363,170.38499999999999,0,0,0,0,0,1050,1,16,nan
9364,165.63399999999999,0,0,0,0,0,931,1,16,nan
9365,179.239,0,0,0,0,0,1187,1,16,nan
9366,145.733,0,0,0,0,0,693,1,16,nan
9367,158.78999999999999,0,0,0,0,0,898,1,16,nan
9368,166.97800000000001,0,0,0,0,0,1027,1,16,nan
9369,187.64599999999999,0,0,0,0,0,1336,1,16,nan
9370,145.85300000000001,0,0,0,0,0,799,1,16,nan
9371,143.71799999999999,0,0,0,0,0,746,1,16,nan
9372,180.61199999999999,0,0,0,0,0,1152,1,16,nan
9373,180.08699999999999,0,0,0,0,0,1148,1,16,nan
9374,203.971,0,0,0,0,0,1397,1,16,nan
9375,195.84399999999999,0,0,0,0,0,1358,1,16,nan
9376,155.821,0,0,0,0,0,893,1,16,nan
9377,141.261,0,0,0,0,0,769,1,16,nan
9378,169.41,0,0,0,0,0,1110,1,16,nan
9379,175.75899999999999,0,0,0,0,0,1129,1,16,nan
9380,172.91800000000001,0,0,0,0,0,1172,1,16,nan
9381,164.58699999999999,0,0,0,0,0,983,1,16,nan
9382,163.08699999999999,0,0,0,0,0,921,1,16,nan
9383,180.94300000000001,0,0,0,0,0,1162,1,16,nan
9384,179.55199999999999,0,0,0,0,0,1175,1,16,nan
9385,155.96100000000001,0,0,0,0,0,851,1,16,nan
9386,139.95400000000001,0,0,0,0,0,642,1,16,nan
9387,165.50899999999999,0,0,0,0,0,1020,1,16,nan
9388,128.363,0,0,0,0,0,584,1,16,nan
9389,157.53399999999999,0,0,0,0,0,929,1,16,nan
9390,187.28,0,0,0,0,0,1275,1,16,nan
9391,147.52600000000001,0,0,0,0,0,804,1,16,nan
9392,188.63800000000001,0,0,0,0,0,1261,1,16,nan
9393,195.31899999999999,0,0,0,0,0,1019,1,16,nan
9394,180.892,0,0,0,0,0,1195,1,16,nan
9395,159.96799999999999,0,0,0,0,0,920,1,16,nan
9396,171.54400000000001,0,0,0,0,0,1149,1,16,nan
9397,184.66200000000001,0,0,0,0,0,1205,1,16,nan
9398,195.702,0,0,0,0,0,1378,1,16,nan
9399,156.035,0,0,0,0,0,881,1,16,nan
9400,194.685,0,0,0,0,0,1277,1,16,nan
9401,165.62799999999999,0,0,0,0,0,1053,1,16,nan
9402,170.58600000000001,0,0,0,0,0,1088,1,16,nan
9403,149.518,0,0,0,0,0,744,1,16,nan
9404,172.68799999999999,0,0,0,0,0,1024,1,16,nan
9405,175.23099999999999,0,0,0,0,0,1074,1,16,nan
9406,170.572,0,0,0,0,0,1121,1,16,nan
9407,141.249,0,0,0,0,0,763,1,16,nan
9408,122.027,0,0,0,0,0,476,1,16,nan
9409,181.08799999999999,0,0,0,0,0,1116,1,16,nan
9410,177.751,0,0,0,0,0,1078,1,16,nan
9411,170.667,0,0,0,0,0,1110,1,16,nan
9412,159.24199999999999,0,0,0,0,0,964,1,16,nan
9413,171.649,0,0,0,0,0,1204,1,16,nan
9414,165.94499999999999,0,0,0,0,0,1025,1,16,nan
9415,202.947,0,0,0,0,0,1399,1,16,nan
9416,179.893,0,0,0,0,0,1232,1,16,nan
9417,155.11600000000001,0,0,0,0,0,848,1,16,nan
9418,171.53399999999999,0,0,0,0,0,1083,1,16,nan
9419,145.43799999999999,0,0,0,0,0,709,1,16,nan
9420,147.06800000000001,0,0,0,0,0,777,1,16,nan
9421,172.73599999999999,0,0,0,0,0,1008,1,16,nan
9422,115.477,0,0,0,0,0,400,1,16,nan
9423,180.74600000000001,0,0,0,0,0,1020,1,16,nan
9424,175.29900000000001,0,0,0,0,0,1104,1,16,nan
9425,146.96100000000001,0,0,0,0,0,735,1,16,nan
9426,176.95599999999999,0,0,0,0,0,1159,1,16,nan
9427,188.14400000000001,0,0,0,0,0,1177,1,16,nan
9428,181.99000000000001,0,0,0,0,0,1171,1,16,nan
9429,207.279,0,0,0,0,0,1133,1,16,nan
9430,163.80500000000001,0,0,0,0,0,742,1,16,nan
9431,171.727,0,0,0,0,0,911,1,16,nan
9432,192.98500000000001,0,0,0,0,0,1067,1,16,nan
9433,174.012,0,0,0,0,0,1009,1,16,nan
9434,182.59399999999999,0,0,0,0,0,1173,1,16,nan
9435,185.00399999999999,0,0,0,0,0,1247,1,16,nan
9436,159.54499999999999,0,0,0,0,0,1056,1,16,nan
9437,124.297,0,0,0,0,0,448,1,16,nan
9438,148.476,0,0,0,0,0,827,1,16,nan
9439,151.10599999999999,0,0,0,0,0,859,1,16,nan
9440,157.84100000000001,0,0,0,0,0,986,1,16,nan
9441,169.55000000000001,0,0,0,0,0,1097,1,16,nan
9442,162.91,0,0,0,0,0,927,1,16,nan
9443,176.22200000000001,0,0,0,0,0,1155,1,16,nan
9444,203.643,0,0,0,0,0,1396,1,16,nan
9445,161.77699999999999,0,0,0,0,0,931,1,16,nan
9446,161.32499999999999,0,0,0,0,0,1044,1,16,nan
9447,168.85400000000001,0,0,0,0,0,1051,1,16,nan
9448,156.69,0,0,0,0,0,887,1,16,nan
9449,168.19900000000001,0,0,0,0,0,995,1,16,nan
9450,159.316,0,0,0,0,0,848,1,16,nan
9451,155.35400000000001,0,0,0,0,0,862,1,16,nan
9452,172.91300000000001,0,0,0,0,0,1036,1,16,nan
9453,174.75200000000001,0,0,0,0,0,1079,1,16,nan
9454,151.667,0,0,0,0,0,837,1,16,nan
9455,186.62799999999999,0,0,0,0,0,1220,1,16,nan
9456,171.589,0,0,0,0,0,1035,1,16,nan
9457,188.464,0,0,0,0,0,1229,1,16,nan
9458,158.107,0,0,0,0,0,889,1,16,nan
9459,153.886,0,0,0,0,0,866,1,16,nan
9460,156.08699999999999,0,0,0,0,0,1025,1,16,nan
9461,192.03899999999999,0,0,0,0,0,1313,1,16,nan
9462,166.38800000000001,0,0,0,0,0,1009,1,16,nan
9463,171.619,0,0,0,0,0,1104,1,16,nan
9464,155.79599999999999,0,0,0,0,0,856,1,16,nan
9465,177.07900000000001,0,0,0,0,0,1116,1,16,nan
9466,184.72300000000001,0,0,0,0,0,1220,1,16,nan
9467,178.05500000000001,0,0,0,0,0,1158,1,16,nan
9468,190.08199999999999,0,0,0,0,0,1261,1,16,nan
9469,154.47300000000001,0,0,0,0,0,853,1,16,nan
9470,192.429,0,0,0,0,0,1259,1,16,nan
9471,170.767,0,0,0,0,0,1026,1,16,nan
9472,170.36699999999999,0,0,0,0,0,1036,1,16,nan
9473,187.71000000000001,0,0,0,0,0,1302,1,16,nan
9474,172.36099999999999,0,0,0,0,0,979,1,16,nan
9475,180.49600000000001,0,0,0,0,0,1181,1,16,nan
9476,166.53399999999999,0,0,0,0,0,1066,1,16,nan
9477,186.99600000000001,0,0,0,0,0,1254,1,16,nan
9478,185.84899999999999,0,0,0,0,0,638,1,16,nan
9479,227.376,0,0,0,0,0,1547,1,16,nan
9480,181.10400000000001,0,0,0,0,0,921,1,16,nan
9481,179.643,0,0,0,0,0,1146,1,16,nan
9482,174.80799999999999,0,0,0,0,0,1053,1,16,nan
9483,180.553,0,0,0,0,0,1155,1,16,nan
9484,203.01300000000001,0,0,0,0,0,1311,1,16,nan
9485,163.131,0,0,0,0,0,575,1,16,nan
9486,201.13300000000001,0,0,0,0,0,1097,1,16,nan
9487,201.31700000000001,0,0,0,0,0,973,1,16,nan
9488,208.05000000000001,0,0,0,0,0,1059,1,16,nan
9489,182.80699999999999,0,0,0,0,0,1146,1,16,nan
9490,165.04900000000001,0,0,0,0,0,1030,1,16,nan
9491,173.94,0,0,0,0,0,1050,1,16,nan
9492,180.39599999999999,0,0,0,0,0,1166,1,16,nan
9493,182.673,0,0,0,0,0,1167,1,16,nan
9494,177.66800000000001,0,0,0,0,0,1170,1,16,nan
9495,161.69499999999999,0,0,0,0,0,901,1,16,nan
9496,169.965,0,0,0,0,0,1052,1,16,nan
9497,164.16900000000001,0,0,0,0,0,1005,1,16,nan
9498,172.274,0,0,0,0,0,1066,1,16,nan
9499,171.124,0,0,0,0,0,1168,1,16,nan
9500,187.541,0,0,0,0,0,1302,1,16,nan
9501,121.27800000000001,0,0,0,0,0,409,1,16,nan
9502,181.03100000000001,0,0,0,0,0,1149,1,16,nan
9503,149.11199999999999,0,0,0,0,0,802,1,16,nan
9504,167.63800000000001,0,0,0,0,0,924,1,16,nan
9505,186.09700000000001,0,0,0,0,0,1005,1,16,nan
9506,166.506,0,0,0,0,0,883,1,16,nan
9507,181.185,0,0,0,0,0,1096,1,16,nan
9508,187.57599999999999,0,0,0,0,0,1248,1,16,nan
9509,174.44300000000001,0,0,0,0,0,1072,1,16,nan
9510,129.452,0,0,0,0,0,535,1,16,nan
9511,161.79900000000001,0,0,0,0,0,903,1,16,nan
9512,160.256,0,0,0,0,0,948,1,16,nan
9513,163.779,0,0,0,0,0,846,1,16,nan
9514,160.79300000000001,0,0,0,0,0,947,1,16,nan
9515,159.27799999999999,0,0,0,0,0,940,1,16,nan
9516,166.00200000000001,0,0,0,0,0,1013,1,16,nan
9517,175.52600000000001,0,0,0,0,0,1049,1,16,nan
9518,190.86199999999999,0,0,0,0,0,1321,1,16,nan
9519,143.131,0,0,0,0,0,719,1,16,nan
9520,173.04400000000001,0,0,0,0,0,1031,1,16,nan
9521,194.06299999999999,0,0,0,0,0,1298,1,16,nan
9522,173.905,0,0,0,0,0,1061,1,16,nan
9523,183.44999999999999,0,0,0,0,0,1203,1,16,nan
9524,209.07599999999999,0,0,0,0,0,1479,1,16,nan
9525,188.827,0,0,0,0,0,1243,1,16,nan
9526,156.06100000000001,0,0,0,0,0,885,1,16,nan
9527,155.65700000000001,0,0,0,0,0,928,1,16,nan
9528,192.78200000000001,0,0,0,0,0,1089,1,16,nan
9529,176.48500000000001,0,0,0,0,0,1077,1,16,nan
9530,142.995,0,0,0,0,0,680,1,16,nan
9531,189.54300000000001,0,0,0,0,0,1239,1,16,nan
9532,171.72200000000001,0,0,0,0,0,913,1,16,nan
9533,139.32400000000001,0,0,0,0,0,681,1,16,nan
9534,123.736,0,0,0,0,0,484,1,16,nan
9535,175.78299999999999,0,0,0,0,0,1122,1,16,nan
9536,191.178,0,0,0,0,0,927,1,16,nan
9537,221.328,0,0,0,0,0,1396,1,16,nan
9538,200.345,0,0,0,0,0,1333,1,16,nan
9539,133.88399999999999,0,0,0,0,0,556,1,16,nan
9540,182.76499999999999,0,0,0,0,0,1182,1,16,nan
9541,155.071,0,0,0,0,0,818,1,16,nan
9542,160.15799999999999,0,0,0,0,0,868,1,16,nan
9543,164.423,0,0,0,0,0,865,1,16,nan
9544,191.88800000000001,0,0,0,0,0,1211,1,16,nan
9545,175.61199999999999,0,0,0,0,0,1013,1,16,nan
9546,198.619,0,0,0,0,0,1160,1,16,nan
9547,192.15700000000001,0,0,0,0,0,1315,1,16,nan
9548,178.81399999999999,0,0,0,0,0,1120,1,16,nan
9549,149.60499999999999,0,0,0,0,0,765,1,16,nan
9550,181.16800000000001,0,0,0,0,0,1199,1,16,nan
9551,150.69900000000001,0,0,0,0,0,820,1,16,nan
9552,184.70500000000001,0,0,0,0,0,1185,1,16,nan
9553,125.94199999999999,0,0,0,0,0,522,1,16,nan
9554,161.44200000000001,0,0,0,0,0,919,1,16,nan
9555,133.88,0,0,0,0,0,495,1,16,nan
9556,201.05099999999999,0,0,0,0,0,1410,1,16,nan
9557,167.21700000000001,0,0,0,0,0,1002,1,16,nan
9558,170.595,0,0,0,0,0,1009,1,16,nan
9559,172.62100000000001,0,0,0,0,0,1080,1,16,nan
9560,173.44499999999999,0,0,0,0,0,1145,1,16,nan
9561,166.34,0,0,0,0,0,949,1,16,nan
9562,194.66999999999999,0,0,0,0,0,1122,1,16,nan
9563,215.607,0,0,0,0,0,991,1,16,nan
9564,152.911,0,0,0,0,0,675,1,16,nan
9565,209.92099999999999,0,0,0,0,0,1273,1,16,nan
9566,201.553,0,0,0,0,0,1284,1,16,nan
9567,193.62100000000001,0,0,0,0,0,1390,1,16,nan
9568,152.80099999999999,0,0,0,0,0,842,1,16,nan
9569,188.68000000000001,0,0,0,0,0,1278,1,16,nan
9570,196.80699999999999,0,0,0,0,0,1375,1,16,nan
9571,191.59899999999999,0,0,0,0,0,1135,1,16,nan
9572,134.899,0,0,0,0,0,555,1,16,nan
9573,175.09100000000001,0,0,0,0,0,1064,1,16,nan
9574,169.83199999999999,0,0,0,0,0,965,1,16,nan
9575,195.899,0,0,0,0,0,1316,1,16,nan
9576,138.249,0,0,0,0,0,632,1,16,nan
9577,192.58000000000001,0,0,0,0,0,1208,1,16,nan
9578,183.21799999999999,0,0,0,0,0,1154,1,16,nan
9579,139.428,0,0,0,0,0,650,1,16,nan
9580,150.84,0,0,0,0,0,793,1,16,nan
9581,183.91999999999999,0,0,0,0,0,1191,1,16,nan
9582,145.036,0,0,0,0,0,707,1,16,nan
9583,182.29400000000001,0,0,0,0,0,1077,1,16,nan
9584,190.73599999999999,0,0,0,0,0,1284,1,16,nan
9585,188.19300000000001,0,0,0,0,0,1043,1,16,nan
9586,132.28299999999999,0,0,0,0,0,548,1,16,nan
9587,179.244,0,0,0,0,0,1094,1,16,nan
9588,168.018,0,0,0,0,0,973,1,16,nan
9589,186.74100000000001,0,0,0,0,0,1223,1,16,nan
9590,173.00200000000001,0,0,0,0,0,1070,1,16,nan
9591,173.47300000000001,0,0,0,0,0,1040,1,16,nan
9592,176.322,0,0,0,0,0,969,1,16,nan
9593,172.31700000000001,0,0,0,0,0,1098,1,16,nan
9594,142.25800000000001,0,0,0,0,0,705,1,16,nan
9595,199.17500000000001,0,0,0,0,0,1354,1,16,nan
9596,178.31100000000001,0,0,0,0,0,1181,1,16,nan
9597,134.65600000000001,0,0,0,0,0,684,1,16,nan
9598,173.92599999999999,0,0,0,0,0,1053,1,16,nan
9599,164.136,0,0,0,0,0,1042,1,16,nan
9600,128.82599999999999,0,0,0,0,0,572,1,16,nan
9601,170.358,0,0,0,0,0,1040,1,16,nan
9602,152.68000000000001,0,0,0,0,0,822,1,16,nan
9603,155.84999999999999,0,0,0,0,0,929,1,16,nan
9604,179.50299999999999,0,0,0,0,0,1169,1,16,nan
9605,163.43700000000001,0,0,0,0,0,927,1,16,nan
9606,182.11099999999999,0,0,0,0,0,1116,1,16,nan
9607,180.15799999999999,0,0,0,0,0,1140,1,16,nan
9608,153.77500000000001,0,0,0,0,0,912,1,16,nan
9609,164.97399999999999,0,0,0,0,0,957,1,16,nan
9610,180.81899999999999,0,0,0,0,0,1195,1,16,nan
9611,172.18000000000001,0,0,0,0,0,1181,1,16,nan
9612,188.04900000000001,0,0,0,0,0,1275,1,16,nan
9613,183.79300000000001,0,0,0,0,0,1022,1,16,nan
9614,173.78,0,0,0,0,0,1128,1,16,nan
9615,169.541,0,0,0,0,0,1028,1,16,nan
9616,165.84299999999999,0,0,0,0,0,975,1,16,nan
9617,168.75899999999999,0,0,0,0,0,1075,1,16,nan
9618,178.18199999999999,0,0,0,0,0,1050,1,16,nan
9619,183.70599999999999,0,0,0,0,0,1209,1,16,nan
9620,185.315,0,0,0,0,0,1252,1,16,nan
9621,184.06,0,0,0,0,0,1255,1,16,nan
9622,160.24000000000001,0,0,0,0,0,922,1,16,nan
9623,136.68600000000001,0,0,0,0,0,621,1,16,nan
9624,192.684,0,0,0,0,0,1256,1,16,nan
9625,174.572,0,0,0,0,0,1133,1,16,nan
9626,156.113,0,0,0,0,0,874,1,16,nan
9627,180.751,0,0,0,0,0,1129,1,16,nan
9628,209.86799999999999,0,0,0,0,0,1167,1,16,nan
9629,165.81999999999999,0,0,0,0,0,836,1,16,nan
9630,187.34100000000001,0,0,0,0,0,988,1,16,nan
9631,177.24700000000001,0,0,0,0,0,821,1,16,nan
9632,166.929,0,0,0,0,0,882,1,16,nan
9633,184.358,0,0,0,0,0,1270,1,16,nan
9634,158.078,0,0,0,0,0,926,1,16,nan
9635,150.81200000000001,0,0,0,0,0,862,1,16,nan
9636,127.98999999999999,0,0,0,0,0,477,1,16,nan
9637,158.392,0,0,0,0,0,935,1,16,nan
9638,195.41300000000001,0,0,0,0,0,1314,1,16,nan
9639,183.23500000000001,0,0,0,0,0,1199,1,16,nan
9640,191.45500000000001,0,0,0,0,0,1299,1,16,nan
9641,174.62700000000001,0,0,0,0,0,1034,1,16,nan
9642,165.53,0,0,0,0,0,998,1,16,nan
9643,154.11099999999999,0,0,0,0,0,935,1,16,nan
9644,172.31200000000001,0,0,0,0,0,1066,1,16,nan
9645,182.84999999999999,0,0,0,0,0,1187,1,16,nan
9646,176.191,0,0,0,0,0,1151,1,16,nan
9647,149.54300000000001,0,0,0,0,0,447,1,16,nan
9648,164.55699999999999,0,0,0,0,0,930,1,16,nan
9649,137.577,0,0,0,0,0,659,1,16,nan
9650,160.24299999999999,0,0,0,0,0,965,1,16,nan
9651,173.81800000000001,0,0,0,0,0,1085,1,16,nan
9652,175.815,0,0,0,0,0,1162,1,16,nan
9653,185.81299999999999,0,0,0,0,0,1232,1,16,nan
9654,172.85900000000001,0,0,0,0,0,1095,1,16,nan
9655,173.072,0,0,0,0,0,1144,1,16,nan
9656,165.07499999999999,0,0,0,0,0,982,1,16,nan
9657,156.256,0,0,0,0,0,904,1,16,nan
9658,147.07599999999999,0,0,0,0,0,758,1,16,nan
9659,168.447,0,0,0,0,0,1101,1,16,nan
9660,204.64400000000001,0,0,0,0,0,1408,1,16,nan
9661,178.55699999999999,0,0,0,0,0,1170,1,16,nan
9662,156.95400000000001,0,0,0,0,0,1020,1,16,nan
9663,169.13300000000001,0,0,0,0,0,1071,1,16,nan
9664,172.08099999999999,0,0,0,0,0,1098,1,16,nan
9665,146.971,0,0,0,0,0,730,1,16,nan
9666,155.02199999999999,0,0,0,0,0,799,1,16,nan
9667,159.249,0,0,0,0,0,915,1,16,nan
9668,166.49600000000001,0,0,0,0,0,1048,1,16,nan
9669,166.09299999999999,0,0,0,0,0,1020,1,16,nan
9670,186.37200000000001,0,0,0,0,0,1316,1,16,nan
9671,175.066,0,0,0,0,0,1096,1,16,nan
9672,207.36500000000001,0,0,0,0,0,1241,1,16,nan
9673,164.31299999999999,0,0,0,0,0,744,1,16,nan
9674,184.92599999999999,0,0,0,0,0,1128,1,16,nan
9675,207.46000000000001,0,0,0,0,0,1324,1,16,nan
9676,135.73500000000001,0,0,0,0,0,520,1,16,nan
9677,153.59700000000001,0,0,0,0,0,796,1,16,nan
9678,194.37899999999999,0,0,0,0,0,1195,1,16,nan
9679,164.17099999999999,0,0,0,0,0,853,1,16,nan
9680,158.03399999999999,0,0,0,0,0,784,1,16,nan
9681,120.34699999999999,0,0,0,0,0,391,1,16,nan
9682,209.786,0,0,0,0,0,1287,1,16,nan
9683,160.83500000000001,0,0,0,0,0,774,1,16,nan
9684,164.58600000000001,0,0,0,0,0,960,1,16,nan
9685,168.80099999999999,0,0,0,0,0,984,1,16,nan
9686,193.476,0,0,0,0,0,1290,1,16,nan
9687,199.154,0,0,0,0,0,1342,1,16,nan
9688,178.85400000000001,0,0,0,0,0,1162,1,16,nan
9689,177.00899999999999,0,0,0,0,0,1098,1,16,nan
9690,195.75999999999999,0,0,0,0,0,1274,1,16,nan
9691,181.81100000000001,0,0,0,0,0,1189,1,16,nan
9692,185.19399999999999,0,0,0,0,0,992,1,16,nan
9693,128.97,0,0,0,0,0,528,1,16,nan
9694,200.601,0,0,0,0,0,1250,1,16,nan
9695,183.10400000000001,0,0,0,0,0,1127,1,16,nan
9696,127.248,0,0,0,0,0,488,1,16,nan
9697,174.35599999999999,0,0,0,0,0,1007,1,16,nan
9698,158.42599999999999,0,0,0,0,0,854,1,16,nan
9699,118.52,0,0,0,0,0,382,1,16,nan
9700,123.27500000000001,0,0,0,0,0,450,1,16,nan
9701,160.07599999999999,0,0,0,0,0,856,1,16,nan
9702,200.59800000000001,0,0,0,0,0,1185,1,16,nan
9703,158.04900000000001,0,0,0,0,0,878,1,16,nan
9704,156.99100000000001,0,0,0,0,0,889,1,16,nan
9705,204.417,0,0,0,0,0,1404,1,16,nan
9706,159.947,0,0,0,0,0,972,1,16,nan
9707,206.97399999999999,0,0,0,0,0,1228,1,16,nan
9708,151.953,0,0,0,0,0,781,1,16,nan
9709,183.51400000000001,0,0,0,0,0,1105,1,16,nan
9710,176.60400000000001,0,0,0,0,0,1095,1,16,nan
9711,187.285,0,0,0,0,0,1267,1,16,nan
9712,147.964,0,0,0,0,0,584,1,16,nan
9713,148.37100000000001,0,0,0,0,0,722,1,16,nan
9714,168.172,0,0,0,0,0,1032,1,16,nan
9715,201.54900000000001,0,0,0,0,0,1336,1,16,nan
9716,216.62100000000001,0,0,0,0,0,1169,1,16,nan
9717,170.45500000000001,0,0,0,0,0,752,1,16,nan
9718,220.983,0,0,0,0,0,1307,1,16,nan
9719,204.274,0,0,0,0,0,1215,1,16,nan
9720,132.86500000000001,0,0,0,0,0,515,1,16,nan
9721,164.55099999999999,0,0,0,0,0,922,1,16,nan
9722,170.70500000000001,0,0,0,0,0,1051,1,16,nan
9723,150.184,0,0,0,0,0,706,1,16,nan
9724,189.47900000000001,0,0,0,0,0,1182,1,16,nan
9725,202.88399999999999,0,0,0,0,0,1336,1,16,nan
9726,179.642,0,0,0,0,0,1105,1,16,nan
9727,154.37,0,0,0,0,0,853,1,16,nan
9728,156.66200000000001,0,0,0,0,0,874,1,16,nan
9729,151.88,0,0,0,0,0,789,1,16,nan
9730,178.386,0,0,0,0,0,947,1,16,nan
9731,185.44200000000001,0,0,0,0,0,1196,1,16,nan
9732,203.66999999999999,0,0,0,0,0,1083,1,16,nan
9733,186.024,0,0,0,0,0,1112,1,16,nan
9734,167.43600000000001,0,0,0,0,0,952,1,16,nan
9735,185.70599999999999,0,0,0,0,0,1129,1,16,nan
9736,175.696,0,0,0,0,0,1090,1,16,nan
9737,160.73400000000001,0,0,0,0,0,838,1,16,nan
9738,187.00200000000001,0,0,0,0,0,1249,1,16,nan
9739,179.57499999999999,0,0,0,0,0,1056,1,16,nan
9740,200.559,0,0,0,0,0,1238,1,16,nan
9741,181.452,0,0,0,0,0,1197,1,16,nan
9742,189.25200000000001,0,0,0,0,0,1202,1,16,nan
9743,154.37100000000001,0,0,0,0,0,823,1,16,nan
9744,184.983,0,0,0,0,0,1224,1,16,nan
9745,168.999,0,0,0,0,0,1085,1,16,nan
9746,177.803,0,0,0,0,0,1131,1,16,nan
9747,152.155,0,0,0,0,0,806,1,16,nan
9748,184.93700000000001,0,0,0,0,0,1201,1,16,nan
9749,178.471,0,0,0,0,0,1171,1,16,nan
9750,190.22499999999999,0,0,0,0,0,1307,1,16,nan
9751,174.87,0,0,0,0,0,1144,1,16,nan
9752,177.34,0,0,0,0,0,1112,1,16,nan
9753,173.27199999999999,0,0,0,0,0,1115,1,16,nan
9754,156.685,0,0,0,0,0,922,1,16,nan
9755,152.70099999999999,0,0,0,0,0,956,1,16,nan
9756,193.095,0,0,0,0,0,1279,1,16,nan
9757,176.09899999999999,0,0,0,0,0,1104,1,16,nan
9758,165.965,0,0,0,0,0,936,1,16,nan
9759,173.53299999999999,0,0,0,0,0,1130,1,16,nan
9760,182.381,0,0,0,0,0,1197,1,16,nan
9761,180.66,0,0,0,0,0,1189,1,16,nan
9762,167.655,0,0,0,0,0,1092,1,16,nan
9763,164.678,0,0,0,0,0,968,1,16,nan
9764,167.62899999999999,0,0,0,0,0,1078,1,16,nan
9765,170.089,0,0,0,0,0,1028,1,16,nan
9766,198.21799999999999,0,0,0,0,0,1429,1,16,nan
9767,129.11199999999999,0,0,0,0,0,510,1,16,nan
9768,197.56700000000001,0,0,0,0,0,1378,1,16,nan
9769,179.17400000000001,0,0,0,0,0,1153,1,16,nan
9770,164.73500000000001,0,0,0,0,0,946,1,16,nan
9771,179.14500000000001,0,0,0,0,0,1247,1,16,nan
9772,170.25800000000001,0,0,0,0,0,1120,1,16,nan
9773,180.952,0,0,0,0,0,1175,1,16,nan
9774,182.85900000000001,0,0,0,0,0,1269,1,16,nan
9775,167.821,0,0,0,0,0,823,1,16,nan
9776,173.887,0,0,0,0,0,1107,1,16,nan
9777,163.179,0,0,0,0,0,939,1,16,nan
9778,188.89400000000001,0,0,0,0,0,1326,1,16,nan
9779,145.024,0,0,0,0,0,799,1,16,nan
9780,149.714,0,0,0,0,0,802,1,16,nan
9781,181.15600000000001,0,0,0,0,0,1176,1,16,nan
9782,170.80199999999999,0,0,0,0,0,1054,1,16,nan
9783,187.107,0,0,0,0,0,1244,1,16,nan
9784,157.483,0,0,0,0,0,857,1,16,nan
9785,176.511,0,0,0,0,0,1151,1,16,nan
9786,166.226,0,0,0,0,0,1013,1,16,nan
9787,188.06700000000001,0,0,0,0,0,1239,1,16,nan
9788,173.12,0,0,0,0,0,1131,1,16,nan
9789,125.005,0,0,0,0,0,545,1,16,nan
9790,150.97,0,0,0,0,0,828,1,16,nan
9791,140.76599999999999,0,0,0,0,0,685,1,16,nan
9792,185.73699999999999,0,0,0,0,0,1249,1,16,nan
9793,173.41300000000001,0,0,0,0,0,1093,1,16,nan
9794,190.96199999999999,0,0,0,0,0,1299,1,16,nan
9795,179.411,0,0,0,0,0,1154,1,16,nan
9796,180.815,0,0,0,0,0,1209,1,16,nan
9797,135.56399999999999,0,0,0,0,0,644,1,16,nan
9798,136.57300000000001,0,0,0,0,0,619,1,16,nan
9799,184.32400000000001,0,0,0,0,0,941,1,16,nan
9800,168.65100000000001,0,0,0,0,0,1001,1,16,nan
9801,183.99199999999999,0,0,0,0,0,952,1,16,nan
9802,160.35900000000001,0,0,0,0,0,891,1,16,nan
9803,182.928,0,0,0,0,0,1265,1,16,nan
9804,181.11099999999999,0,0,0,0,0,1096,1,16,nan
9805,157.84700000000001,0,0,0,0,0,890,1,16,nan
9806,176.83500000000001,0,0,0,0,0,1057,1,16,nan
9807,178.46600000000001,0,0,0,0,0,1142,1,16,nan
9808,156.91499999999999,0,0,0,0,0,863,1,16,nan
9809,169.66999999999999,0,0,0,0,0,1125,1,16,nan
9810,182.81999999999999,0,0,0,0,0,1033,1,16,nan
9811,184.46799999999999,0,0,0,0,0,1203,1,16,nan
9812,160.87200000000001,0,0,0,0,0,1009,1,16,nan
9813,173.81399999999999,0,0,0,0,0,1147,1,16,nan
9814,149.46899999999999,0,0,0,0,0,828,1,16,nan
9815,179.00200000000001,0,0,0,0,0,1126,1,16,nan
9816,189.62100000000001,0,0,0,0,0,825,1,16,nan
9817,227.53899999999999,0,0,0,0,0,1115,1,16,nan
9818,186.494,0,0,0,0,0,976,1,16,nan
9819,196.75399999999999,0,0,0,0,0,1110,1,16,nan
9820,168.12799999999999,0,0,0,0,0,784,1,16,nan
9821,185.37799999999999,0,0,0,0,0,1059,1,16,nan
9822,214.637,0,0,0,0,0,1303,1,16,nan
9823,201.25999999999999,0,0,0,0,0,1267,1,16,nan
9824,183.01499999999999,0,0,0,0,0,1228,1,16,nan
9825,211.29300000000001,0,0,0,0,0,1520,1,16,nan
9826,183.46100000000001,0,0,0,0,0,1274,1,16,nan
9827,159.047,0,0,0,0,0,857,1,16,nan
9828,173.48699999999999,0,0,0,0,0,823,1,16,nan
9829,197.85300000000001,0,0,0,0,0,1181,1,16,nan
9830,213.93299999999999,0,0,0,0,0,1272,1,16,nan
9831,208.059,0,0,0,0,0,1215,1,16,nan
9832,216.501,0,0,0,0,0,1196,1,16,nan
9833,171.542,0,0,0,0,0,1136,1,16,nan
9834,140.447,0,0,0,0,0,668,1,16,nan
9835,144.25,0,0,0,0,0,723,1,16,nan
9836,195.27500000000001,0,0,0,0,0,1279,1,16,nan
9837,170.31200000000001,0,0,0,0,0,1016,1,16,nan
9838,170.512,0,0,0,0,0,1069,1,16,nan
9839,142.46799999999999,0,0,0,0,0,786,1,16,nan
9840,146.917,0,0,0,0,0,778,1,16,nan
9841,188.36600000000001,0,0,0,0,0,1237,1,16,nan
9842,178.78200000000001,0,0,0,0,0,1131,1,16,nan
9843,172.50999999999999,0,0,0,0,0,1077,1,16,nan
9844,170.64500000000001,0,0,0,0,0,1107,1,16,nan
9845,169.16499999999999,0,0,0,0,0,972,1,16,nan
9846,189.78800000000001,0,0,0,0,0,1263,1,16,nan
9847,175.69999999999999,0,0,0,0,0,1121,1,16,nan
9848,170.13900000000001,0,0,0,0,0,1009,1,16,nan
9849,185.66999999999999,0,0,0,0,0,1233,1,16,nan
9850,163.828,0,0,0,0,0,938,1,16,nan
9851,181.30799999999999,0,0,0,0,0,1217,1,16,nan
9852,195.51499999999999,0,0,0,0,0,1414,1,16,nan
9853,152.078,0,0,0,0,0,826,1,16,nan
9854,165.535,0,0,0,0,0,1010,1,16,nan
9855,179.12299999999999,0,0,0,0,0,1142,1,16,nan
9856,196.548,0,0,0,0,0,1343,1,16,nan
9857,172.715,0,0,0,0,0,1112,1,16,nan
9858,182.40000000000001,0,0,0,0,0,1186,1,16,nan
9859,131.726,0,0,0,0,0,571,1,16,nan
9860,153.97900000000001,0,0,0,0,0,828,1,16,nan
9861,178.56,0,0,0,0,0,1132,1,16,nan
9862,175.535,0,0,0,0,0,1133,1,16,nan
9863,177.44999999999999,0,0,0,0,0,981,1,16,nan
9864,159.697,0,0,0,0,0,867,1,16,nan
9865,200.79900000000001,0,0,0,0,0,1133,1,16,nan
9866,216.006,0,0,0,0,0,1376,1,16,nan
9867,177.262,0,0,0,0,0,1115,1,16,nan
9868,174.07900000000001,0,0,0,0,0,937,1,16,nan
9869,171.89599999999999,0,0,0,0,0,1015,1,16,nan
9870,166.358,0,0,0,0,0,986,1,16,nan
9871,151.38,0,0,0,0,0,681,1,16,nan
9872,197.797,0,0,0,0,0,1192,1,16,nan
9873,200.446,0,0,0,0,0,1257,1,16,nan
9874,169.68000000000001,0,0,0,0,0,1111,1,16,nan
9875,180.334,0,0,0,0,0,1138,1,16,nan
9876,150.643,0,0,0,0,0,776,1,16,nan
9877,191.43799999999999,0,0,0,0,0,1273,1,16,nan
9878,122.95399999999999,0,0,0,0,0,461,1,16,nan
9879,183.01599999999999,0,0,0,0,0,1166,1,16,nan
9880,162.81100000000001,0,0,0,0,0,1014,1,16,nan
9881,189.917,0,0,0,0,0,1272,1,16,nan
9882,155.50899999999999,0,0,0,0,0,851,1,16,nan
9883,187.417,0,0,0,0,0,1275,1,16,nan
9884,156.38999999999999,0,0,0,0,0,871,1,16,nan
9885,165.255,0,0,0,0,0,1064,1,16,nan
9886,180.512,0,0,0,0,0,1174,1,16,nan
9887,162.73599999999999,0,0,0,0,0,942,1,16,nan
9888,134.86600000000001,0,0,0,0,0,581,1,16,nan
9889,206.02799999999999,0,0,0,0,0,1386,1,16,nan
9890,148.95400000000001,0,0,0,0,0,720,1,16,nan
9891,168.114,0,0,0,0,0,1042,1,16,nan
9892,178.339,0,0,0,0,0,1143,1,16,nan
9893,169.315,0,0,0,0,0,979,1,16,nan
9894,141.41499999999999,0,0,0,0,0,676,1,16,nan
9895,144.60900000000001,0,0,0,0,0,766,1,16,nan
9896,165.01900000000001,0,0,0,0,0,982,1,16,nan
9897,128.023,0,0,0,0,0,534,1,16,nan
9898,162.596,0,0,0,0,0,1008,1,16,nan
9899,187.48599999999999,0,0,0,0,0,1288,1,16,nan
9900,182.62100000000001,0,0,0,0,0,1191,1,16,nan
9901,208.28999999999999,0,0,0,0,0,1194,1,16,nan
9902,125.28400000000001,0,0,0,0,0,428,1,16,nan
9903,159.74600000000001,0,0,0,0,0,988,1,16,nan
9904,187.80799999999999,0,0,0,0,0,1238,1,16,nan
9905,125.209,0,0,0,0,0,471,1,16,nan
9906,173.364,0,0,0,0,0,1047,1,16,nan
9907,156.43199999999999,0,0,0,0,0,929,1,16,nan
9908,171.61500000000001,0,0,0,0,0,1030,1,16,nan
9909,170.22999999999999,0,0,0,0,0,1135,1,16,nan
9910,127.593,0,0,0,0,0,539,1,16,nan
9911,157.898,0,0,0,0,0,929,1,16,nan
9912,175.303,0,0,0,0,0,1103,1,16,nan
9913,202.09700000000001,0,0,0,0,0,1389,1,16,nan
9914,154.73599999999999,0,0,0,0,0,828,1,16,nan
9915,166.178,0,0,0,0,0,974,1,16,nan
9916,176.55600000000001,0,0,0,0,0,1071,1,16,nan
9917,188.012,0,0,0,0,0,1357,1,16,nan
9918,158.767,0,0,0,0,0,868,1,16,nan
9919,164.22300000000001,0,0,0,0,0,1045,1,16,nan
9920,188.78999999999999,0,0,0,0,0,1271,1,16,nan
9921,171.952,0,0,0,0,0,1025,1,16,nan
9922,155.66300000000001,0,0,0,0,0,920,1,16,nan
9923,165.411,0,0,0,0,0,959,1,16,nan
9924,154.167,0,0,0,0,0,895,1,16,nan
9925,178.48599999999999,0,0,0,0,0,1099,1,16,nan
9926,193.94499999999999,0,0,0,0,0,1094,1,16,nan
9927,154.09800000000001,0,0,0,0,0,808,1,16,nan
9928,162.69,0,0,0,0,0,880,1,16,nan
9929,186.10900000000001,0,0,0,0,0,1174,1,16,nan
9930,147.28800000000001,0,0,0,0,0,741,1,16,nan
9931,200.89599999999999,0,0,0,0,0,1359,1,16,nan
9932,185.02199999999999,0,0,0,0,0,1078,1,16,nan
9933,176.149,0,0,0,0,0,1003,1,16,nan
9934,163.447,0,0,0,0,0,937,1,16,nan
9935,179.41399999999999,0,0,0,0,0,1118,1,16,nan
9936,175.846,0,0,0,0,0,1150,1,16,nan
9937,184.816,0,0,0,0,0,1279,1,16,nan
9938,143.21299999999999,0,0,0,0,0,695,1,16,nan
9939,167.96299999999999,0,0,0,0,0,1034,1,16,nan
9940,163.69,0,0,0,0,0,919,1,16,nan
9941,196.869,0,0,0,0,0,1410,1,16,nan
9942,131.161,0,0,0,0,0,616,1,16,nan
9943,193.136,0,0,0,0,0,1266,1,16,nan
9944,158.91900000000001,0,0,0,0,0,937,1,16,nan
9945,192.721,0,0,0,0,0,1304,1,16,nan
9946,199.68000000000001,0,0,0,0,0,1400,1,16,nan
9947,166.273,0,0,0,0,0,994,1,16,nan
9948,208.833,0,0,0,0,0,1436,1,16,nan
9949,179.21799999999999,0,0,0,0,0,1150,1,16,nan
9950,142.191,0,0,0,0,0,737,1,16,nan
9951,152.88499999999999,0,0,0,0,0,855,1,16,nan
9952,180.32900000000001,0,0,0,0,0,1270,1,16,nan
9953,172.108,0,0,0,0,0,1069,1,16,nan
9954,182.101,0,0,0,0,0,1164,1,16,nan
9955,187.541,0,0,0,0,0,1301,1,16,nan
9956,173.32300000000001,0,0,0,0,0,1084,1,16,nan
9957,169.56,0,0,0,0,0,1069,1,16,nan
9958,166.72399999999999,0,0,0,0,0,993,1,16,nan
9959,191.34399999999999,0,0,0,0,0,1303,1,16,nan
9960,172.58099999999999,0,0,0,0,0,985,1,16,nan
9961,170.47800000000001,0,0,0,0,0,1078,1,16,nan
9962,174.81800000000001,0,0,0,0,0,1131,1,16,nan
9963,184.40000000000001,0,0,0,0,0,1219,1,16,nan
9964,185.56200000000001,0,0,0,0,0,1284,1,16,nan
9965,192.05600000000001,0,0,0,0,0,1314,1,16,nan
9966,200.30099999999999,0,0,0,0,0,1318,1,16,nan
9967,167.87299999999999,0,0,0,0,0,1013,1,16,nan
9968,187.804,0,0,0,0,0,1279,1,16,nan
9969,169.05000000000001,0,0,0,0,0,1123,1,16,nan
9970,190.005,0,0,0,0,0,1295,1,16,nan
9971,173.732,0,0,0,0,0,1079,1,16,nan
9972,176.441,0,0,0,0,0,1088,1,16,nan
9973,182.34100000000001,0,0,0,0,0,1184,1,16,nan
9974,190.851,0,0,0,0,0,1280,1,16,nan
9975,140.55000000000001,0,0,0,0,0,602,1,16,nan
9976,177.30799999999999,0,0,0,0,0,1207,1,16,nan
9977,149.98699999999999,0,0,0,0,0,787,1,16,nan
9978,190.37100000000001,0,0,0,0,0,1273,1,16,nan
9979,143.935,0,0,0,0,0,693,1,16,nan
9980,166.70500000000001,0,0,0,0,0,1067,1,16,nan
9981,178.22900000000001,0,0,0,0,0,1177,1,16,nan
9982,159.28899999999999,0,0,0,0,0,836,1,16,nan
9983,135.018,0,0,0,0,0,671,1,16,nan
9984,129.74600000000001,0,0,0,0,0,565,1,16,nan
9985,177.036,0,0,0,0,0,1202,1,16,nan
9986,208.94499999999999,0,0,0,0,0,1201,1,16,nan
9987,174.84,0,0,0,0,0,1090,1,16,nan
9988,185.47499999999999,0,0,0,0,0,1185,1,16,nan
9989,151.19499999999999,0,0,0,0,0,823,1,16,nan
9990,175.92699999999999,0,0,0,0,0,1135,1,16,nan
9991,185.471,0,0,0,0,0,1265,1,16,nan
9992,162.93000000000001,0,0,0,0,0,915,1,16,nan
9993,191.31700000000001,0,0,0,0,0,1228,1,16,nan
9994,159.84,0,0,0,0,0,971,1,16,nan
9995,189.45699999999999,0,0,0,0,0,1214,1,16,nan
9996,141.749,0,0,0,0,0,752,1,16,nan
9997,161.82300000000001,0,0,0,0,0,923,1,16,nan
9998,174.51300000000001,0,0,0,0,0,1114,1,16,nan
9999,200.17599999999999,0,0,0,0,0,1438,1,16,nan
10000,131.99700000000001,0,0,0,0,0,608,1,16,nan
10001,173.43000000000001,0,0,0,0,0,1114,1,16,nan
10002,182.07599999999999,0,0,0,0,0,1194,1,16,nan
10003,160.25200000000001,0,0,0,0,0,900,1,16,nan
10004,187.30000000000001,0,0,0,0,0,1102,1,16,nan
10005,167.321,0,0,0,0,0,1041,1,16,nan
10006,147.952,0,0,0,0,0,771,1,16,nan
10007,159.22,0,0,0,0,0,852,1,16,nan
10008,177.053,0,0,0,0,0,1164,1,16,nan
10009,179.19399999999999,0,0,0,0,0,1107,1,16,nan
10010,188.07400000000001,0,0,0,0,0,1256,1,16,nan
10011,191.203,0,0,0,0,0,1360,1,16,nan
10012,135.86199999999999,0,0,0,0,0,573,1,16,nan
10013,176.15700000000001,0,0,0,0,0,1104,1,16,nan
10014,186.21100000000001,0,0,0,0,0,1208,1,16,nan
10015,153.392,0,0,0,0,0,824,1,16,nan
10016,166.018,0,0,0,0,0,1006,1,16,nan
10017,183.35300000000001,0,0,0,0,0,915,1,16,nan
10018,185.55099999999999,0,0,0,0,0,982,1,16,nan
10019,197.38,0,0,0,0,0,1258,1,16,nan
10020,184.005,0,0,0,0,0,959,1,16,nan
10021,136.47300000000001,0,0,0,0,0,616,1,16,nan
10022,169.08699999999999,0,0,0,0,0,1013,1,16,nan
10023,173.58099999999999,0,0,0,0,0,1092,1,16,nan
10024,164.851,0,0,0,0,0,853,1,16,nan
10025,156.41900000000001,0,0,0,0,0,880,1,16,nan
10026,186.05099999999999,0,0,0,0,0,1178,1,16,nan
10027,125.417,0,0,0,0,0,482,1,16,nan
10028,183.05600000000001,0,0,0,0,0,1183,1,16,nan
10029,189.65600000000001,0,0,0,0,0,1341,1,16,nan
10030,188.21199999999999,0,0,0,0,0,1236,1,16,nan
10031,172.33699999999999,0,0,0,0,0,1139,1,16,nan
10032,156.733,0,0,0,0,0,814,1,16,nan
10033,171.60400000000001,0,0,0,0,0,1134,1,16,nan
10034,155.637,0,0,0,0,0,763,1,16,nan
10035,149.98099999999999,0,0,0,0,0,903,1,16,nan
10036,170.56399999999999,0,0,0,0,0,1050,1,16,nan
10037,207.21700000000001,0,0,0,0,0,1374,1,16,nan
10038,180.59,0,0,0,0,0,1188,1,16,nan
10039,170.185,0,0,0,0,0,1110,1,16,nan
10040,155.82400000000001,0,0,0,0,0,889,1,16,nan
10041,171.274,0,0,0,0,0,1097,1,16,nan
10042,199.99000000000001,0,0,0,0,0,1326,1,16,nan
10043,127.124,0,0,0,0,0,535,1,16,nan
10044,152.93299999999999,0,0,0,0,0,843,1,16,nan
10045,127.587,0,0,0,0,0,564,1,16,nan
10046,168.542,0,0,0,0,0,945,1,16,nan
10047,184.31800000000001,0,0,0,0,0,1242,1,16,nan
10048,151.636,0,0,0,0,0,783,1,16,nan
10049,165.14099999999999,0,0,0,0,0,963,1,16,nan
10050,166.392,0,0,0,0,0,995,1,16,nan
10051,167.679,0,0,0,0,0,1033,1,16,nan
10052,194.57900000000001,0,0,0,0,0,1382,1,16,nan
10053,170.357,0,0,0,0,0,977,1,16,nan
10054,166.095,0,0,0,0,0,1006,1,16,nan
10055,146.405,0,0,0,0,0,760,1,16,nan
10056,187.935,0,0,0,0,0,1184,1,16,nan
10057,159.72499999999999,0,0,0,0,0,999,1,16,nan
10058,211.78399999999999,0,0,0,0,0,1369,1,16,nan
10059,192.024,0,0,0,0,0,1250,1,16,nan
10060,207.78800000000001,0,0,0,0,0,1141,1,16,nan
10061,189.07900000000001,0,0,0,0,0,1179,1,16,nan
10062,168.72300000000001,0,0,0,0,0,962,1,16,nan
10063,165.738,0,0,0,0,0,900,1,16,nan
10064,188.53200000000001,0,0,0,0,0,1186,1,16,nan
10065,219.52500000000001,0,0,0,0,0,1249,1,16,nan
10066,160.91800000000001,0,0,0,0,0,608,1,16,nan
10067,237.71299999999999,0,0,0,0,0,1293,1,16,nan
10068,209.14500000000001,0,0,0,0,0,1273,1,16,nan
10069,198.36199999999999,0,0,0,0,0,1136,1,16,nan
10070,213.56700000000001,0,0,0,0,0,1382,1,16,nan
10071,194.541,0,0,0,0,0,950,1,16,nan
10072,166.11799999999999,0,0,0,0,0,1084,1,16,nan
10073,144.57400000000001,0,0,0,0,0,704,1,16,nan
10074,189.001,0,0,0,0,0,1293,1,16,nan
10075,178.624,0,0,0,0,0,1105,1,16,nan
10076,158.47999999999999,0,0,0,0,0,898,1,16,nan
10077,150.16499999999999,0,0,0,0,0,791,1,16,nan
10078,178.274,0,0,0,0,0,1173,1,16,nan
10079,189.88800000000001,0,0,0,0,0,1382,1,16,nan
10080,174.14599999999999,0,0,0,0,0,1100,1,16,nan
10081,154.03700000000001,0,0,0,0,0,603,1,16,nan
10082,127.577,0,0,0,0,0,479,1,16,nan
10083,183.53299999999999,0,0,0,0,0,1167,1,16,nan
10084,147.49600000000001,0,0,0,0,0,658,1,16,nan
10085,180.852,0,0,0,0,0,1086,1,16,nan
10086,210.239,0,0,0,0,0,1439,1,16,nan
10087,190.11199999999999,0,0,0,0,0,1178,1,16,nan
10088,143.429,0,0,0,0,0,561,1,16,nan
10089,117.027,0,0,0,0,0,433,1,16,nan
10090,177.30600000000001,0,0,0,0,0,1102,1,16,nan
10091,197.36099999999999,0,0,0,0,0,1371,1,16,nan
10092,126.482,0,0,0,0,0,487,1,16,nan
10093,162.40600000000001,0,0,0,0,0,1018,1,16,nan
10094,168.46600000000001,0,0,0,0,0,1056,1,16,nan
10095,134.773,0,0,0,0,0,642,1,16,nan
10096,182.422,0,0,0,0,0,1195,1,16,nan
10097,150.947,0,0,0,0,0,819,1,16,nan
10098,168.751,0,0,0,0,0,987,1,16,nan
10099,147.42500000000001,0,0,0,0,0,738,1,16,nan
10100,189.24000000000001,0,0,0,0,0,1242,1,16,nan
10101,169.11000000000001,0,0,0,0,0,1053,1,16,nan
10102,166.67500000000001,0,0,0,0,0,1055,1,16,nan
10103,154.15199999999999,0,0,0,0,0,845,1,16,nan
10104,184.63900000000001,0,0,0,0,0,1262,1,16,nan
10105,185.453,0,0,0,0,0,1237,1,16,nan
10106,141.36500000000001,0,0,0,0,0,640,1,16,nan
10107,191.584,0,0,0,0,0,1309,1,16,nan
10108,190.68199999999999,0,0,0,0,0,1349,1,16,nan
10109,150.72900000000001,0,0,0,0,0,780,1,16,nan
10110,171.96899999999999,0,0,0,0,0,1030,1,16,nan
10111,199.70500000000001,0,0,0,0,0,1336,1,16,nan
10112,182.17400000000001,0,0,0,0,0,1201,1,16,nan
10113,185.03700000000001,0,0,0,0,0,1251,1,16,nan
10114,188.667,0,0,0,0,0,969,1,16,nan
10115,181.691,0,0,0,0,0,1031,1,16,nan
10116,192.18899999999999,0,0,0,0,0,1116,1,16,nan
10117,228.548,0,0,0,0,0,1394,1,16,nan
10118,190.566,0,0,0,0,0,1291,1,16,nan
10119,170.14599999999999,0,0,0,0,0,1022,1,16,nan
10120,202.46000000000001,0,0,0,0,0,1324,1,16,nan
10121,172.505,0,0,0,0,0,1134,1,16,nan
10122,192.328,0,0,0,0,0,1042,1,16,nan
10123,149.10499999999999,0,0,0,0,0,728,1,16,nan
10124,170.45500000000001,0,0,0,0,0,723,1,16,nan
10125,203.83500000000001,0,0,0,0,0,1159,1,16,nan
10126,152.11099999999999,0,0,0,0,0,611,1,16,nan
10127,230.22900000000001,0,0,0,0,0,1320,1,16,nan
10128,198.953,0,0,0,0,0,1195,1,16,nan
10129,178.62100000000001,0,0,0,0,0,1107,1,16,nan
10130,181.048,0,0,0,0,0,1122,1,16,nan
10131,185.648,0,0,0,0,0,1155,1,16,nan
10132,163.53399999999999,0,0,0,0,0,927,1,16,nan
10133,197.87200000000001,0,0,0,0,0,1295,1,16,nan
10134,169.422,0,0,0,0,0,906,1,16,nan
10135,167.05099999999999,0,0,0,0,0,896,1,16,nan
10136,156.47,0,0,0,0,0,800,1,16,nan
10137,169.08199999999999,0,0,0,0,0,1038,1,16,nan
10138,187.518,0,0,0,0,0,1354,1,16,nan
10139,201.86600000000001,0,0,0,0,0,1163,1,16,nan
10140,178.98400000000001,0,0,0,0,0,1146,1,16,nan
10141,177.70599999999999,0,0,0,0,0,1113,1,16,nan
10142,184.66300000000001,0,0,0,0,0,1168,1,16,nan
10143,133.114,0,0,0,0,0,543,1,16,nan
10144,193.28999999999999,0,0,0,0,0,1269,1,16,nan
10145,186.64400000000001,0,0,0,0,0,1155,1,16,nan
10146,195.965,0,0,0,0,0,1261,1,16,nan
10147,192.363,0,0,0,0,0,1320,1,16,nan
10148,148.982,0,0,0,0,0,766,1,16,nan
10149,176.92400000000001,0,0,0,0,0,1097,1,16,nan
10150,187.52799999999999,0,0,0,0,0,1206,1,16,nan
10151,187.215,0,0,0,0,0,1231,1,16,nan
10152,135.56,0,0,0,0,0,392,1,16,nan
10153,192.61199999999999,0,0,0,0,0,1042,1,16,nan
10154,180.59299999999999,0,0,0,0,0,852,1,16,nan
10155,237.02600000000001,0,0,0,0,0,1114,1,16,nan
10156,208.58500000000001,0,0,0,0,0,1148,1,16,nan
10157,218.51400000000001,0,0,0,0,0,1388,1,16,nan
10158,162.77000000000001,0,0,0,0,0,809,1,16,nan
10159,204.25399999999999,0,0,0,0,0,1419,1,16,nan
10160,197.78399999999999,0,0,0,0,0,1230,1,16,nan
10161,207.846,0,0,0,0,0,1371,1,16,nan
10162,204.47300000000001,0,0,0,0,0,1380,1,16,nan
10163,170.131,0,0,0,0,0,782,1,16,nan
10164,202.136,0,0,0,0,0,1097,1,16,nan
10165,155.43100000000001,0,0,0,0,0,625,1,16,nan
10166,214.00200000000001,0,0,0,0,0,1231,1,16,nan
10167,176.93799999999999,0,0,0,0,0,1014,1,16,nan
10168,158.233,0,0,0,0,0,909,1,16,nan
10169,155.49199999999999,0,0,0,0,0,798,1,16,nan
10170,164.102,0,0,0,0,0,936,1,16,nan
10171,197.11099999999999,0,0,0,0,0,1267,1,16,nan
10172,144.53999999999999,0,0,0,0,0,584,1,16,nan
10173,169.87299999999999,0,0,0,0,0,1011,1,16,nan
10174,163.91499999999999,0,0,0,0,0,985,1,16,nan
10175,165.553,0,0,0,0,0,987,1,16,nan
10176,137.21600000000001,0,0,0,0,0,683,1,16,nan
10177,184.786,0,0,0,0,0,1265,1,16,nan
10178,172.624,0,0,0,0,0,1112,1,16,nan
10179,184.08000000000001,0,0,0,0,0,1220,1,16,nan
10180,157.08000000000001,0,0,0,0,0,941,1,16,nan
10181,123.09699999999999,0,0,0,0,0,466,1,16,nan
10182,134.69399999999999,0,0,0,0,0,613,1,16,nan
10183,117.613,0,0,0,0,0,565,1,16,nan
10184,184.59800000000001,0,0,0,0,0,1107,1,16,nan
10185,172.977,0,0,0,0,0,1138,1,16,nan
10186,166.386,0,0,0,0,0,1085,1,16,nan
10187,195.42400000000001,0,0,0,0,0,1391,1,16,nan
10188,161.483,0,0,0,0,0,968,1,16,nan
10189,158.685,0,0,0,0,0,889,1,16,nan
10190,166.41800000000001,0,0,0,0,0,947,1,16,nan
10191,175.52699999999999,0,0,0,0,0,1164,1,16,nan
10192,193.45099999999999,0,0,0,0,0,1323,1,16,nan
10193,165.91800000000001,0,0,0,0,0,1039,1,16,nan
10194,188.196,0,0,0,0,0,1302,1,16,nan
10195,194.732,0,0,0,0,0,1351,1,16,nan
10196,180.27000000000001,0,0,0,0,0,1250,1,16,nan
10197,172.864,0,0,0,0,0,1097,1,16,nan
10198,166.96100000000001,0,0,0,0,0,995,1,16,nan
10199,193.38300000000001,0,0,0,0,0,1290,1,16,nan
10200,198.809,0,0,0,0,0,1394,1,16,nan
10201,189.047,0,0,0,0,0,1257,1,16,nan
10202,188.291,0,0,0,0,0,1242,1,16,nan
10203,180.98099999999999,0,0,0,0,0,1125,1,16,nan
10204,165.15100000000001,0,0,0,0,0,1046,1,16,nan
10205,163.48400000000001,0,0,0,0,0,984,1,16,nan
10206,188.21700000000001,0,0,0,0,0,1305,1,16,nan
10207,183.32599999999999,0,0,0,0,0,977,1,16,nan
10208,208.94800000000001,0,0,0,0,0,1360,1,16,nan
10209,191.095,0,0,0,0,0,1228,1,16,nan
10210,165.227,0,0,0,0,0,956,1,16,nan
10211,158.547,0,0,0,0,0,793,1,16,nan
10212,170.60599999999999,0,0,0,0,0,963,1,16,nan
10213,202.80799999999999,0,0,0,0,0,1239,1,16,nan
10214,164.452,0,0,0,0,0,1043,1,16,nan
10215,185.71899999999999,0,0,0,0,0,1177,1,16,nan
10216,192.53899999999999,0,0,0,0,0,1032,1,16,nan
10217,208.40100000000001,0,0,0,0,0,1297,1,16,nan
10218,203.977,0,0,0,0,0,1185,1,16,nan
10219,213.54300000000001,0,0,0,0,0,1320,1,16,nan
10220,173.625,0,0,0,0,0,1049,1,16,nan
10221,179.63,0,0,0,0,0,1194,1,16,nan
10222,167.33199999999999,0,0,0,0,0,1077,1,16,nan
10223,165.46899999999999,0,0,0,0,0,1014,1,16,nan
10224,166.691,0,0,0,0,0,1047,1,16,nan
10225,154.58699999999999,0,0,0,0,0,831,1,16,nan
10226,164,0,0,0,0,0,947,1,16,nan
10227,221.053,0,0,0,0,0,1598,1,16,nan
10228,188.33099999999999,0,0,0,0,0,1003,1,16,nan
10229,186.07400000000001,0,0,0,0,0,1040,1,16,nan
10230,136.31399999999999,0,0,0,0,0,507,1,16,nan
10231,196.91900000000001,0,0,0,0,0,1064,1,16,nan
10232,187.55000000000001,0,0,0,0,0,1197,1,16,nan
10233,140.04300000000001,0,0,0,0,0,717,1,16,nan
10234,162.94300000000001,0,0,0,0,0,888,1,16,nan
10235,170.40899999999999,0,0,0,0,0,1027,1,16,nan
10236,178.61699999999999,0,0,0,0,0,1099,1,16,nan
10237,178.697,0,0,0,0,0,1157,1,16,nan
10238,159.631,0,0,0,0,0,980,1,16,nan
10239,150.922,0,0,0,0,0,895,1,16,nan
10240,191.803,0,0,0,0,0,898,1,16,nan
10241,143.28800000000001,0,0,0,0,0,690,1,16,nan
10242,121.946,0,0,0,0,0,466,1,16,nan
10243,179.02000000000001,0,0,0,0,0,1191,1,16,nan
10244,159.02500000000001,0,0,0,0,0,971,1,16,nan
10245,173.64500000000001,0,0,0,0,0,1124,1,16,nan
10246,176.126,0,0,0,0,0,849,1,16,nan
10247,187.428,0,0,0,0,0,1173,1,16,nan
10248,211.44900000000001,0,0,0,0,0,1212,1,16,nan
10249,190.22,0,0,0,0,0,1245,1,16,nan
10250,177.465,0,0,0,0,0,939,1,16,nan
10251,171.97399999999999,0,0,0,0,0,964,1,16,nan
10252,191.06,0,0,0,0,0,1224,1,16,nan
10253,184.946,0,0,0,0,0,1071,1,16,nan
10254,176.52699999999999,0,0,0,0,0,908,1,16,nan
10255,200.738,0,0,0,0,0,1329,1,16,nan
10256,190.482,0,0,0,0,0,1086,1,16,nan
10257,161.65600000000001,0,0,0,0,0,966,1,16,nan
10258,117.94799999999999,0,0,0,0,0,447,1,16,nan
10259,194.57300000000001,0,0,0,0,0,1054,1,16,nan
10260,159.50999999999999,0,0,0,0,0,662,1,16,nan
10261,189.97499999999999,0,0,0,0,0,1067,1,16,nan
10262,180.10499999999999,0,0,0,0,0,821,1,16,nan
10263,187.59399999999999,0,0,0,0,0,1254,1,16,nan
10264,187.11699999999999,0,0,0,0,0,1261,1,16,nan
10265,164.59899999999999,0,0,0,0,0,928,1,16,nan
10266,179.81700000000001,0,0,0,0,0,1148,1,16,nan
10267,183.47,0,0,0,0,0,1205,1,16,nan
10268,180.78,0,0,0,0,0,1137,1,16,nan
10269,141.03800000000001,0,0,0,0,0,746,1,16,nan
10270,189.35599999999999,0,0,0,0,0,1325,1,16,nan
10271,186.81700000000001,0,0,0,0,0,1302,1,16,nan
10272,213.30699999999999,0,0,0,0,0,1455,1,16,nan
10273,172.31299999999999,0,0,0,0,0,1028,1,16,nan
10274,177.88,0,0,0,0,0,1008,1,16,nan
10275,157.63399999999999,0,0,0,0,0,859,1,16,nan
10276,177.59899999999999,0,0,0,0,0,1190,1,16,nan
10277,167.78999999999999,0,0,0,0,0,989,1,16,nan
10278,175.04400000000001,0,0,0,0,0,1175,1,16,nan
10279,168.029,0,0,0,0,0,1029,1,16,nan
10280,190.21000000000001,0,0,0,0,0,1221,1,16,nan
10281,167.589,0,0,0,0,0,1019,1,16,nan
10282,183.70500000000001,0,0,0,0,0,1220,1,16,nan
10283,186.00700000000001,0,0,0,0,0,1227,1,16,nan
10284,198.131,0,0,0,0,0,1238,1,16,nan
10285,151.399,0,0,0,0,0,745,1,16,nan
10286,142.167,0,0,0,0,0,727,1,16,nan
10287,159.59399999999999,0,0,0,0,0,891,1,16,nan
10288,177.61000000000001,0,0,0,0,0,1182,1,16,nan
10289,166.65600000000001,0,0,0,0,0,969,1,16,nan
10290,130.619,0,0,0,0,0,530,1,16,nan
10291,188.31100000000001,0,0,0,0,0,1224,1,16,nan
10292,183.56899999999999,0,0,0,0,0,1241,1,16,nan
10293,169.08699999999999,0,0,0,0,0,1025,1,16,nan
10294,184.614,0,0,0,0,0,1229,1,16,nan
10295,198.083,0,0,0,0,0,1331,1,16,nan
10296,173.98699999999999,0,0,0,0,0,1123,1,16,nan
10297,182.43899999999999,0,0,0,0,0,1215,1,16,nan
10298,186.22200000000001,0,0,0,0,0,1287,1,16,nan
10299,181.505,0,0,0,0,0,1188,1,16,nan
10300,180.84100000000001,0,0,0,0,0,1226,1,16,nan
10301,171.83500000000001,0,0,0,0,0,1152,1,16,nan
10302,176.506,0,0,0,0,0,1123,1,16,nan
10303,187.17699999999999,0,0,0,0,0,994,1,16,nan
10304,203.26900000000001,0,0,0,0,0,1278,1,16,nan
10305,181.13800000000001,0,0,0,0,0,1249,1,16,nan
10306,213.291,0,0,0,0,0,1305,1,16,nan
10307,159.405,0,0,0,0,0,808,1,16,nan
10308,198.94900000000001,0,0,0,0,0,1311,1,16,nan
10309,163.459,0,0,0,0,0,999,1,16,nan
10310,149.678,0,0,0,0,0,848,1,16,nan
10311,192.34,0,0,0,0,0,1267,1,16,nan
10312,149.75700000000001,0,0,0,0,0,770,1,16,nan
10313,146.059,0,0,0,0,0,691,1,16,nan
10314,173.721,0,0,0,0,0,1014,1,16,nan
10315,173.02699999999999,0,0,0,0,0,972,1,16,nan
10316,169.91300000000001,0,0,0,0,0,1036,1,16,nan
10317,167.578,0,0,0,0,0,1036,1,16,nan
10318,196.006,0,0,0,0,0,1385,1,16,nan
10319,180.946,0,0,0,0,0,1160,1,16,nan
10320,212.87200000000001,0,0,0,0,0,1216,1,16,nan
10321,200.619,0,0,0,0,0,1191,1,16,nan
10322,203.589,0,0,0,0,0,1109,1,16,nan
10323,202.25399999999999,0,0,0,0,0,1245,1,16,nan
10324,214.48099999999999,0,0,0,0,0,1351,1,16,nan
10325,190.34,0,0,0,0,0,904,1,16,nan
10326,161.37700000000001,0,0,0,0,0,918,1,16,nan
10327,182.17500000000001,0,0,0,0,0,1120,1,16,nan
10328,187.87700000000001,0,0,0,0,0,1219,1,16,nan
10329,170.80500000000001,0,0,0,0,0,1090,1,16,nan
10330,140.03299999999999,0,0,0,0,0,700,1,16,nan
10331,144.00299999999999,0,0,0,0,0,758,1,16,nan
10332,168.399,0,0,0,0,0,1019,1,16,nan
10333,177.19999999999999,0,0,0,0,0,1218,1,16,nan
10334,173.125,0,0,0,0,0,1061,1,16,nan
10335,173.27099999999999,0,0,0,0,0,1064,1,16,nan
10336,174.874,0,0,0,0,0,1109,1,16,nan
10337,154.089,0,0,0,0,0,878,1,16,nan
10338,179.934,0,0,0,0,0,1223,1,16,nan
10339,164.91200000000001,0,0,0,0,0,1013,1,16,nan
10340,157.68799999999999,0,0,0,0,0,876,1,16,nan
10341,159.999,0,0,0,0,0,914,1,16,nan
10342,187.11799999999999,0,0,0,0,0,1249,1,16,nan
10343,162.05000000000001,0,0,0,0,0,1029,1,16,nan
10344,179.339,0,0,0,0,0,1205,1,16,nan
10345,161.89099999999999,0,0,0,0,0,953,1,16,nan
10346,123.985,0,0,0,0,0,484,1,16,nan
10347,149.005,0,0,0,0,0,799,1,16,nan
10348,185.756,0,0,0,0,0,1223,1,16,nan
10349,188.97999999999999,0,0,0,0,0,1012,1,16,nan
10350,199.90100000000001,0,0,0,0,0,1136,1,16,nan
10351,202.26400000000001,0,0,0,0,0,1183,1,16,nan
10352,199.56999999999999,0,0,0,0,0,1135,1,16,nan
10353,151.11500000000001,0,0,0,0,0,777,1,16,nan
10354,155.023,0,0,0,0,0,810,1,16,nan
10355,177.251,0,0,0,0,0,1177,1,16,nan
10356,126.673,0,0,0,0,0,527,1,16,nan
10357,171.916,0,0,0,0,0,1118,1,16,nan
10358,162.24799999999999,0,0,0,0,0,932,1,16,nan
10359,141.17599999999999,0,0,0,0,0,692,1,16,nan
10360,199.27099999999999,0,0,0,0,0,1372,1,16,nan
10361,188.00999999999999,0,0,0,0,0,1237,1,16,nan
10362,167.91200000000001,0,0,0,0,0,1101,1,16,nan
10363,178.70099999999999,0,0,0,0,0,1223,1,16,nan
10364,155.261,0,0,0,0,0,997,1,16,nan
10365,187.714,0,0,0,0,0,1219,1,16,nan
10366,155.821,0,0,0,0,0,940,1,16,nan
10367,179.28800000000001,0,0,0,0,0,1239,1,16,nan
10368,159.81299999999999,0,0,0,0,0,984,1,16,nan
10369,177.905,0,0,0,0,0,1167,1,16,nan
10370,181.774,0,0,0,0,0,1121,1,16,nan
10371,184.768,0,0,0,0,0,1229,1,16,nan
10372,157.66900000000001,0,0,0,0,0,998,1,16,nan
10373,134.18899999999999,0,0,0,0,0,575,1,16,nan
10374,169.15600000000001,0,0,0,0,0,976,1,16,nan
10375,174.93799999999999,0,0,0,0,0,1108,1,16,nan
10376,170.05000000000001,0,0,0,0,0,1045,1,16,nan
10377,174.75200000000001,0,0,0,0,0,1104,1,16,nan
10378,184.60599999999999,0,0,0,0,0,1229,1,16,nan
10379,135.958,0,0,0,0,0,657,1,16,nan
10380,177.923,0,0,0,0,0,1264,1,16,nan
10381,172.61500000000001,0,0,0,0,0,1021,1,16,nan
10382,168.042,0,0,0,0,0,1079,1,16,nan
10383,152.19900000000001,0,0,0,0,0,756,1,16,nan
10384,208.99100000000001,0,0,0,0,0,1498,1,16,nan
10385,147.774,0,0,0,0,0,772,1,16,nan
10386,151.97900000000001,0,0,0,0,0,807,1,16,nan
10387,156.86099999999999,0,0,0,0,0,864,1,16,nan
10388,183.602,0,0,0,0,0,1223,1,16,nan
10389,196.029,0,0,0,0,0,1300,1,16,nan
10390,184.501,0,0,0,0,0,1272,1,16,nan
10391,131.69800000000001,0,0,0,0,0,512,1,16,nan
10392,155.01499999999999,0,0,0,0,0,840,1,16,nan
10393,152.572,0,0,0,0,0,593,1,16,nan
10394,196.66999999999999,0,0,0,0,0,1173,1,16,nan
10395,188.36199999999999,0,0,0,0,0,1096,1,16,nan
10396,195.93600000000001,0,0,0,0,0,1108,1,16,nan
10397,142.85300000000001,0,0,0,0,0,694,1,16,nan
10398,189.50200000000001,0,0,0,0,0,1281,1,16,nan
10399,136.92599999999999,0,0,0,0,0,611,1,16,nan
10400,179.06100000000001,0,0,0,0,0,1152,1,16,nan
10401,181.495,0,0,0,0,0,1154,1,16,nan
10402,176.173,0,0,0,0,0,1124,1,16,nan
10403,190.28,0,0,0,0,0,1299,1,16,nan
10404,163.488,0,0,0,0,0,977,1,16,nan
10405,178.45599999999999,0,0,0,0,0,1171,1,16,nan
10406,184.84999999999999,0,0,0,0,0,1181,1,16,nan
10407,151.00800000000001,0,0,0,0,0,727,1,16,nan
10408,161.57599999999999,0,0,0,0,0,939,1,16,nan
10409,203.953,0,0,0,0,0,1115,1,16,nan
10410,187.63399999999999,0,0,0,0,0,1229,1,16,nan
10411,177.78100000000001,0,0,0,0,0,1163,1,16,nan
10412,163.88800000000001,0,0,0,0,0,902,1,16,nan
10413,169.34700000000001,0,0,0,0,0,1038,1,16,nan
10414,169.57400000000001,0,0,0,0,0,1082,1,16,nan
10415,125.864,0,0,0,0,0,496,1,16,nan
10416,189.87299999999999,0,0,0,0,0,1265,1,16,nan
10417,189.68199999999999,0,0,0,0,0,1274,1,16,nan
10418,193.14599999999999,0,0,0,0,0,1204,1,16,nan
10419,175.506,0,0,0,0,0,1126,1,16,nan
10420,173.05500000000001,0,0,0,0,0,1128,1,16,nan
10421,174.90299999999999,0,0,0,0,0,1096,1,16,nan
10422,191.27000000000001,0,0,0,0,0,1307,1,16,nan
10423,185.19800000000001,0,0,0,0,0,1255,1,16,nan
10424,167.298,0,0,0,0,0,1063,1,16,nan
10425,171.68199999999999,0,0,0,0,0,1082,1,16,nan
10426,183.404,0,0,0,0,0,1200,1,16,nan
10427,174.93299999999999,0,0,0,0,0,1081,1,16,nan
10428,186.83000000000001,0,0,0,0,0,1246,1,16,nan
10429,192.54499999999999,0,0,0,0,0,1005,1,16,nan
10430,202.56700000000001,0,0,0,0,0,1233,1,16,nan
10431,162.87299999999999,0,0,0,0,0,988,1,16,nan
10432,147.87899999999999,0,0,0,0,0,792,1,16,nan
10433,113.82599999999999,0,0,0,0,0,352,1,16,nan
10434,171.22800000000001,0,0,0,0,0,1051,1,16,nan
10435,133.92699999999999,0,0,0,0,0,598,1,16,nan
10436,134.56899999999999,0,0,0,0,0,586,1,16,nan
10437,163.333,0,0,0,0,0,971,1,16,nan
10438,185.666,0,0,0,0,0,1033,1,16,nan
10439,162.61699999999999,0,0,0,0,0,887,1,16,nan
10440,195.52699999999999,0,0,0,0,0,1081,1,16,nan
10441,166.28999999999999,0,0,0,0,0,870,1,16,nan
10442,206.99199999999999,0,0,0,0,0,1325,1,16,nan
10443,188.81700000000001,0,0,0,0,0,1227,1,16,nan
10444,179.173,0,0,0,0,0,1109,1,16,nan
10445,136.98400000000001,0,0,0,0,0,586,1,16,nan
10446,171.48500000000001,0,0,0,0,0,995,1,16,nan
10447,190.453,0,0,0,0,0,874,1,16,nan
10448,165.87,0,0,0,0,0,605,1,16,nan
10449,164.34700000000001,0,0,0,0,0,757,1,16,nan
10450,217.01300000000001,0,0,0,0,0,1194,1,16,nan
10451,165.25800000000001,0,0,0,0,0,792,1,16,nan
10452,197.45699999999999,0,0,0,0,0,1325,1,16,nan
10453,211.303,0,0,0,0,0,914,1,16,nan
10454,217.17099999999999,0,0,0,0,0,1255,1,16,nan
10455,161.697,0,0,0,0,0,675,1,16,nan
10456,198.608,0,0,0,0,0,1055,1,16,nan
10457,158.92599999999999,0,0,0,0,0,839,1,16,nan
10458,138.78100000000001,0,0,0,0,0,557,1,16,nan
10459,166.45400000000001,0,0,0,0,0,787,1,16,nan
10460,165.608,0,0,0,0,0,983,1,16,nan
10461,201.36799999999999,0,0,0,0,0,1228,1,16,nan
10462,190.56,0,0,0,0,0,1208,1,16,nan
10463,179.34299999999999,0,0,0,0,0,1133,1,16,nan
10464,177.63,0,0,0,0,0,989,1,16,nan
10465,150.81200000000001,0,0,0,0,0,777,1,16,nan
10466,206.018,0,0,0,0,0,1441,1,16,nan
10467,202.11600000000001,0,0,0,0,0,1357,1,16,nan
10468,161.108,0,0,0,0,0,890,1,16,nan
10469,182.50299999999999,0,0,0,0,0,1084,1,16,nan
10470,173.57400000000001,0,0,0,0,0,1024,1,16,nan
10471,165.61099999999999,0,0,0,0,0,966,1,16,nan
10472,181.404,0,0,0,0,0,1082,1,16,nan
10473,158.73699999999999,0,0,0,0,0,839,1,16,nan
10474,215.96600000000001,0,0,0,0,0,1210,1,16,nan
10475,216.91300000000001,0,0,0,0,0,1294,1,16,nan
10476,204.72399999999999,0,0,0,0,0,1097,1,16,nan
10477,205.34100000000001,0,0,0,0,0,1241,1,16,nan
10478,184.52199999999999,0,0,0,0,0,1205,1,16,nan
10479,171.935,0,0,0,0,0,1142,1,16,nan
10480,193.535,0,0,0,0,0,1266,1,16,nan
10481,181.92699999999999,0,0,0,0,0,1107,1,16,nan
10482,156.35300000000001,0,0,0,0,0,892,1,16,nan
10483,173.61600000000001,0,0,0,0,0,1027,1,16,nan
10484,179.09299999999999,0,0,0,0,0,1070,1,16,nan
10485,189.376,0,0,0,0,0,1226,1,16,nan
10486,191.434,0,0,0,0,0,1152,1,16,nan
10487,181.47499999999999,0,0,0,0,0,1102,1,16,nan
10488,173.23599999999999,0,0,0,0,0,1030,1,16,nan
10489,183.67500000000001,0,0,0,0,0,1094,1,16,nan
10490,188.40199999999999,0,0,0,0,0,1127,1,16,nan
10491,186.09800000000001,0,0,0,0,0,1165,1,16,nan
10492,179.178,0,0,0,0,0,1083,1,16,nan
10493,160.12100000000001,0,0,0,0,0,889,1,16,nan
10494,203.21600000000001,0,0,0,0,0,995,1,16,nan
10495,159.917,0,0,0,0,0,924,1,16,nan
10496,175.52199999999999,0,0,0,0,0,1076,1,16,nan
10497,178.15000000000001,0,0,0,0,0,1043,1,16,nan
10498,179.977,0,0,0,0,0,1094,1,16,nan
10499,196.82499999999999,0,0,0,0,0,1298,1,16,nan
10500,176.41200000000001,0,0,0,0,0,1165,1,16,nan
10501,145.66399999999999,0,0,0,0,0,737,1,16,nan
10502,194.63399999999999,0,0,0,0,0,1045,1,16,nan
10503,175.416,0,0,0,0,0,1062,1,16,nan
10504,155.74100000000001,0,0,0,0,0,831,1,16,nan
10505,121.62,0,0,0,0,0,457,1,16,nan
10506,197.57599999999999,0,0,0,0,0,1309,1,16,nan
10507,190.55699999999999,0,0,0,0,0,1143,1,16,nan
10508,191.16999999999999,0,0,0,0,0,1219,1,16,nan
10509,178.53800000000001,0,0,0,0,0,1143,1,16,nan
10510,116.11799999999999,0,0,0,0,0,338,1,16,nan
10511,202.291,0,0,0,0,0,1315,1,16,nan
10512,206.214,0,0,0,0,0,1344,1,16,nan
10513,188.94499999999999,0,0,0,0,0,1020,1,16,nan
10514,169.63,0,0,0,0,0,882,1,16,nan
10515,170.83600000000001,0,0,0,0,0,1041,1,16,nan
10516,209.26499999999999,0,0,0,0,0,1158,1,16,nan
10517,224.38900000000001,0,0,0,0,0,1395,1,16,nan
10518,141.10400000000001,0,0,0,0,0,452,1,16,nan
10519,206.38300000000001,0,0,0,0,0,1115,1,16,nan
10520,179.137,0,0,0,0,0,904,1,16,nan
10521,161.55699999999999,0,0,0,0,0,954,1,16,nan
10522,166.08699999999999,0,0,0,0,0,1041,1,16,nan
10523,164.44499999999999,0,0,0,0,0,940,1,16,nan
10524,180.17500000000001,0,0,0,0,0,1187,1,16,nan
10525,135.07599999999999,0,0,0,0,0,590,1,16,nan
10526,174.95599999999999,0,0,0,0,0,1133,1,16,nan
10527,168.46199999999999,0,0,0,0,0,1112,1,16,nan
10528,175.58799999999999,0,0,0,0,0,1055,1,16,nan
10529,149.333,0,0,0,0,0,754,1,16,nan
10530,178.875,0,0,0,0,0,1178,1,16,nan
10531,169.631,0,0,0,0,0,987,1,16,nan
10532,167.614,0,0,0,0,0,995,1,16,nan
10533,190.56200000000001,0,0,0,0,0,1294,1,16,nan
10534,157.697,0,0,0,0,0,891,1,16,nan
10535,174.53100000000001,0,0,0,0,0,1125,1,16,nan
10536,185.16999999999999,0,0,0,0,0,1251,1,16,nan
10537,180.583,0,0,0,0,0,1170,1,16,nan
10538,202.01499999999999,0,0,0,0,0,1415,1,16,nan
10539,170.916,0,0,0,0,0,1069,1,16,nan
10540,184.74199999999999,0,0,0,0,0,1199,1,16,nan
10541,168.90899999999999,0,0,0,0,0,1108,1,16,nan
10542,131.67500000000001,0,0,0,0,0,557,1,16,nan
10543,183.13900000000001,0,0,0,0,0,1218,1,16,nan
10544,173.71899999999999,0,0,0,0,0,1116,1,16,nan
10545,150.94999999999999,0,0,0,0,0,767,1,16,nan
10546,176.12799999999999,0,0,0,0,0,1172,1,16,nan
10547,171.11199999999999,0,0,0,0,0,1050,1,16,nan
10548,176.32300000000001,0,0,0,0,0,1063,1,16,nan
10549,163.107,0,0,0,0,0,1039,1,16,nan
10550,148.93600000000001,0,0,0,0,0,810,1,16,nan
10551,175.82300000000001,0,0,0,0,0,1173,1,16,nan
10552,152.27099999999999,0,0,0,0,0,874,1,16,nan
10553,157.08099999999999,0,0,0,0,0,951,1,16,nan
10554,156.25,0,0,0,0,0,833,1,16,nan
10555,164.85900000000001,0,0,0,0,0,928,1,16,nan
10556,136.952,0,0,0,0,0,683,1,16,nan
10557,178,0,0,0,0,0,1144,1,16,nan
10558,171.685,0,0,0,0,0,1105,1,16,nan
10559,177.65600000000001,0,0,0,0,0,1139,1,16,nan
10560,181.166,0,0,0,0,0,1073,1,16,nan
10561,174.755,0,0,0,0,0,1168,1,16,nan
10562,171.91800000000001,0,0,0,0,0,1174,1,16,nan
10563,161.46600000000001,0,0,0,0,0,1014,1,16,nan
10564,192.178,0,0,0,0,0,1299,1,16,nan
10565,180.779,0,0,0,0,0,1170,1,16,nan
10566,179.63,0,0,0,0,0,1190,1,16,nan
10567,170.50800000000001,0,0,0,0,0,1035,1,16,nan
10568,164.12299999999999,0,0,0,0,0,1055,1,16,nan
10569,189.53399999999999,0,0,0,0,0,987,1,16,nan
10570,161.26400000000001,0,0,0,0,0,695,1,16,nan
10571,203.56299999999999,0,0,0,0,0,1222,1,16,nan
10572,188.20400000000001,0,0,0,0,0,914,1,16,nan
10573,151.27699999999999,0,0,0,0,0,868,1,16,nan
10574,157.76300000000001,0,0,0,0,0,974,1,16,nan
10575,169.33199999999999,0,0,0,0,0,1070,1,16,nan
10576,169.721,0,0,0,0,0,1092,1,16,nan
10577,137.15899999999999,0,0,0,0,0,642,1,16,nan
10578,166.733,0,0,0,0,0,1020,1,16,nan
10579,194.02000000000001,0,0,0,0,0,1017,1,16,nan
10580,183.09100000000001,0,0,0,0,0,1285,1,16,nan
10581,155.767,0,0,0,0,0,873,1,16,nan
10582,165.755,0,0,0,0,0,1032,1,16,nan
10583,203.84100000000001,0,0,0,0,0,1392,1,16,nan
10584,154.535,0,0,0,0,0,844,1,16,nan
10585,181.10499999999999,0,0,0,0,0,1284,1,16,nan
10586,180.96199999999999,0,0,0,0,0,1150,1,16,nan
10587,179.12799999999999,0,0,0,0,0,1248,1,16,nan
10588,183.78700000000001,0,0,0,0,0,1175,1,16,nan
10589,137.81999999999999,0,0,0,0,0,616,1,16,nan
10590,168.851,0,0,0,0,0,1070,1,16,nan
10591,163.892,0,0,0,0,0,1071,1,16,nan
10592,130.91999999999999,0,0,0,0,0,656,1,16,nan
10593,143.16800000000001,0,0,0,0,0,745,1,16,nan
10594,131.40000000000001,0,0,0,0,0,582,1,16,nan
10595,157.78100000000001,0,0,0,0,0,892,1,16,nan
10596,153.24799999999999,0,0,0,0,0,781,1,16,nan
10597,152.38900000000001,0,0,0,0,0,801,1,16,nan
10598,170.428,0,0,0,0,0,1012,1,16,nan
10599,173.18600000000001,0,0,0,0,0,1087,1,16,nan
10600,156.702,0,0,0,0,0,884,1,16,nan
10601,168.929,0,0,0,0,0,1041,1,16,nan
10602,163.69900000000001,0,0,0,0,0,940,1,16,nan
10603,158.16999999999999,0,0,0,0,0,1001,1,16,nan
10604,206.142,0,0,0,0,0,1450,1,16,nan
10605,170.58799999999999,0,0,0,0,0,1021,1,16,nan
10606,176.62100000000001,0,0,0,0,0,1165,1,16,nan
10607,182.011,0,0,0,0,0,1238,1,16,nan
10608,187.00899999999999,0,0,0,0,0,1230,1,16,nan
10609,206.583,0,0,0,0,0,1265,1,16,nan
10610,173.42500000000001,0,0,0,0,0,1101,1,16,nan
10611,188.01499999999999,0,0,0,0,0,1297,1,16,nan
10612,169.26400000000001,0,0,0,0,0,1009,1,16,nan
10613,188.559,0,0,0,0,0,1199,1,16,nan
10614,178.815,0,0,0,0,0,1079,1,16,nan
10615,151.09800000000001,0,0,0,0,0,731,1,16,nan
10616,175.70599999999999,0,0,0,0,0,1053,1,16,nan
10617,151.05799999999999,0,0,0,0,0,806,1,16,nan
10618,166.375,0,0,0,0,0,926,1,16,nan
10619,160.63800000000001,0,0,0,0,0,953,1,16,nan
10620,178.38999999999999,0,0,0,0,0,1126,1,16,nan
10621,192.98699999999999,0,0,0,0,0,1405,1,16,nan
10622,200.73099999999999,0,0,0,0,0,1306,1,16,nan
10623,196.017,0,0,0,0,0,1346,1,16,nan
10624,190.99100000000001,0,0,0,0,0,1100,1,16,nan
10625,129.79499999999999,0,0,0,0,0,580,1,16,nan
10626,180.137,0,0,0,0,0,1251,1,16,nan
10627,146.24799999999999,0,0,0,0,0,771,1,16,nan
10628,203,0,0,0,0,0,1329,1,16,nan
10629,179.42699999999999,0,0,0,0,0,1156,1,16,nan
10630,197.524,0,0,0,0,0,1078,1,16,nan
10631,157.654,0,0,0,0,0,808,1,16,nan
10632,192.57900000000001,0,0,0,0,0,1192,1,16,nan
10633,185.226,0,0,0,0,0,1137,1,16,nan
10634,164.35400000000001,0,0,0,0,0,892,1,16,nan
10635,155.84,0,0,0,0,0,794,1,16,nan
10636,185.65000000000001,0,0,0,0,0,1069,1,16,nan
10637,185.41300000000001,0,0,0,0,0,1151,1,16,nan
10638,212.785,0,0,0,0,0,1255,1,16,nan
10639,184.589,0,0,0,0,0,1249,1,16,nan
10640,164.93100000000001,0,0,0,0,0,963,1,16,nan
10641,168.71000000000001,0,0,0,0,0,1074,1,16,nan
10642,147.59299999999999,0,0,0,0,0,703,1,16,nan
10643,163.452,0,0,0,0,0,1043,1,16,nan
10644,179.11799999999999,0,0,0,0,0,1185,1,16,nan
10645,191.65199999999999,0,0,0,0,0,1254,1,16,nan
10646,188.255,0,0,0,0,0,1285,1,16,nan
10647,172.09800000000001,0,0,0,0,0,1083,1,16,nan
10648,180.98500000000001,0,0,0,0,0,1176,1,16,nan
10649,178.648,0,0,0,0,0,1243,1,16,nan
10650,196.59800000000001,0,0,0,0,0,1318,1,16,nan
10651,175.161,0,0,0,0,0,1177,1,16,nan
10652,199.28,0,0,0,0,0,1203,1,16,nan
10653,184.26900000000001,0,0,0,0,0,1030,1,16,nan
10654,187.41800000000001,0,0,0,0,0,1135,1,16,nan
10655,196.94900000000001,0,0,0,0,0,1306,1,16,nan
10656,192.85300000000001,0,0,0,0,0,1161,1,16,nan
10657,180.44,0,0,0,0,0,1114,1,16,nan
10658,210.57499999999999,0,0,0,0,0,976,1,16,nan
10659,215.392,0,0,0,0,0,1350,1,16,nan
10660,175.75,0,0,0,0,0,887,1,16,nan
10661,203.453,0,0,0,0,0,1222,1,16,nan
10662,200.904,0,0,0,0,0,1309,1,16,nan
10663,217.95599999999999,0,0,0,0,0,1254,1,16,nan
10664,188.32300000000001,0,0,0,0,0,1226,1,16,nan
10665,167.608,0,0,0,0,0,995,1,16,nan
10666,182.17500000000001,0,0,0,0,0,1217,1,16,nan
10667,168.28899999999999,0,0,0,0,0,1060,1,16,nan
10668,188.09999999999999,0,0,0,0,0,1258,1,16,nan
10669,142.03399999999999,0,0,0,0,0,659,1,16,nan
10670,183.172,0,0,0,0,0,961,1,16,nan
10671,124.657,0,0,0,0,0,396,1,16,nan
10672,200.215,0,0,0,0,0,1224,1,16,nan
10673,187.142,0,0,0,0,0,915,1,16,nan
10674,182.98699999999999,0,0,0,0,0,1117,1,16,nan
10675,148.45699999999999,0,0,0,0,0,765,1,16,nan
10676,170.86000000000001,0,0,0,0,0,1033,1,16,nan
10677,162.77699999999999,0,0,0,0,0,1020,1,16,nan
10678,127.262,0,0,0,0,0,502,1,16,nan
10679,170.85599999999999,0,0,0,0,0,1070,1,16,nan
10680,202.28200000000001,0,0,0,0,0,1346,1,16,nan
10681,172.30099999999999,0,0,0,0,0,1037,1,16,nan
10682,186.155,0,0,0,0,0,1257,1,16,nan
10683,133.684,0,0,0,0,0,590,1,16,nan
10684,140.77000000000001,0,0,0,0,0,699,1,16,nan
10685,148.709,0,0,0,0,0,822,1,16,nan
10686,166.261,0,0,0,0,0,1124,1,16,nan
10687,187.679,0,0,0,0,0,1197,1,16,nan
10688,182.13,0,0,0,0,0,1081,1,16,nan
10689,135.648,0,0,0,0,0,608,1,16,nan
10690,156.52099999999999,0,0,0,0,0,821,1,16,nan
10691,208.828,0,0,0,0,0,1370,1,16,nan
10692,199.36799999999999,0,0,0,0,0,1291,1,16,nan
10693,154.18700000000001,0,0,0,0,0,836,1,16,nan
10694,204.09,0,0,0,0,0,1328,1,16,nan
10695,187.923,0,0,0,0,0,933,1,16,nan
10696,195.988,0,0,0,0,0,1334,1,16,nan
10697,194.041,0,0,0,0,0,1264,1,16,nan
10698,186.83799999999999,0,0,0,0,0,1215,1,16,nan
10699,190.089,0,0,0,0,0,1254,1,16,nan
10700,182.91200000000001,0,0,0,0,0,1154,1,16,nan
10701,180.63300000000001,0,0,0,0,0,1168,1,16,nan
10702,189.97300000000001,0,0,0,0,0,1206,1,16,nan
10703,169.703,0,0,0,0,0,1063,1,16,nan
10704,178.905,0,0,0,0,0,1184,1,16,nan
10705,157.387,0,0,0,0,0,930,1,16,nan
10706,188.25399999999999,0,0,0,0,0,1251,1,16,nan
10707,182.846,0,0,0,0,0,1295,1,16,nan
10708,158.11500000000001,0,0,0,0,0,916,1,16,nan
10709,210.92400000000001,0,0,0,0,0,1553,1,16,nan
10710,148.36099999999999,0,0,0,0,0,823,1,16,nan
10711,170.05500000000001,0,0,0,0,0,1081,1,16,nan
10712,168.37299999999999,0,0,0,0,0,933,1,16,nan
10713,166.41499999999999,0,0,0,0,0,1001,1,16,nan
10714,181.94900000000001,0,0,0,0,0,1144,1,16,nan
10715,180.839,0,0,0,0,0,1161,1,16,nan
10716,172.73500000000001,0,0,0,0,0,1128,1,16,nan
10717,157.18799999999999,0,0,0,0,0,899,1,16,nan
10718,175.79499999999999,0,0,0,0,0,1044,1,16,nan
10719,184.327,0,0,0,0,0,1270,1,16,nan
10720,126.01000000000001,0,0,0,0,0,466,1,16,nan
10721,155.346,0,0,0,0,0,882,1,16,nan
10722,177.99600000000001,0,0,0,0,0,1074,1,16,nan
10723,161.40100000000001,0,0,0,0,0,983,1,16,nan
10724,187.74600000000001,0,0,0,0,0,1307,1,16,nan
10725,136.92699999999999,0,0,0,0,0,615,1,16,nan
10726,157.846,0,0,0,0,0,874,1,16,nan
10727,206.768,0,0,0,0,0,1069,1,16,nan
10728,184.04900000000001,0,0,0,0,0,1063,1,16,nan
10729,210.33199999999999,0,0,0,0,0,1273,1,16,nan
10730,200.523,0,0,0,0,0,1264,1,16,nan
10731,146.22300000000001,0,0,0,0,0,621,1,16,nan
10732,197.25,0,0,0,0,0,1098,1,16,nan
10733,183.41300000000001,0,0,0,0,0,1172,1,16,nan
10734,177.58199999999999,0,0,0,0,0,1210,1,16,nan
10735,139.71000000000001,0,0,0,0,0,698,1,16,nan
10736,123.386,0,0,0,0,0,465,1,16,nan
10737,175.08199999999999,0,0,0,0,0,1127,1,16,nan
10738,179.54300000000001,0,0,0,0,0,1194,1,16,nan
10739,179.404,0,0,0,0,0,1187,1,16,nan
10740,147.792,0,0,0,0,0,829,1,16,nan
10741,139.28,0,0,0,0,0,647,1,16,nan
10742,182.58500000000001,0,0,0,0,0,1326,1,16,nan
10743,154.69,0,0,0,0,0,908,1,16,nan
10744,193.547,0,0,0,0,0,1090,1,16,nan
10745,162.05699999999999,0,0,0,0,0,943,1,16,nan
10746,186.685,0,0,0,0,0,1108,1,16,nan
10747,192.25700000000001,0,0,0,0,0,1268,1,16,nan
10748,205.41499999999999,0,0,0,0,0,1146,1,16,nan
10749,174.65000000000001,0,0,0,0,0,1003,1,16,nan
10750,194.863,0,0,0,0,0,1189,1,16,nan
10751,177.24000000000001,0,0,0,0,0,1201,1,16,nan
10752,179.64699999999999,0,0,0,0,0,1176,1,16,nan
10753,180.94999999999999,0,0,0,0,0,1211,1,16,nan
10754,189.22900000000001,0,0,0,0,0,1256,1,16,nan
10755,179.64500000000001,0,0,0,0,0,1132,1,16,nan
10756,191.21899999999999,0,0,0,0,0,1264,1,16,nan
10757,177.58799999999999,0,0,0,0,0,1130,1,16,nan
10758,181.822,0,0,0,0,0,1305,1,16,nan
10759,167.47200000000001,0,0,0,0,0,1087,1,16,nan
10760,152.964,0,0,0,0,0,896,1,16,nan
10761,174.934,0,0,0,0,0,1114,1,16,nan
10762,171.351,0,0,0,0,0,1066,1,16,nan
10763,150.27500000000001,0,0,0,0,0,808,1,16,nan
10764,174.29499999999999,0,0,0,0,0,1151,1,16,nan
10765,144.44399999999999,0,0,0,0,0,683,1,16,nan
10766,185.82900000000001,0,0,0,0,0,1227,1,16,nan
10767,185.07499999999999,0,0,0,0,0,1227,1,16,nan
10768,172.85900000000001,0,0,0,0,0,1093,1,16,nan
10769,186.143,0,0,0,0,0,1228,1,16,nan
10770,123.02200000000001,0,0,0,0,0,439,1,16,nan
10771,199.33699999999999,0,0,0,0,0,1341,1,16,nan
10772,157.214,0,0,0,0,0,851,1,16,nan
10773,176.65299999999999,0,0,0,0,0,1158,1,16,nan
10774,156.06399999999999,0,0,0,0,0,878,1,16,nan
10775,175.28700000000001,0,0,0,0,0,980,1,16,nan
10776,173.61500000000001,0,0,0,0,0,1082,1,16,nan
10777,202.12100000000001,0,0,0,0,0,1481,1,16,nan
10778,158.464,0,0,0,0,0,841,1,16,nan
10779,137.626,0,0,0,0,0,663,1,16,nan
10780,147.447,0,0,0,0,0,800,1,16,nan
10781,208.68600000000001,0,0,0,0,0,1504,1,16,nan
10782,178.447,0,0,0,0,0,1226,1,16,nan
10783,167.87799999999999,0,0,0,0,0,1070,1,16,nan
10784,142.917,0,0,0,0,0,690,1,16,nan
10785,177.05099999999999,0,0,0,0,0,1080,1,16,nan
10786,153.84299999999999,0,0,0,0,0,862,1,16,nan
10787,192.107,0,0,0,0,0,1220,1,16,nan
10788,175.035,0,0,0,0,0,1112,1,16,nan
10789,164.68100000000001,0,0,0,0,0,1022,1,16,nan
10790,138.03999999999999,0,0,0,0,0,610,1,16,nan
10791,167.851,0,0,0,0,0,965,1,16,nan
10792,173.154,0,0,0,0,0,1119,1,16,nan
10793,176.25700000000001,0,0,0,0,0,1088,1,16,nan
10794,167.82300000000001,0,0,0,0,0,1031,1,16,nan
10795,173.73699999999999,0,0,0,0,0,1040,1,16,nan
10796,197.18299999999999,0,0,0,0,0,1037,1,16,nan
10797,154.29900000000001,0,0,0,0,0,698,1,16,nan
10798,175.44200000000001,0,0,0,0,0,1082,1,16,nan
10799,178.85300000000001,0,0,0,0,0,1223,1,16,nan
10800,157.49600000000001,0,0,0,0,0,839,1,16,nan
10801,168.54599999999999,0,0,0,0,0,1109,1,16,nan
10802,160.20099999999999,0,0,0,0,0,837,1,16,nan
10803,182.56100000000001,0,0,0,0,0,1147,1,16,nan
10804,187.31800000000001,0,0,0,0,0,1256,1,16,nan
10805,181.53100000000001,0,0,0,0,0,1226,1,16,nan
10806,185.553,0,0,0,0,0,1256,1,16,nan
10807,132.31899999999999,0,0,0,0,0,575,1,16,nan
10808,177.80500000000001,0,0,0,0,0,1144,1,16,nan
10809,158,0,0,0,0,0,957,1,16,nan
10810,182.11000000000001,0,0,0,0,0,1157,1,16,nan
10811,190.28700000000001,0,0,0,0,0,1261,1,16,nan
10812,181.94499999999999,0,0,0,0,0,1229,1,16,nan
10813,152.06399999999999,0,0,0,0,0,578,1,16,nan
10814,193.697,0,0,0,0,0,1233,1,16,nan
10815,167.13900000000001,0,0,0,0,0,961,1,16,nan
10816,166.15000000000001,0,0,0,0,0,918,1,16,nan
10817,182.065,0,0,0,0,0,1093,1,16,nan
10818,153.68799999999999,0,0,0,0,0,838,1,16,nan
10819,202.042,0,0,0,0,0,1332,1,16,nan
10820,215.52500000000001,0,0,0,0,0,1315,1,16,nan
10821,185.94200000000001,0,0,0,0,0,1176,1,16,nan
10822,187.98500000000001,0,0,0,0,0,1154,1,16,nan
10823,181.13300000000001,0,0,0,0,0,1164,1,16,nan
10824,206.96899999999999,0,0,0,0,0,1214,1,16,nan
10825,191.48500000000001,0,0,0,0,0,1235,1,16,nan
10826,161.03899999999999,0,0,0,0,0,865,1,16,nan
10827,174.78700000000001,0,0,0,0,0,1038,1,16,nan
10828,188.58000000000001,0,0,0,0,0,1030,1,16,nan
10829,156.28899999999999,0,0,0,0,0,711,1,16,nan
10830,158.02000000000001,0,0,0,0,0,825,1,16,nan
10831,175.74700000000001,0,0,0,0,0,1199,1,16,nan
10832,166.65100000000001,0,0,0,0,0,933,1,16,nan
10833,197.744,0,0,0,0,0,1015,1,16,nan
10834,188.167,0,0,0,0,0,1240,1,16,nan
10835,120.354,0,0,0,0,0,449,1,16,nan
10836,183.15600000000001,0,0,0,0,0,1241,1,16,nan
10837,149.715,0,0,0,0,0,819,1,16,nan
10838,166.089,0,0,0,0,0,1009,1,16,nan
10839,114.65000000000001,0,0,0,0,0,416,1,16,nan
10840,178.279,0,0,0,0,0,1109,1,16,nan
10841,178.959,0,0,0,0,0,1183,1,16,nan
10842,174.636,0,0,0,0,0,1057,1,16,nan
10843,189.21100000000001,0,0,0,0,0,1278,1,16,nan
10844,174.67500000000001,0,0,0,0,0,1177,1,16,nan
10845,166.03100000000001,0,0,0,0,0,978,1,16,nan
10846,193.43299999999999,0,0,0,0,0,1344,1,16,nan
10847,190.75800000000001,0,0,0,0,0,1221,1,16,nan
10848,188.048,0,0,0,0,0,1274,1,16,nan
10849,177.149,0,0,0,0,0,1159,1,16,nan
10850,174.74700000000001,0,0,0,0,0,1058,1,16,nan
10851,169.411,0,0,0,0,0,1031,1,16,nan
10852,202.60900000000001,0,0,0,0,0,1121,1,16,nan
10853,191.46100000000001,0,0,0,0,0,1077,1,16,nan
10854,177.48400000000001,0,0,0,0,0,981,1,16,nan
10855,150.82400000000001,0,0,0,0,0,618,1,16,nan
10856,187.036,0,0,0,0,0,1162,1,16,nan
10857,200.46799999999999,0,0,0,0,0,1226,1,16,nan
10858,186.35499999999999,0,0,0,0,0,871,1,16,nan
10859,148.76499999999999,0,0,0,0,0,768,1,16,nan
10860,174.90100000000001,0,0,0,0,0,1170,1,16,nan
10861,152.47200000000001,0,0,0,0,0,832,1,16,nan
10862,187.15799999999999,0,0,0,0,0,1250,1,16,nan
10863,190.68000000000001,0,0,0,0,0,1314,1,16,nan
10864,156.15299999999999,0,0,0,0,0,855,1,16,nan
10865,126.235,0,0,0,0,0,511,1,16,nan
10866,190.70599999999999,0,0,0,0,0,1316,1,16,nan
10867,184.953,0,0,0,0,0,1297,1,16,nan
10868,171.584,0,0,0,0,0,1064,1,16,nan
10869,126.74299999999999,0,0,0,0,0,505,1,16,nan
10870,194.24600000000001,0,0,0,0,0,1317,1,16,nan
10871,135.334,0,0,0,0,0,610,1,16,nan
10872,178.97,0,0,0,0,0,1170,1,16,nan
10873,183.78299999999999,0,0,0,0,0,1206,1,16,nan
10874,197.24600000000001,0,0,0,0,0,1312,1,16,nan
10875,196.80600000000001,0,0,0,0,0,1394,1,16,nan
10876,173.36600000000001,0,0,0,0,0,1093,1,16,nan
10877,178.86799999999999,0,0,0,0,0,1183,1,16,nan
10878,181.601,0,0,0,0,0,1167,1,16,nan
10879,175.797,0,0,0,0,0,1184,1,16,nan
10880,221.797,0,0,0,0,0,1460,1,16,nan
10881,192.726,0,0,0,0,0,1158,1,16,nan
10882,139.143,0,0,0,0,0,639,1,16,nan
10883,182.679,0,0,0,0,0,1153,1,16,nan
10884,154.50399999999999,0,0,0,0,0,801,1,16,nan
10885,183.309,0,0,0,0,0,1202,1,16,nan
10886,147.58799999999999,0,0,0,0,0,711,1,16,nan
10887,188.92599999999999,0,0,0,0,0,1138,1,16,nan
10888,169.392,0,0,0,0,0,977,1,16,nan
10889,177.62700000000001,0,0,0,0,0,1158,1,16,nan
10890,180.71000000000001,0,0,0,0,0,1144,1,16,nan
10891,142.114,0,0,0,0,0,723,1,16,nan
10892,177.851,0,0,0,0,0,1165,1,16,nan
10893,152.73400000000001,0,0,0,0,0,806,1,16,nan
10894,153.34899999999999,0,0,0,0,0,781,1,16,nan
10895,179.74600000000001,0,0,0,0,0,1231,1,16,nan
10896,171.16399999999999,0,0,0,0,0,1029,1,16,nan
10897,176.31299999999999,0,0,0,0,0,1156,1,16,nan
10898,180.95500000000001,0,0,0,0,0,1212,1,16,nan
10899,146.29300000000001,0,0,0,0,0,749,1,16,nan
10900,176.995,0,0,0,0,0,1137,1,16,nan
10901,175.88,0,0,0,0,0,1152,1,16,nan
10902,176.58000000000001,0,0,0,0,0,1206,1,16,nan
10903,137.13499999999999,0,0,0,0,0,664,1,16,nan
10904,182.60300000000001,0,0,0,0,0,1276,1,16,nan
10905,184.80199999999999,0,0,0,0,0,1252,1,16,nan
10906,168.709,0,0,0,0,0,1114,1,16,nan
10907,187.75899999999999,0,0,0,0,0,1199,1,16,nan
10908,163.56299999999999,0,0,0,0,0,1014,1,16,nan
10909,194.173,0,0,0,0,0,1332,1,16,nan
10910,155.45599999999999,0,0,0,0,0,964,1,16,nan
10911,179.87899999999999,0,0,0,0,0,1175,1,16,nan
10912,180.49299999999999,0,0,0,0,0,1197,1,16,nan
10913,164.12799999999999,0,0,0,0,0,1021,1,16,nan
10914,160.505,0,0,0,0,0,967,1,16,nan
10915,165.77199999999999,0,0,0,0,0,917,1,16,nan
10916,193.59700000000001,0,0,0,0,0,1361,1,16,nan
10917,214.27099999999999,0,0,0,0,0,1195,1,16,nan
10918,182.77799999999999,0,0,0,0,0,1243,1,16,nan
10919,175.06399999999999,0,0,0,0,0,1143,1,16,nan
10920,188.17699999999999,0,0,0,0,0,1235,1,16,nan
10921,163.614,0,0,0,0,0,1098,1,16,nan
10922,119.64,0,0,0,0,0,423,1,16,nan
10923,164.92599999999999,0,0,0,0,0,999,1,16,nan
10924,186.53200000000001,0,0,0,0,0,1216,1,16,nan
10925,187.59700000000001,0,0,0,0,0,1231,1,16,nan
10926,179.51499999999999,0,0,0,0,0,1142,1,16,nan
10927,186.65299999999999,0,0,0,0,0,1274,1,16,nan
10928,187.28200000000001,0,0,0,0,0,1151,1,16,nan
10929,158.08199999999999,0,0,0,0,0,921,1,16,nan
10930,178.23099999999999,0,0,0,0,0,1239,1,16,nan
10931,166.74700000000001,0,0,0,0,0,1045,1,16,nan
10932,149.374,0,0,0,0,0,792,1,16,nan
10933,175.91499999999999,0,0,0,0,0,1102,1,16,nan
10934,169.18700000000001,0,0,0,0,0,1023,1,16,nan
10935,167.334,0,0,0,0,0,960,1,16,nan
10936,165.47300000000001,0,0,0,0,0,1025,1,16,nan
10937,141.21700000000001,0,0,0,0,0,682,1,16,nan
10938,173.20599999999999,0,0,0,0,0,1018,1,16,nan
10939,192.32400000000001,0,0,0,0,0,1320,1,16,nan
10940,174.49000000000001,0,0,0,0,0,1124,1,16,nan
10941,123.328,0,0,0,0,0,493,1,16,nan
10942,174.34100000000001,0,0,0,0,0,1037,1,16,nan
10943,146.41900000000001,0,0,0,0,0,771,1,16,nan
10944,154.24299999999999,0,0,0,0,0,844,1,16,nan
10945,143.846,0,0,0,0,0,754,1,16,nan
10946,192.726,0,0,0,0,0,1247,1,16,nan
10947,191.34,0,0,0,0,0,1350,1,16,nan
10948,180.643,0,0,0,0,0,1179,1,16,nan
10949,141.60400000000001,0,0,0,0,0,640,1,16,nan
10950,201.65600000000001,0,0,0,0,0,1355,1,16,nan
10951,167.71199999999999,0,0,0,0,0,1035,1,16,nan
10952,145.87,0,0,0,0,0,714,1,16,nan
10953,158.53899999999999,0,0,0,0,0,958,1,16,nan
10954,195.893,0,0,0,0,0,1335,1,16,nan
10955,174.13200000000001,0,0,0,0,0,1172,1,16,nan
10956,150.30099999999999,0,0,0,0,0,832,1,16,nan
10957,134.02799999999999,0,0,0,0,0,611,1,16,nan
10958,161.63999999999999,0,0,0,0,0,830,1,16,nan
10959,171.02600000000001,0,0,0,0,0,1125,1,16,nan
10960,180.62299999999999,0,0,0,0,0,1192,1,16,nan
10961,176.655,0,0,0,0,0,1155,1,16,nan
10962,181.291,0,0,0,0,0,1155,1,16,nan
10963,182.80699999999999,0,0,0,0,0,1237,1,16,nan
10964,187.18899999999999,0,0,0,0,0,1029,1,16,nan
10965,172.63800000000001,0,0,0,0,0,1026,1,16,nan
10966,148.50999999999999,0,0,0,0,0,761,1,16,nan
10967,142.44499999999999,0,0,0,0,0,591,1,16,nan
10968,192.10400000000001,0,0,0,0,0,1287,1,16,nan
10969,198.22499999999999,0,0,0,0,0,1244,1,16,nan
10970,220.905,0,0,0,0,0,1433,1,16,nan
10971,179.64599999999999,0,0,0,0,0,1170,1,16,nan
10972,128.58799999999999,0,0,0,0,0,494,1,16,nan
10973,184.49700000000001,0,0,0,0,0,1263,1,16,nan
10974,171.803,0,0,0,0,0,1101,1,16,nan
10975,125.32599999999999,0,0,0,0,0,497,1,16,nan
10976,157.99000000000001,0,0,0,0,0,785,1,16,nan
10977,141.732,0,0,0,0,0,722,1,16,nan
10978,169.76499999999999,0,0,0,0,0,1114,1,16,nan
10979,146.48699999999999,0,0,0,0,0,798,1,16,nan
10980,177.017,0,0,0,0,0,1148,1,16,nan
10981,183.595,0,0,0,0,0,1181,1,16,nan
10982,167.01599999999999,0,0,0,0,0,894,1,16,nan
10983,191.88499999999999,0,0,0,0,0,1316,1,16,nan
10984,152.13800000000001,0,0,0,0,0,852,1,16,nan
10985,150.839,0,0,0,0,0,791,1,16,nan
10986,177.44300000000001,0,0,0,0,0,1215,1,16,nan
10987,185.65299999999999,0,0,0,0,0,1186,1,16,nan
10988,182.85599999999999,0,0,0,0,0,1259,1,16,nan
10989,181.43899999999999,0,0,0,0,0,1241,1,16,nan
10990,161.72200000000001,0,0,0,0,0,866,1,16,nan
10991,139.94399999999999,0,0,0,0,0,676,1,16,nan
10992,166.054,0,0,0,0,0,1036,1,16,nan
10993,121.358,0,0,0,0,0,472,1,16,nan
10994,165.43799999999999,0,0,0,0,0,939,1,16,nan
10995,166.46000000000001,0,0,0,0,0,1089,1,16,nan
10996,155.559,0,0,0,0,0,861,1,16,nan
10997,191.16800000000001,0,0,0,0,0,1267,1,16,nan
10998,158.876,0,0,0,0,0,905,1,16,nan
10999,162.90899999999999,0,0,0,0,0,986,1,16,nan
11000,155.89099999999999,0,0,0,0,0,813,1,16,nan
11001,165.42099999999999,0,0,0,0,0,1010,1,16,nan
11002,183.601,0,0,0,0,0,921,1,16,nan
11003,150.233,0,0,0,0,0,825,1,16,nan
11004,158.11199999999999,0,0,0,0,0,874,1,16,nan
11005,179.11699999999999,0,0,0,0,0,1258,1,16,nan
11006,188.04400000000001,0,0,0,0,0,1140,1,16,nan
11007,164.58500000000001,0,0,0,0,0,966,1,16,nan
11008,169.28200000000001,0,0,0,0,0,1065,1,16,nan
11009,157.75399999999999,0,0,0,0,0,1032,1,16,nan
11010,176.97800000000001,0,0,0,0,0,1206,1,16,nan
11011,167.262,0,0,0,0,0,1041,1,16,nan
11012,171.96100000000001,0,0,0,0,0,1104,1,16,nan
11013,188.37,0,0,0,0,0,1104,1,16,nan
11014,181.27000000000001,0,0,0,0,0,1087,1,16,nan
11015,207.80500000000001,0,0,0,0,0,1191,1,16,nan
11016,175.447,0,0,0,0,0,971,1,16,nan
11017,153.56200000000001,0,0,0,0,0,756,1,16,nan
11018,192.44300000000001,0,0,0,0,0,1264,1,16,nan
11019,191.816,0,0,0,0,0,1212,1,16,nan
11020,176.077,0,0,0,0,0,1048,1,16,nan
11021,137.482,0,0,0,0,0,544,1,16,nan
11022,184.39400000000001,0,0,0,0,0,1034,1,16,nan
11023,202.57599999999999,0,0,0,0,0,1191,1,16,nan
11024,153.72999999999999,0,0,0,0,0,967,1,16,nan
11025,168.78999999999999,0,0,0,0,0,1095,1,16,nan
11026,197.59,0,0,0,0,0,1065,1,16,nan
11027,164.62899999999999,0,0,0,0,0,812,1,16,nan
11028,207.38300000000001,0,0,0,0,0,1102,1,16,nan
11029,192.233,0,0,0,0,0,1002,1,16,nan
11030,192.14599999999999,0,0,0,0,0,1216,1,16,nan
11031,182.28700000000001,0,0,0,0,0,1194,1,16,nan
11032,165.673,0,0,0,0,0,963,1,16,nan
11033,170.92099999999999,0,0,0,0,0,977,1,16,nan
11034,192.279,0,0,0,0,0,1311,1,16,nan
11035,157.125,0,0,0,0,0,794,1,16,nan
11036,168.47300000000001,0,0,0,0,0,1089,1,16,nan
11037,186.38200000000001,0,0,0,0,0,1198,1,16,nan
11038,155.12799999999999,0,0,0,0,0,910,1,16,nan
11039,175.315,0,0,0,0,0,1075,1,16,nan
11040,175.37,0,0,0,0,0,834,1,16,nan
11041,175.446,0,0,0,0,0,1130,1,16,nan
11042,163.99299999999999,0,0,0,0,0,882,1,16,nan
11043,173.745,0,0,0,0,0,1093,1,16,nan
11044,182.87,0,0,0,0,0,1204,1,16,nan
11045,174.07599999999999,0,0,0,0,0,952,1,16,nan
11046,147.25700000000001,0,0,0,0,0,744,1,16,nan
11047,219.00399999999999,0,0,0,0,0,1547,1,16,nan
11048,189.37799999999999,0,0,0,0,0,1183,1,16,nan
11049,163.208,0,0,0,0,0,934,1,16,nan
11050,199.52600000000001,0,0,0,0,0,1334,1,16,nan
11051,186.24600000000001,0,0,0,0,0,1184,1,16,nan
11052,148.27199999999999,0,0,0,0,0,648,1,16,nan
11053,174.381,0,0,0,0,0,1165,1,16,nan
11054,155.874,0,0,0,0,0,883,1,16,nan
11055,180.554,0,0,0,0,0,1195,1,16,nan
11056,179.50800000000001,0,0,0,0,0,1158,1,16,nan
11057,181.67400000000001,0,0,0,0,0,1246,1,16,nan
11058,151.017,0,0,0,0,0,858,1,16,nan
11059,116.84099999999999,0,0,0,0,0,459,1,16,nan
11060,201.309,0,0,0,0,0,1387,1,16,nan
11061,180.08000000000001,0,0,0,0,0,1131,1,16,nan
11062,129.88399999999999,0,0,0,0,0,535,1,16,nan
11063,148.41900000000001,0,0,0,0,0,754,1,16,nan
11064,198.68700000000001,0,0,0,0,0,1340,1,16,nan
11065,179.77199999999999,0,0,0,0,0,1213,1,16,nan
11066,181.131,0,0,0,0,0,1190,1,16,nan
11067,167.25899999999999,0,0,0,0,0,1024,1,16,nan
11068,178.483,0,0,0,0,0,1181,1,16,nan
11069,186.31999999999999,0,0,0,0,0,1218,1,16,nan
11070,179.501,0,0,0,0,0,1189,1,16,nan
11071,164.29400000000001,0,0,0,0,0,1012,1,16,nan
11072,168.577,0,0,0,0,0,1050,1,16,nan
11073,195.25200000000001,0,0,0,0,0,1153,1,16,nan
11074,130.22300000000001,0,0,0,0,0,469,1,16,nan
11075,182.61799999999999,0,0,0,0,0,1044,1,16,nan
11076,158.09100000000001,0,0,0,0,0,763,1,16,nan
11077,181.928,0,0,0,0,0,1182,1,16,nan
11078,171.22300000000001,0,0,0,0,0,1080,1,16,nan
11079,181.04900000000001,0,0,0,0,0,1102,1,16,nan
11080,186.69,0,0,0,0,0,1199,1,16,nan
11081,143.51599999999999,0,0,0,0,0,699,1,16,nan
11082,164.58500000000001,0,0,0,0,0,1075,1,16,nan
11083,158.822,0,0,0,0,0,924,1,16,nan
11084,170.708,0,0,0,0,0,952,1,16,nan
11085,168.142,0,0,0,0,0,1058,1,16,nan
11086,151.15199999999999,0,0,0,0,0,748,1,16,nan
11087,195.727,0,0,0,0,0,1059,1,16,nan
11088,189.77000000000001,0,0,0,0,0,1267,1,16,nan
11089,175.01599999999999,0,0,0,0,0,1145,1,16,nan
11090,135.51300000000001,0,0,0,0,0,650,1,16,nan
11091,181.22399999999999,0,0,0,0,0,1164,1,16,nan
11092,176.86000000000001,0,0,0,0,0,1127,1,16,nan
11093,161.054,0,0,0,0,0,967,1,16,nan
11094,181.482,0,0,0,0,0,1251,1,16,nan
11095,160.99100000000001,0,0,0,0,0,952,1,16,nan
11096,145.078,0,0,0,0,0,757,1,16,nan
11097,161.03200000000001,0,0,0,0,0,967,1,16,nan
11098,184.16,0,0,0,0,0,1153,1,16,nan
11099,177.65899999999999,0,0,0,0,0,1109,1,16,nan
11100,194.40100000000001,0,0,0,0,0,1313,1,16,nan
11101,159.887,0,0,0,0,0,957,1,16,nan
11102,149.255,0,0,0,0,0,840,1,16,nan
11103,163.38,0,0,0,0,0,938,1,16,nan
11104,186.23400000000001,0,0,0,0,0,1164,1,16,nan
11105,161.06299999999999,0,0,0,0,0,960,1,16,nan
11106,182.364,0,0,0,0,0,1264,1,16,nan
11107,136.679,0,0,0,0,0,627,1,16,nan
11108,187.69800000000001,0,0,0,0,0,1261,1,16,nan
11109,200.00299999999999,0,0,0,0,0,1353,1,16,nan
11110,201.773,0,0,0,0,0,1415,1,16,nan
11111,175.96100000000001,0,0,0,0,0,1137,1,16,nan
11112,182.65700000000001,0,0,0,0,0,1205,1,16,nan
11113,165.40299999999999,0,0,0,0,0,1055,1,16,nan
11114,150.00299999999999,0,0,0,0,0,899,1,16,nan
11115,178.77500000000001,0,0,0,0,0,1161,1,16,nan
11116,169.41999999999999,0,0,0,0,0,986,1,16,nan
11117,188.75299999999999,0,0,0,0,0,1303,1,16,nan
11118,195.84,0,0,0,0,0,1329,1,16,nan
11119,148.566,0,0,0,0,0,787,1,16,nan
11120,182.88,0,0,0,0,0,1247,1,16,nan
11121,144.91300000000001,0,0,0,0,0,698,1,16,nan
11122,172.96600000000001,0,0,0,0,0,1066,1,16,nan
11123,194.15100000000001,0,0,0,0,0,1309,1,16,nan
11124,133.386,0,0,0,0,0,604,1,16,nan
11125,197.81800000000001,0,0,0,0,0,1362,1,16,nan
11126,167.87799999999999,0,0,0,0,0,1091,1,16,nan
11127,159.042,0,0,0,0,0,878,1,16,nan
11128,175.70400000000001,0,0,0,0,0,1126,1,16,nan
11129,203.62100000000001,0,0,0,0,0,1202,1,16,nan
11130,177.285,0,0,0,0,0,1019,1,16,nan
11131,208.11099999999999,0,0,0,0,0,1243,1,16,nan
11132,174.37100000000001,0,0,0,0,0,806,1,16,nan
11133,187.55199999999999,0,0,0,0,0,1234,1,16,nan
11134,181.245,0,0,0,0,0,1236,1,16,nan
11135,132.49000000000001,0,0,0,0,0,639,1,16,nan
11136,184.36500000000001,0,0,0,0,0,1254,1,16,nan
11137,184.601,0,0,0,0,0,1175,1,16,nan
11138,193.78899999999999,0,0,0,0,0,1318,1,16,nan
11139,177.446,0,0,0,0,0,1123,1,16,nan
11140,170.661,0,0,0,0,0,1050,1,16,nan
11141,142.64500000000001,0,0,0,0,0,709,1,16,nan
11142,126.27,0,0,0,0,0,475,1,16,nan
11143,132.97999999999999,0,0,0,0,0,601,1,16,nan
11144,191.904,0,0,0,0,0,1313,1,16,nan
11145,155.364,0,0,0,0,0,821,1,16,nan
11146,191.97300000000001,0,0,0,0,0,1285,1,16,nan
11147,152.92500000000001,0,0,0,0,0,754,1,16,nan
11148,175.97499999999999,0,0,0,0,0,1174,1,16,nan
11149,127.509,0,0,0,0,0,503,1,16,nan
11150,194.19200000000001,0,0,0,0,0,1233,1,16,nan
11151,188.30500000000001,0,0,0,0,0,1284,1,16,nan
11152,180.619,0,0,0,0,0,1209,1,16,nan
11153,158.17400000000001,0,0,0,0,0,920,1,16,nan
11154,117.703,0,0,0,0,0,434,1,16,nan
11155,161.59200000000001,0,0,0,0,0,917,1,16,nan
11156,188.87200000000001,0,0,0,0,0,1144,1,16,nan
11157,177.255,0,0,0,0,0,1183,1,16,nan
11158,182.49600000000001,0,0,0,0,0,1135,1,16,nan
11159,174.57499999999999,0,0,0,0,0,1100,1,16,nan
11160,156.86099999999999,0,0,0,0,0,923,1,16,nan
11161,145.31800000000001,0,0,0,0,0,772,1,16,nan
11162,157.01300000000001,0,0,0,0,0,848,1,16,nan
11163,178.16800000000001,0,0,0,0,0,1220,1,16,nan
11164,192.68000000000001,0,0,0,0,0,1280,1,16,nan
11165,146.46600000000001,0,0,0,0,0,882,1,16,nan
11166,134.48400000000001,0,0,0,0,0,591,1,16,nan
11167,177.17400000000001,0,0,0,0,0,1150,1,16,nan
11168,231.08500000000001,0,0,0,0,0,1358,1,16,nan
11169,159.672,0,0,0,0,0,644,1,16,nan
11170,159.922,0,0,0,0,0,816,1,16,nan
11171,221.816,0,0,0,0,0,1206,1,16,nan
11172,157.05699999999999,0,0,0,0,0,823,1,16,nan
11173,195.22999999999999,0,0,0,0,0,1197,1,16,nan
11174,174.13900000000001,0,0,0,0,0,964,1,16,nan
11175,179.738,0,0,0,0,0,1022,1,16,nan
11176,181.04900000000001,0,0,0,0,0,1018,1,16,nan
11177,180.50899999999999,0,0,0,0,0,1126,1,16,nan
11178,151.78899999999999,0,0,0,0,0,831,1,16,nan
11179,161.69,0,0,0,0,0,896,1,16,nan
11180,174.01300000000001,0,0,0,0,0,1127,1,16,nan
11181,164.53,0,0,0,0,0,1018,1,16,nan
11182,203.05699999999999,0,0,0,0,0,1254,1,16,nan
11183,215.81299999999999,0,0,0,0,0,1187,1,16,nan
11184,167.31899999999999,0,0,0,0,0,747,1,16,nan
11185,209.767,0,0,0,0,0,1164,1,16,nan
11186,188.46799999999999,0,0,0,0,0,975,1,16,nan
11187,183.31399999999999,0,0,0,0,0,1069,1,16,nan
11188,225.00399999999999,0,0,0,0,0,1480,1,16,nan
11189,155.601,0,0,0,0,0,846,1,16,nan
11190,179.15600000000001,0,0,0,0,0,1085,1,16,nan
11191,140.13399999999999,0,0,0,0,0,754,1,16,nan
11192,162.178,0,0,0,0,0,984,1,16,nan
11193,189.18899999999999,0,0,0,0,0,1092,1,16,nan
11194,117.86199999999999,0,0,0,0,0,409,1,16,nan
11195,147.678,0,0,0,0,0,749,1,16,nan
11196,140.006,0,0,0,0,0,652,1,16,nan
11197,186.13499999999999,0,0,0,0,0,1096,1,16,nan
11198,169.40100000000001,0,0,0,0,0,967,1,16,nan
11199,170.524,0,0,0,0,0,1024,1,16,nan
11200,204.74100000000001,0,0,0,0,0,1261,1,16,nan
11201,168.423,0,0,0,0,0,1094,1,16,nan
11202,186.34,0,0,0,0,0,1187,1,16,nan
11203,171.87799999999999,0,0,0,0,0,1043,1,16,nan
11204,160.72,0,0,0,0,0,979,1,16,nan
11205,183.66999999999999,0,0,0,0,0,1185,1,16,nan
11206,254.30199999999999,0,0,0,0,0,1263,1,16,nan
11207,198.083,0,0,0,0,0,1047,1,16,nan
11208,260.04399999999998,0,0,0,0,0,1423,1,16,nan
11209,172.387,0,0,0,0,0,852,1,16,nan
11210,193.91800000000001,0,0,0,0,0,1211,1,16,nan
11211,176.81999999999999,0,0,0,0,0,1099,1,16,nan
11212,196.81399999999999,0,0,0,0,0,1190,1,16,nan
11213,172.64599999999999,0,0,0,0,0,913,1,16,nan
11214,205.41800000000001,0,0,0,0,0,1233,1,16,nan
11215,176.77500000000001,0,0,0,0,0,1157,1,16,nan
11216,152.69499999999999,0,0,0,0,0,801,1,16,nan
11217,166.47999999999999,0,0,0,0,0,1073,1,16,nan
11218,176.10900000000001,0,0,0,0,0,1039,1,16,nan
11219,159.88900000000001,0,0,0,0,0,967,1,16,nan
11220,173.08699999999999,0,0,0,0,0,1042,1,16,nan
11221,146.94300000000001,0,0,0,0,0,738,1,16,nan
11222,201.245,0,0,0,0,0,1385,1,16,nan
11223,174.035,0,0,0,0,0,1156,1,16,nan
11224,168.19200000000001,0,0,0,0,0,1008,1,16,nan
11225,151.017,0,0,0,0,0,812,1,16,nan
11226,176.56299999999999,0,0,0,0,0,1136,1,16,nan
11227,175.072,0,0,0,0,0,1044,1,16,nan
11228,189.53,0,0,0,0,0,1326,1,16,nan
11229,199.006,0,0,0,0,0,1435,1,16,nan
11230,180.584,0,0,0,0,0,1207,1,16,nan
11231,139.87700000000001,0,0,0,0,0,677,1,16,nan
11232,183.13300000000001,0,0,0,0,0,1176,1,16,nan
11233,169.44800000000001,0,0,0,0,0,1085,1,16,nan
11234,125.175,0,0,0,0,0,531,1,16,nan
11235,173.72499999999999,0,0,0,0,0,1159,1,16,nan
11236,160.56800000000001,0,0,0,0,0,958,1,16,nan
11237,183.989,0,0,0,0,0,1166,1,16,nan
11238,199.37799999999999,0,0,0,0,0,1398,1,16,nan
11239,167.095,0,0,0,0,0,1141,1,16,nan
11240,172.47800000000001,0,0,0,0,0,1126,1,16,nan
11241,177.25299999999999,0,0,0,0,0,1108,1,16,nan
11242,175.215,0,0,0,0,0,1125,1,16,nan
11243,190.471,0,0,0,0,0,1333,1,16,nan
11244,156.82599999999999,0,0,0,0,0,830,1,16,nan
11245,167.30199999999999,0,0,0,0,0,1073,1,16,nan
11246,168.50700000000001,0,0,0,0,0,1015,1,16,nan
11247,179.56299999999999,0,0,0,0,0,1130,1,16,nan
11248,153.75299999999999,0,0,0,0,0,916,1,16,nan
11249,160.583,0,0,0,0,0,880,1,16,nan
11250,175.29300000000001,0,0,0,0,0,1121,1,16,nan
11251,168.96799999999999,0,0,0,0,0,973,1,16,nan
11252,176.07499999999999,0,0,0,0,0,1207,1,16,nan
11253,157.50800000000001,0,0,0,0,0,936,1,16,nan
11254,186.43100000000001,0,0,0,0,0,1255,1,16,nan
11255,152.90100000000001,0,0,0,0,0,813,1,16,nan
11256,179.964,0,0,0,0,0,804,1,16,nan
11257,116.631,0,0,0,0,0,438,1,16,nan
11258,179.995,0,0,0,0,0,1224,1,16,nan
11259,185.45500000000001,0,0,0,0,0,1246,1,16,nan
11260,184.22999999999999,0,0,0,0,0,1093,1,16,nan
11261,192.233,0,0,0,0,0,1305,1,16,nan
11262,186.01400000000001,0,0,0,0,0,1222,1,16,nan
11263,178.821,0,0,0,0,0,1204,1,16,nan
11264,181.934,0,0,0,0,0,1188,1,16,nan
11265,163.297,0,0,0,0,0,946,1,16,nan
11266,174.77699999999999,0,0,0,0,0,1173,1,16,nan
11267,157.102,0,0,0,0,0,873,1,16,nan
11268,183.52799999999999,0,0,0,0,0,1163,1,16,nan
11269,127.303,0,0,0,0,0,526,1,16,nan
11270,221.53100000000001,0,0,0,0,0,1341,1,16,nan
11271,221.72200000000001,0,0,0,0,0,1126,1,16,nan
11272,206.45400000000001,0,0,0,0,0,1108,1,16,nan
11273,185.43600000000001,0,0,0,0,0,1030,1,16,nan
11274,156.48699999999999,0,0,0,0,0,885,1,16,nan
11275,180.566,0,0,0,0,0,1226,1,16,nan
11276,197.369,0,0,0,0,0,1330,1,16,nan
11277,161.07300000000001,0,0,0,0,0,906,1,16,nan
11278,177.95599999999999,0,0,0,0,0,1144,1,16,nan
11279,153.02099999999999,0,0,0,0,0,880,1,16,nan
11280,186.46700000000001,0,0,0,0,0,974,1,16,nan
11281,151.75800000000001,0,0,0,0,0,605,1,16,nan
11282,187.21899999999999,0,0,0,0,0,1035,1,16,nan
11283,174.45599999999999,0,0,0,0,0,863,1,16,nan
11284,158.036,0,0,0,0,0,854,1,16,nan
11285,197.79400000000001,0,0,0,0,0,1365,1,16,nan
11286,190.80799999999999,0,0,0,0,0,1287,1,16,nan
11287,148.053,0,0,0,0,0,681,1,16,nan
11288,160.971,0,0,0,0,0,926,1,16,nan
11289,133.33600000000001,0,0,0,0,0,637,1,16,nan
11290,112.68300000000001,0,0,0,0,0,357,1,16,nan
11291,192.91900000000001,0,0,0,0,0,1238,1,16,nan
11292,172.87200000000001,0,0,0,0,0,1095,1,16,nan
11293,188.69200000000001,0,0,0,0,0,1228,1,16,nan
11294,172.745,0,0,0,0,0,1162,1,16,nan
11295,173.29300000000001,0,0,0,0,0,1105,1,16,nan
11296,203.36799999999999,0,0,0,0,0,1456,1,16,nan
11297,143.63200000000001,0,0,0,0,0,678,1,16,nan
11298,185.25700000000001,0,0,0,0,0,1149,1,16,nan
11299,190.11199999999999,0,0,0,0,0,1252,1,16,nan
11300,176.95400000000001,0,0,0,0,0,1109,1,16,nan
11301,171.55699999999999,0,0,0,0,0,1115,1,16,nan
11302,119.482,0,0,0,0,0,416,1,16,nan
11303,168.649,0,0,0,0,0,1090,1,16,nan
11304,161.315,0,0,0,0,0,955,1,16,nan
11305,168.339,0,0,0,0,0,1010,1,16,nan
11306,146.33199999999999,0,0,0,0,0,710,1,16,nan
11307,172.98599999999999,0,0,0,0,0,1074,1,16,nan
11308,147.62200000000001,0,0,0,0,0,816,1,16,nan
11309,179.15199999999999,0,0,0,0,0,1179,1,16,nan
11310,173.91399999999999,0,0,0,0,0,1144,1,16,nan
11311,200.03200000000001,0,0,0,0,0,1350,1,16,nan
11312,183.203,0,0,0,0,0,1205,1,16,nan
11313,137.29499999999999,0,0,0,0,0,645,1,16,nan
11314,150.697,0,0,0,0,0,819,1,16,nan
11315,176.64099999999999,0,0,0,0,0,1150,1,16,nan
11316,205.53999999999999,0,0,0,0,0,1193,1,16,nan
11317,195.304,0,0,0,0,0,1103,1,16,nan
11318,167.386,0,0,0,0,0,774,1,16,nan
11319,159.77000000000001,0,0,0,0,0,635,1,16,nan
11320,173.834,0,0,0,0,0,972,1,16,nan
11321,189.61799999999999,0,0,0,0,0,1264,1,16,nan
11322,164.881,0,0,0,0,0,1056,1,16,nan
11323,208.61500000000001,0,0,0,0,0,1432,1,16,nan
11324,158.42699999999999,0,0,0,0,0,966,1,16,nan
11325,176.054,0,0,0,0,0,1128,1,16,nan
11326,132.36099999999999,0,0,0,0,0,613,1,16,nan
11327,168.08799999999999,0,0,0,0,0,1040,1,16,nan
11328,144.00999999999999,0,0,0,0,0,709,1,16,nan
11329,175.22800000000001,0,0,0,0,0,1097,1,16,nan
11330,159.06299999999999,0,0,0,0,0,918,1,16,nan
11331,189.363,0,0,0,0,0,1335,1,16,nan
11332,170.08099999999999,0,0,0,0,0,1120,1,16,nan
11333,169.58600000000001,0,0,0,0,0,1045,1,16,nan
11334,181.899,0,0,0,0,0,1182,1,16,nan
11335,168.21100000000001,0,0,0,0,0,829,1,16,nan
11336,161.245,0,0,0,0,0,943,1,16,nan
11337,185.209,0,0,0,0,0,1189,1,16,nan
11338,207.34100000000001,0,0,0,0,0,1495,1,16,nan
11339,180.84899999999999,0,0,0,0,0,1102,1,16,nan
11340,184.40299999999999,0,0,0,0,0,1124,1,16,nan
11341,215.19499999999999,0,0,0,0,0,1063,1,16,nan
11342,163.536,0,0,0,0,0,979,1,16,nan
11343,161.905,0,0,0,0,0,1022,1,16,nan
11344,176.48599999999999,0,0,0,0,0,1196,1,16,nan
11345,185.78899999999999,0,0,0,0,0,1258,1,16,nan
11346,183.81700000000001,0,0,0,0,0,1221,1,16,nan
11347,137.084,0,0,0,0,0,664,1,16,nan
11348,170.01400000000001,0,0,0,0,0,819,1,16,nan
11349,202.84999999999999,0,0,0,0,0,1227,1,16,nan
11350,200.964,0,0,0,0,0,1221,1,16,nan
11351,184.161,0,0,0,0,0,884,1,16,nan
11352,130.93299999999999,0,0,0,0,0,491,1,16,nan
11353,200.78899999999999,0,0,0,0,0,1444,1,16,nan
11354,145.96299999999999,0,0,0,0,0,781,1,16,nan
11355,168.13300000000001,0,0,0,0,0,1077,1,16,nan
11356,159.90700000000001,0,0,0,0,0,959,1,16,nan
11357,204.99799999999999,0,0,0,0,0,1410,1,16,nan
11358,149.24700000000001,0,0,0,0,0,789,1,16,nan
11359,177.06399999999999,0,0,0,0,0,1097,1,16,nan
11360,175.262,0,0,0,0,0,1104,1,16,nan
11361,167.42599999999999,0,0,0,0,0,970,1,16,nan
11362,151.37299999999999,0,0,0,0,0,838,1,16,nan
11363,188.08099999999999,0,0,0,0,0,1271,1,16,nan
11364,174.31700000000001,0,0,0,0,0,1099,1,16,nan
11365,183.71000000000001,0,0,0,0,0,1210,1,16,nan
11366,193.81800000000001,0,0,0,0,0,1324,1,16,nan
11367,174.40000000000001,0,0,0,0,0,1088,1,16,nan
11368,172.816,0,0,0,0,0,1196,1,16,nan
11369,185.15799999999999,0,0,0,0,0,1252,1,16,nan
11370,157.09700000000001,0,0,0,0,0,967,1,16,nan
11371,153.80799999999999,0,0,0,0,0,836,1,16,nan
11372,170.077,0,0,0,0,0,1153,1,16,nan
11373,120.46599999999999,0,0,0,0,0,417,1,16,nan
11374,157.08799999999999,0,0,0,0,0,972,1,16,nan
11375,172.005,0,0,0,0,0,1093,1,16,nan
11376,169.78,0,0,0,0,0,1027,1,16,nan
11377,158.96799999999999,0,0,0,0,0,925,1,16,nan
11378,181.32900000000001,0,0,0,0,0,1139,1,16,nan
11379,153.762,0,0,0,0,0,970,1,16,nan
11380,127.64,0,0,0,0,0,521,1,16,nan
11381,177.273,0,0,0,0,0,1093,1,16,nan
11382,195.52199999999999,0,0,0,0,0,1355,1,16,nan
11383,155.744,0,0,0,0,0,874,1,16,nan
11384,143.596,0,0,0,0,0,682,1,16,nan
11385,200.22499999999999,0,0,0,0,0,1432,1,16,nan
11386,151.93899999999999,0,0,0,0,0,895,1,16,nan
11387,204.90700000000001,0,0,0,0,0,1181,1,16,nan
11388,174.11099999999999,0,0,0,0,0,827,1,16,nan
11389,166.19,0,0,0,0,0,804,1,16,nan
11390,210.208,0,0,0,0,0,1264,1,16,nan
11391,135.56899999999999,0,0,0,0,0,603,1,16,nan
11392,176.47499999999999,0,0,0,0,0,1122,1,16,nan
11393,174.892,0,0,0,0,0,1085,1,16,nan
11394,198.21299999999999,0,0,0,0,0,1289,1,16,nan
11395,158.80000000000001,0,0,0,0,0,1001,1,16,nan
11396,152.81800000000001,0,0,0,0,0,862,1,16,nan
11397,136.977,0,0,0,0,0,616,1,16,nan
11398,187.226,0,0,0,0,0,1005,1,16,nan
11399,181.14599999999999,0,0,0,0,0,983,1,16,nan
11400,161.05099999999999,0,0,0,0,0,787,1,16,nan
11401,173.143,0,0,0,0,0,980,1,16,nan
11402,163.655,0,0,0,0,0,878,1,16,nan
11403,155.93799999999999,0,0,0,0,0,781,1,16,nan
11404,144.72200000000001,0,0,0,0,0,582,1,16,nan
11405,183.483,0,0,0,0,0,1048,1,16,nan
11406,194.95400000000001,0,0,0,0,0,1211,1,16,nan
11407,184.49199999999999,0,0,0,0,0,1025,1,16,nan
11408,196.941,0,0,0,0,0,1230,1,16,nan
11409,167.40700000000001,0,0,0,0,0,1024,1,16,nan
11410,184.65000000000001,0,0,0,0,0,1176,1,16,nan
11411,130.14099999999999,0,0,0,0,0,589,1,16,nan
11412,167.767,0,0,0,0,0,986,1,16,nan
11413,181.34800000000001,0,0,0,0,0,1160,1,16,nan
11414,134.66999999999999,0,0,0,0,0,619,1,16,nan
11415,194.89099999999999,0,0,0,0,0,1374,1,16,nan
11416,157.327,0,0,0,0,0,872,1,16,nan
11417,150.626,0,0,0,0,0,744,1,16,nan
11418,179.81399999999999,0,0,0,0,0,1175,1,16,nan
11419,119.242,0,0,0,0,0,451,1,16,nan
11420,175.488,0,0,0,0,0,1113,1,16,nan
11421,160.446,0,0,0,0,0,930,1,16,nan
11422,193.79599999999999,0,0,0,0,0,1311,1,16,nan
11423,176.042,0,0,0,0,0,1140,1,16,nan
11424,155.12899999999999,0,0,0,0,0,844,1,16,nan
11425,221.267,0,0,0,0,0,1289,1,16,nan
11426,167.55500000000001,0,0,0,0,0,993,1,16,nan
11427,175.68700000000001,0,0,0,0,0,1159,1,16,nan
11428,139.91900000000001,0,0,0,0,0,666,1,16,nan
11429,153.84800000000001,0,0,0,0,0,842,1,16,nan
11430,184.285,0,0,0,0,0,1236,1,16,nan
11431,137.91399999999999,0,0,0,0,0,636,1,16,nan
11432,129.88399999999999,0,0,0,0,0,628,1,16,nan
11433,167.37700000000001,0,0,0,0,0,1049,1,16,nan
11434,147.01900000000001,0,0,0,0,0,773,1,16,nan
11435,165.58099999999999,0,0,0,0,0,980,1,16,nan
11436,168.09100000000001,0,0,0,0,0,1082,1,16,nan
11437,183.97200000000001,0,0,0,0,0,1199,1,16,nan
11438,186.62799999999999,0,0,0,0,0,1280,1,16,nan
11439,143.309,0,0,0,0,0,716,1,16,nan
11440,202.27799999999999,0,0,0,0,0,1422,1,16,nan
11441,168.52099999999999,0,0,0,0,0,1084,1,16,nan
11442,185.09100000000001,0,0,0,0,0,1161,1,16,nan
11443,131.37899999999999,0,0,0,0,0,583,1,16,nan
11444,156.39400000000001,0,0,0,0,0,809,1,16,nan
11445,159.46100000000001,0,0,0,0,0,919,1,16,nan
11446,186.126,0,0,0,0,0,1180,1,16,nan
11447,177.74799999999999,0,0,0,0,0,1115,1,16,nan
11448,177.32499999999999,0,0,0,0,0,1176,1,16,nan
11449,157.55199999999999,0,0,0,0,0,936,1,16,nan
11450,171.64699999999999,0,0,0,0,0,1046,1,16,nan
11451,161.566,0,0,0,0,0,898,1,16,nan
11452,152.20599999999999,0,0,0,0,0,820,1,16,nan
11453,150.22,0,0,0,0,0,841,1,16,nan
11454,125.509,0,0,0,0,0,502,1,16,nan
11455,138.453,0,0,0,0,0,730,1,16,nan
11456,178.63300000000001,0,0,0,0,0,899,1,16,nan
11457,189.072,0,0,0,0,0,1101,1,16,nan
11458,208.977,0,0,0,0,0,1212,1,16,nan
11459,216.73400000000001,0,0,0,0,0,1389,1,16,nan
11460,194.33699999999999,0,0,0,0,0,1264,1,16,nan
11461,156.053,0,0,0,0,0,929,1,16,nan
11462,167.05600000000001,0,0,0,0,0,749,1,16,nan
11463,182.44,0,0,0,0,0,1124,1,16,nan
11464,199.63,0,0,0,0,0,1310,1,16,nan
11465,156.268,0,0,0,0,0,871,1,16,nan
11466,176.16,0,0,0,0,0,1119,1,16,nan
11467,188.90799999999999,0,0,0,0,0,1147,1,16,nan
11468,186.46600000000001,0,0,0,0,0,1056,1,16,nan
11469,172.149,0,0,0,0,0,1062,1,16,nan
11470,183.648,0,0,0,0,0,1092,1,16,nan
11471,169.505,0,0,0,0,0,1180,1,16,nan
11472,181.31399999999999,0,0,0,0,0,1256,1,16,nan
11473,195.476,0,0,0,0,0,1240,1,16,nan
11474,174.56,0,0,0,0,0,1204,1,16,nan
11475,165.661,0,0,0,0,0,807,1,16,nan
11476,171.869,0,0,0,0,0,1011,1,16,nan
11477,173.041,0,0,0,0,0,1092,1,16,nan
11478,182.34999999999999,0,0,0,0,0,1045,1,16,nan
11479,126.85299999999999,0,0,0,0,0,607,1,16,nan
11480,172.238,0,0,0,0,0,1009,1,16,nan
11481,189.51900000000001,0,0,0,0,0,1215,1,16,nan
11482,131.16300000000001,0,0,0,0,0,593,1,16,nan
11483,184.13399999999999,0,0,0,0,0,1213,1,16,nan
11484,182.744,0,0,0,0,0,1229,1,16,nan
11485,173.488,0,0,0,0,0,1069,1,16,nan
11486,147.05600000000001,0,0,0,0,0,756,1,16,nan
11487,197.22200000000001,0,0,0,0,0,1288,1,16,nan
11488,192.25200000000001,0,0,0,0,0,1315,1,16,nan
11489,140.78,0,0,0,0,0,729,1,16,nan
11490,146.15199999999999,0,0,0,0,0,721,1,16,nan
11491,177.048,0,0,0,0,0,1184,1,16,nan
11492,176.20099999999999,0,0,0,0,0,1179,1,16,nan
11493,186.5,0,0,0,0,0,1274,1,16,nan
11494,186.65199999999999,0,0,0,0,0,1280,1,16,nan
11495,108.874,0,0,0,0,0,341,1,16,nan
11496,179.529,0,0,0,0,0,1206,1,16,nan
11497,184.86199999999999,0,0,0,0,0,1303,1,16,nan
11498,189.13,0,0,0,0,0,1221,1,16,nan
11499,150.96899999999999,0,0,0,0,0,768,1,16,nan
11500,168.38900000000001,0,0,0,0,0,1055,1,16,nan
11501,188.24799999999999,0,0,0,0,0,1315,1,16,nan
11502,180.65000000000001,0,0,0,0,0,1207,1,16,nan
11503,186.846,0,0,0,0,0,1251,1,16,nan
11504,197.773,0,0,0,0,0,773,1,16,nan
11505,205.95699999999999,0,0,0,0,0,1192,1,16,nan
11506,204.63,0,0,0,0,0,1174,1,16,nan
11507,190.12899999999999,0,0,0,0,0,1025,1,16,nan
11508,172.44499999999999,0,0,0,0,0,813,1,16,nan
11509,144.607,0,0,0,0,0,422,1,16,nan
11510,244.46899999999999,0,0,0,0,0,1210,1,16,nan
11511,172.721,0,0,0,0,0,1135,1,16,nan
11512,154.352,0,0,0,0,0,929,1,16,nan
11513,187.167,0,0,0,0,0,1288,1,16,nan
11514,129.12200000000001,0,0,0,0,0,604,1,16,nan
11515,203.79599999999999,0,0,0,0,0,1402,1,16,nan
11516,154.63,0,0,0,0,0,803,1,16,nan
11517,172.72399999999999,0,0,0,0,0,1092,1,16,nan
11518,122.36199999999999,0,0,0,0,0,476,1,16,nan
11519,185.59,0,0,0,0,0,1160,1,16,nan
11520,148.53200000000001,0,0,0,0,0,804,1,16,nan
11521,142.655,0,0,0,0,0,673,1,16,nan
11522,161.32499999999999,0,0,0,0,0,951,1,16,nan
11523,160.68600000000001,0,0,0,0,0,968,1,16,nan
11524,164.62100000000001,0,0,0,0,0,1087,1,16,nan
11525,166.49799999999999,0,0,0,0,0,995,1,16,nan
11526,160.97900000000001,0,0,0,0,0,927,1,16,nan
11527,142.07499999999999,0,0,0,0,0,727,1,16,nan
11528,125.64400000000001,0,0,0,0,0,532,1,16,nan
11529,159.434,0,0,0,0,0,906,1,16,nan
11530,164.84,0,0,0,0,0,977,1,16,nan
11531,115.304,0,0,0,0,0,388,1,16,nan
11532,175.678,0,0,0,0,0,1096,1,16,nan
11533,177.88900000000001,0,0,0,0,0,1089,1,16,nan
11534,136.15700000000001,0,0,0,0,0,623,1,16,nan
11535,136.13200000000001,0,0,0,0,0,649,1,16,nan
11536,120.938,0,0,0,0,0,479,1,16,nan
11537,192.625,0,0,0,0,0,1349,1,16,nan
11538,159.905,0,0,0,0,0,926,1,16,nan
11539,99.644000000000005,0,0,0,0,0,216,1,16,nan
11540,184.899,0,0,0,0,0,944,1,16,nan
11541,193.965,0,0,0,0,0,1161,1,16,nan
11542,192.245,0,0,0,0,0,1098,1,16,nan
11543,146.64099999999999,0,0,0,0,0,504,1,16,nan
11544,172.44399999999999,0,0,0,0,0,1047,1,16,nan
11545,179.15000000000001,0,0,0,0,0,1155,1,16,nan
11546,178.41,0,0,0,0,0,1133,1,16,nan
11547,157.51499999999999,0,0,0,0,0,881,1,16,nan
11548,190.65600000000001,0,0,0,0,0,1289,1,16,nan
11549,192.36799999999999,0,0,0,0,0,1348,1,16,nan
11550,170.75800000000001,0,0,0,0,0,992,1,16,nan
11551,138.14099999999999,0,0,0,0,0,657,1,16,nan
11552,184.173,0,0,0,0,0,1188,1,16,nan
11553,181.96199999999999,0,0,0,0,0,1185,1,16,nan
11554,217.501,0,0,0,0,0,1295,1,16,nan
11555,165.02600000000001,0,0,0,0,0,994,1,16,nan
11556,184.74000000000001,0,0,0,0,0,1196,1,16,nan
11557,188.047,0,0,0,0,0,1143,1,16,nan
11558,144.72200000000001,0,0,0,0,0,680,1,16,nan
11559,160.38200000000001,0,0,0,0,0,884,1,16,nan
11560,183.041,0,0,0,0,0,1042,1,16,nan
11561,114.47199999999999,0,0,0,0,0,438,1,16,nan
11562,161.096,0,0,0,0,0,919,1,16,nan
11563,152.50800000000001,0,0,0,0,0,824,1,16,nan
11564,153.52500000000001,0,0,0,0,0,756,1,16,nan
11565,152.054,0,0,0,0,0,794,1,16,nan
11566,152.345,0,0,0,0,0,835,1,16,nan
11567,184.518,0,0,0,0,0,1252,1,16,nan
11568,143.82400000000001,0,0,0,0,0,666,1,16,nan
11569,164.99700000000001,0,0,0,0,0,970,1,16,nan
11570,178.24100000000001,0,0,0,0,0,1032,1,16,nan
11571,161.26300000000001,0,0,0,0,0,877,1,16,nan
11572,184.434,0,0,0,0,0,1229,1,16,nan
11573,195.25999999999999,0,0,0,0,0,1316,1,16,nan
11574,160.584,0,0,0,0,0,1011,1,16,nan
11575,173.88,0,0,0,0,0,1110,1,16,nan
11576,168.55199999999999,0,0,0,0,0,1007,1,16,nan
11577,215.56700000000001,0,0,0,0,0,1513,1,16,nan
11578,182.79599999999999,0,0,0,0,0,1162,1,16,nan
11579,163.50299999999999,0,0,0,0,0,861,1,16,nan
11580,179.68299999999999,0,0,0,0,0,1179,1,16,nan
11581,195.404,0,0,0,0,0,1371,1,16,nan
11582,189.57499999999999,0,0,0,0,0,1235,1,16,nan
11583,173.202,0,0,0,0,0,1058,1,16,nan
11584,170.13200000000001,0,0,0,0,0,1100,1,16,nan
11585,162.05500000000001,0,0,0,0,0,956,1,16,nan
11586,165.566,0,0,0,0,0,691,1,16,nan
11587,203.29499999999999,0,0,0,0,0,1183,1,16,nan
11588,183.48099999999999,0,0,0,0,0,990,1,16,nan
11589,178.435,0,0,0,0,0,720,1,16,nan
11590,203.91499999999999,0,0,0,0,0,1176,1,16,nan
11591,167.249,0,0,0,0,0,740,1,16,nan
11592,193.625,0,0,0,0,0,1157,1,16,nan
11593,200.91499999999999,0,0,0,0,0,1262,1,16,nan
11594,173.53200000000001,0,0,0,0,0,1027,1,16,nan
11595,207.709,0,0,0,0,0,1038,1,16,nan
11596,185.24000000000001,0,0,0,0,0,1164,1,16,nan
11597,188.267,0,0,0,0,0,1175,1,16,nan
11598,211.22999999999999,0,0,0,0,0,1328,1,16,nan
11599,158.99700000000001,0,0,0,0,0,804,1,16,nan
11600,176.10400000000001,0,0,0,0,0,1116,1,16,nan
11601,159.48500000000001,0,0,0,0,0,920,1,16,nan
11602,189.38999999999999,0,0,0,0,0,1085,1,16,nan
11603,194.68799999999999,0,0,0,0,0,1283,1,16,nan
11604,203.65299999999999,0,0,0,0,0,1351,1,16,nan
11605,142.85599999999999,0,0,0,0,0,710,1,16,nan
11606,190.94499999999999,0,0,0,0,0,1184,1,16,nan
11607,164.40600000000001,0,0,0,0,0,934,1,16,nan
11608,203.018,0,0,0,0,0,1349,1,16,nan
11609,202.798,0,0,0,0,0,1224,1,16,nan
11610,204.446,0,0,0,0,0,1448,1,16,nan
11611,167.63200000000001,0,0,0,0,0,989,1,16,nan
11612,149.05600000000001,0,0,0,0,0,749,1,16,nan
11613,166.92500000000001,0,0,0,0,0,968,1,16,nan
11614,179.67400000000001,0,0,0,0,0,1117,1,16,nan
11615,174.40799999999999,0,0,0,0,0,1118,1,16,nan
11616,127.917,0,0,0,0,0,545,1,16,nan
11617,203.65199999999999,0,0,0,0,0,1386,1,16,nan
11618,118.184,0,0,0,0,0,455,1,16,nan
11619,178.77799999999999,0,0,0,0,0,1104,1,16,nan
11620,165.11000000000001,0,0,0,0,0,1011,1,16,nan
11621,179.185,0,0,0,0,0,1110,1,16,nan
11622,184.59100000000001,0,0,0,0,0,1259,1,16,nan
11623,168.59700000000001,0,0,0,0,0,1075,1,16,nan
11624,202.279,0,0,0,0,0,1424,1,16,nan
11625,194.006,0,0,0,0,0,1342,1,16,nan
11626,184.47300000000001,0,0,0,0,0,1228,1,16,nan
11627,165.78399999999999,0,0,0,0,0,1007,1,16,nan
11628,190.387,0,0,0,0,0,1299,1,16,nan
11629,207.393,0,0,0,0,0,1463,1,16,nan
11630,185.00999999999999,0,0,0,0,0,1199,1,16,nan
11631,192.01599999999999,0,0,0,0,0,1187,1,16,nan
11632,187.31899999999999,0,0,0,0,0,996,1,16,nan
11633,201.983,0,0,0,0,0,1392,1,16,nan
11634,184.55099999999999,0,0,0,0,0,1198,1,16,nan
11635,178.27699999999999,0,0,0,0,0,1060,1,16,nan
11636,194.477,0,0,0,0,0,1230,1,16,nan
11637,188.08699999999999,0,0,0,0,0,1169,1,16,nan
11638,172.934,0,0,0,0,0,923,1,16,nan
11639,183.28999999999999,0,0,0,0,0,1213,1,16,nan
11640,162.09100000000001,0,0,0,0,0,932,1,16,nan
11641,134.25800000000001,0,0,0,0,0,621,1,16,nan
11642,170.55500000000001,0,0,0,0,0,1052,1,16,nan
11643,169.95400000000001,0,0,0,0,0,1021,1,16,nan
11644,169.28899999999999,0,0,0,0,0,923,1,16,nan
11645,199.416,0,0,0,0,0,1365,1,16,nan
11646,188.78299999999999,0,0,0,0,0,1272,1,16,nan
11647,168.661,0,0,0,0,0,1024,1,16,nan
11648,200.066,0,0,0,0,0,1180,1,16,nan
11649,184.72200000000001,0,0,0,0,0,1181,1,16,nan
11650,143.279,0,0,0,0,0,686,1,16,nan
11651,191.63300000000001,0,0,0,0,0,1270,1,16,nan
11652,140.67599999999999,0,0,0,0,0,608,1,16,nan
11653,132.35300000000001,0,0,0,0,0,586,1,16,nan
11654,186.87100000000001,0,0,0,0,0,1155,1,16,nan
11655,182.392,0,0,0,0,0,1058,1,16,nan
11656,185.87299999999999,0,0,0,0,0,995,1,16,nan
11657,209.167,0,0,0,0,0,1294,1,16,nan
11658,192.024,0,0,0,0,0,1076,1,16,nan
11659,212.839,0,0,0,0,0,1270,1,16,nan
11660,184.28,0,0,0,0,0,1219,1,16,nan
11661,135.315,0,0,0,0,0,630,1,16,nan
11662,186.244,0,0,0,0,0,1214,1,16,nan
11663,164.87700000000001,0,0,0,0,0,1039,1,16,nan
11664,178.26400000000001,0,0,0,0,0,1170,1,16,nan
11665,162.553,0,0,0,0,0,938,1,16,nan
11666,134.80799999999999,0,0,0,0,0,593,1,16,nan
11667,192.81200000000001,0,0,0,0,0,1361,1,16,nan
11668,147.49000000000001,0,0,0,0,0,801,1,16,nan
11669,173.00999999999999,0,0,0,0,0,1143,1,16,nan
11670,195.761,0,0,0,0,0,1337,1,16,nan
11671,196.667,0,0,0,0,0,1349,1,16,nan
11672,169.506,0,0,0,0,0,1026,1,16,nan
11673,152.15100000000001,0,0,0,0,0,824,1,16,nan
11674,176.54400000000001,0,0,0,0,0,1172,1,16,nan
11675,189.58799999999999,0,0,0,0,0,1311,1,16,nan
11676,151.804,0,0,0,0,0,822,1,16,nan
11677,203.863,0,0,0,0,0,1362,1,16,nan
11678,171.76400000000001,0,0,0,0,0,1053,1,16,nan
11679,212.34800000000001,0,0,0,0,0,1081,1,16,nan
11680,160.041,0,0,0,0,0,988,1,16,nan
11681,127.89700000000001,0,0,0,0,0,513,1,16,nan
11682,184.751,0,0,0,0,0,1275,1,16,nan
11683,185.49199999999999,0,0,0,0,0,1188,1,16,nan
11684,191.62700000000001,0,0,0,0,0,1276,1,16,nan
11685,154.161,0,0,0,0,0,845,1,16,nan
11686,174.124,0,0,0,0,0,1120,1,16,nan
11687,165.179,0,0,0,0,0,1014,1,16,nan
11688,190.827,0,0,0,0,0,1278,1,16,nan
11689,209.33600000000001,0,0,0,0,0,1485,1,16,nan
11690,173.74299999999999,0,0,0,0,0,1122,1,16,nan
11691,176.39599999999999,0,0,0,0,0,1154,1,16,nan
11692,172.809,0,0,0,0,0,1084,1,16,nan
11693,162.23400000000001,0,0,0,0,0,992,1,16,nan
11694,167.672,0,0,0,0,0,967,1,16,nan
11695,174.25800000000001,0,0,0,0,0,1184,1,16,nan
11696,170.245,0,0,0,0,0,1067,1,16,nan
11697,173.02199999999999,0,0,0,0,0,1104,1,16,nan
11698,214.95400000000001,0,0,0,0,0,1338,1,16,nan
11699,151.13800000000001,0,0,0,0,0,753,1,16,nan
11700,189.95500000000001,0,0,0,0,0,1163,1,16,nan
11701,167.31700000000001,0,0,0,0,0,993,1,16,nan
11702,156.208,0,0,0,0,0,856,1,16,nan
11703,147.34800000000001,0,0,0,0,0,685,1,16,nan
11704,182.60900000000001,0,0,0,0,0,1120,1,16,nan
11705,187.417,0,0,0,0,0,1104,1,16,nan
11706,173.857,0,0,0,0,0,926,1,16,nan
11707,180.44399999999999,0,0,0,0,0,1194,1,16,nan
11708,141.68299999999999,0,0,0,0,0,694,1,16,nan
11709,183.79499999999999,0,0,0,0,0,1143,1,16,nan
11710,193.74700000000001,0,0,0,0,0,1313,1,16,nan
11711,165.21199999999999,0,0,0,0,0,984,1,16,nan
11712,176.74600000000001,0,0,0,0,0,1169,1,16,nan
11713,185.327,0,0,0,0,0,1242,1,16,nan
11714,148.042,0,0,0,0,0,768,1,16,nan
11715,192.303,0,0,0,0,0,1304,1,16,nan
11716,188.14099999999999,0,0,0,0,0,1207,1,16,nan
11717,164.815,0,0,0,0,0,955,1,16,nan
11718,177.38499999999999,0,0,0,0,0,1109,1,16,nan
11719,143.631,0,0,0,0,0,759,1,16,nan
11720,173.26599999999999,0,0,0,0,0,1050,1,16,nan
11721,163.553,0,0,0,0,0,967,1,16,nan
11722,171.559,0,0,0,0,0,1073,1,16,nan
11723,192.37100000000001,0,0,0,0,0,1325,1,16,nan
11724,190.63999999999999,0,0,0,0,0,995,1,16,nan
11725,218.26599999999999,0,0,0,0,0,1393,1,16,nan
11726,164.54300000000001,0,0,0,0,0,792,1,16,nan
11727,184.90700000000001,0,0,0,0,0,1033,1,16,nan
11728,161.23400000000001,0,0,0,0,0,847,1,16,nan
11729,169.19999999999999,0,0,0,0,0,1082,1,16,nan
11730,193.434,0,0,0,0,0,1316,1,16,nan
11731,183.28100000000001,0,0,0,0,0,1217,1,16,nan
11732,162.875,0,0,0,0,0,992,1,16,nan
11733,171.18199999999999,0,0,0,0,0,1065,1,16,nan
11734,184.56100000000001,0,0,0,0,0,1160,1,16,nan
11735,167.76300000000001,0,0,0,0,0,1058,1,16,nan
11736,148.35400000000001,0,0,0,0,0,814,1,16,nan
11737,185.19900000000001,0,0,0,0,0,1263,1,16,nan
11738,162.084,0,0,0,0,0,913,1,16,nan
11739,167.958,0,0,0,0,0,1069,1,16,nan
11740,160.345,0,0,0,0,0,895,1,16,nan
11741,163.54900000000001,0,0,0,0,0,1004,1,16,nan
11742,173.05500000000001,0,0,0,0,0,1085,1,16,nan
11743,177.178,0,0,0,0,0,1157,1,16,nan
11744,164.23400000000001,0,0,0,0,0,684,1,16,nan
11745,211.47999999999999,0,0,0,0,0,1357,1,16,nan
11746,189.70500000000001,0,0,0,0,0,1054,1,16,nan
11747,186.39099999999999,0,0,0,0,0,999,1,16,nan
11748,168.59299999999999,0,0,0,0,0,1080,1,16,nan
11749,174.31800000000001,0,0,0,0,0,1092,1,16,nan
11750,165.81800000000001,0,0,0,0,0,1051,1,16,nan
11751,189.71700000000001,0,0,0,0,0,1277,1,16,nan
11752,124.358,0,0,0,0,0,436,1,16,nan
11753,175.404,0,0,0,0,0,1112,1,16,nan
11754,170.46899999999999,0,0,0,0,0,1041,1,16,nan
11755,191.22499999999999,0,0,0,0,0,1216,1,16,nan
11756,203.91499999999999,0,0,0,0,0,1404,1,16,nan
11757,161.55199999999999,0,0,0,0,0,918,1,16,nan
11758,151.035,0,0,0,0,0,861,1,16,nan
11759,163.60499999999999,0,0,0,0,0,1021,1,16,nan
11760,184.988,0,0,0,0,0,1249,1,16,nan
11761,172.35400000000001,0,0,0,0,0,1127,1,16,nan
11762,168.857,0,0,0,0,0,1152,1,16,nan
11763,156.04300000000001,0,0,0,0,0,835,1,16,nan
11764,206.506,0,0,0,0,0,1092,1,16,nan
11765,164.374,0,0,0,0,0,1058,1,16,nan
11766,189.041,0,0,0,0,0,1314,1,16,nan
11767,176.91300000000001,0,0,0,0,0,1217,1,16,nan
11768,172.81299999999999,0,0,0,0,0,1009,1,16,nan
11769,221.94999999999999,0,0,0,0,0,1320,1,16,nan
11770,180.23099999999999,0,0,0,0,0,1161,1,16,nan
11771,162.13399999999999,0,0,0,0,0,1013,1,16,nan
11772,186.351,0,0,0,0,0,1240,1,16,nan
11773,128.14400000000001,0,0,0,0,0,578,1,16,nan
11774,172.386,0,0,0,0,0,1163,1,16,nan
11775,192.12799999999999,0,0,0,0,0,1321,1,16,nan
11776,160.44300000000001,0,0,0,0,0,1105,1,16,nan
11777,172.10599999999999,0,0,0,0,0,1107,1,16,nan
11778,203.49199999999999,0,0,0,0,0,1186,1,16,nan
11779,198.45599999999999,0,0,0,0,0,998,1,16,nan
11780,192.03200000000001,0,0,0,0,0,1119,1,16,nan
11781,176.017,0,0,0,0,0,1067,1,16,nan
11782,181.78999999999999,0,0,0,0,0,1057,1,16,nan
11783,166.77099999999999,0,0,0,0,0,967,1,16,nan
11784,179.84999999999999,0,0,0,0,0,1118,1,16,nan
11785,190.36099999999999,0,0,0,0,0,1173,1,16,nan
11786,204.30799999999999,0,0,0,0,0,1261,1,16,nan
11787,186.648,0,0,0,0,0,1040,1,16,nan
11788,152.06100000000001,0,0,0,0,0,897,1,16,nan
11789,177.46199999999999,0,0,0,0,0,1177,1,16,nan
11790,129.738,0,0,0,0,0,549,1,16,nan
11791,165.67599999999999,0,0,0,0,0,958,1,16,nan
11792,140.53899999999999,0,0,0,0,0,701,1,16,nan
11793,194.65299999999999,0,0,0,0,0,1266,1,16,nan
11794,165.80699999999999,0,0,0,0,0,1028,1,16,nan
11795,174.33699999999999,0,0,0,0,0,1068,1,16,nan
11796,156.245,0,0,0,0,0,831,1,16,nan
11797,144.21899999999999,0,0,0,0,0,733,1,16,nan
11798,172.11500000000001,0,0,0,0,0,1041,1,16,nan
11799,187.45699999999999,0,0,0,0,0,1299,1,16,nan
11800,181.30099999999999,0,0,0,0,0,1134,1,16,nan
11801,195.62700000000001,0,0,0,0,0,1122,1,16,nan
11802,165.81299999999999,0,0,0,0,0,929,1,16,nan
11803,176.65199999999999,0,0,0,0,0,1049,1,16,nan
11804,177.691,0,0,0,0,0,1138,1,16,nan
11805,190.239,0,0,0,0,0,1191,1,16,nan
11806,197.458,0,0,0,0,0,1222,1,16,nan
11807,147.334,0,0,0,0,0,713,1,16,nan
11808,193.292,0,0,0,0,0,1182,1,16,nan
11809,190.98400000000001,0,0,0,0,0,1329,1,16,nan
11810,173.67599999999999,0,0,0,0,0,1163,1,16,nan
11811,191.96100000000001,0,0,0,0,0,1329,1,16,nan
11812,162.50200000000001,0,0,0,0,0,878,1,16,nan
11813,162.613,0,0,0,0,0,975,1,16,nan
11814,192.92699999999999,0,0,0,0,0,1253,1,16,nan
11815,171.83199999999999,0,0,0,0,0,1069,1,16,nan
11816,167.33600000000001,0,0,0,0,0,1118,1,16,nan
11817,168.81800000000001,0,0,0,0,0,1062,1,16,nan
11818,152.53399999999999,0,0,0,0,0,873,1,16,nan
11819,158.458,0,0,0,0,0,913,1,16,nan
11820,152.411,0,0,0,0,0,830,1,16,nan
11821,188.499,0,0,0,0,0,1245,1,16,nan
11822,182.5,0,0,0,0,0,1179,1,16,nan
11823,172.279,0,0,0,0,0,1121,1,16,nan
11824,163.386,0,0,0,0,0,1043,1,16,nan
11825,178.80500000000001,0,0,0,0,0,972,1,16,nan
11826,184.363,0,0,0,0,0,1170,1,16,nan
11827,163.22900000000001,0,0,0,0,0,938,1,16,nan
11828,179.102,0,0,0,0,0,1137,1,16,nan
11829,181.81200000000001,0,0,0,0,0,1194,1,16,nan
11830,160.42400000000001,0,0,0,0,0,921,1,16,nan
11831,190.37299999999999,0,0,0,0,0,1198,1,16,nan
11832,182.577,0,0,0,0,0,1228,1,16,nan
11833,152.16200000000001,0,0,0,0,0,780,1,16,nan
11834,174.15100000000001,0,0,0,0,0,1117,1,16,nan
11835,167.23400000000001,0,0,0,0,0,1049,1,16,nan
11836,180.10499999999999,0,0,0,0,0,1229,1,16,nan
11837,188.666,0,0,0,0,0,1038,1,16,nan
11838,168.20699999999999,0,0,0,0,0,906,1,16,nan
11839,186.78299999999999,0,0,0,0,0,1143,1,16,nan
11840,169.02000000000001,0,0,0,0,0,1036,1,16,nan
11841,156.81700000000001,0,0,0,0,0,838,1,16,nan
11842,187.06800000000001,0,0,0,0,0,1201,1,16,nan
11843,184.45500000000001,0,0,0,0,0,1213,1,16,nan
11844,201.81399999999999,0,0,0,0,0,1221,1,16,nan
11845,179.24600000000001,0,0,0,0,0,1154,1,16,nan
11846,155.167,0,0,0,0,0,900,1,16,nan
11847,179.84999999999999,0,0,0,0,0,1165,1,16,nan
11848,186.08000000000001,0,0,0,0,0,1155,1,16,nan
11849,157.45699999999999,0,0,0,0,0,597,1,16,nan
11850,163.40600000000001,0,0,0,0,0,972,1,16,nan
11851,179.74700000000001,0,0,0,0,0,1183,1,16,nan
11852,170.34999999999999,0,0,0,0,0,1136,1,16,nan
11853,184.62200000000001,0,0,0,0,0,1277,1,16,nan
11854,182.536,0,0,0,0,0,1228,1,16,nan
11855,163.66399999999999,0,0,0,0,0,935,1,16,nan
11856,197.12700000000001,0,0,0,0,0,1363,1,16,nan
11857,185.38200000000001,0,0,0,0,0,1183,1,16,nan
11858,180.011,0,0,0,0,0,1134,1,16,nan
11859,175.58099999999999,0,0,0,0,0,1063,1,16,nan
11860,149.89699999999999,0,0,0,0,0,701,1,16,nan
11861,159.898,0,0,0,0,0,926,1,16,nan
11862,191.57400000000001,0,0,0,0,0,1305,1,16,nan
11863,149.964,0,0,0,0,0,779,1,16,nan
11864,180.59100000000001,0,0,0,0,0,1170,1,16,nan
11865,173.07900000000001,0,0,0,0,0,1053,1,16,nan
11866,155.739,0,0,0,0,0,865,1,16,nan
11867,173.12899999999999,0,0,0,0,0,1089,1,16,nan
11868,167.672,0,0,0,0,0,1023,1,16,nan
11869,171.048,0,0,0,0,0,1102,1,16,nan
11870,172.946,0,0,0,0,0,1117,1,16,nan
11871,179.56700000000001,0,0,0,0,0,1137,1,16,nan
11872,169.626,0,0,0,0,0,991,1,16,nan
11873,190.779,0,0,0,0,0,1297,1,16,nan
11874,164.5,0,0,0,0,0,969,1,16,nan
11875,175.75200000000001,0,0,0,0,0,1131,1,16,nan
11876,171.679,0,0,0,0,0,1036,1,16,nan
11877,132.81999999999999,0,0,0,0,0,566,1,16,nan
11878,169.274,0,0,0,0,0,1093,1,16,nan
11879,169.059,0,0,0,0,0,1069,1,16,nan
11880,189.91300000000001,0,0,0,0,0,1290,1,16,nan
11881,161.26599999999999,0,0,0,0,0,976,1,16,nan
11882,171.714,0,0,0,0,0,1108,1,16,nan
11883,190.00999999999999,0,0,0,0,0,1292,1,16,nan
11884,150.95599999999999,0,0,0,0,0,755,1,16,nan
11885,166.90899999999999,0,0,0,0,0,990,1,16,nan
11886,141.06100000000001,0,0,0,0,0,656,1,16,nan
11887,140.37799999999999,0,0,0,0,0,640,1,16,nan
11888,161.191,0,0,0,0,0,845,1,16,nan
11889,166.36000000000001,0,0,0,0,0,1036,1,16,nan
11890,182.84999999999999,0,0,0,0,0,1156,1,16,nan
11891,139.67500000000001,0,0,0,0,0,664,1,16,nan
11892,167.77099999999999,0,0,0,0,0,1008,1,16,nan
11893,174.34800000000001,0,0,0,0,0,1101,1,16,nan
11894,172.96799999999999,0,0,0,0,0,1071,1,16,nan
11895,195.72200000000001,0,0,0,0,0,1254,1,16,nan
11896,176.13900000000001,0,0,0,0,0,1113,1,16,nan
11897,172.26599999999999,0,0,0,0,0,1044,1,16,nan
11898,147.07400000000001,0,0,0,0,0,786,1,16,nan
11899,176.37299999999999,0,0,0,0,0,1151,1,16,nan
11900,185.04900000000001,0,0,0,0,0,1280,1,16,nan
11901,146.19,0,0,0,0,0,723,1,16,nan
11902,177.33799999999999,0,0,0,0,0,1171,1,16,nan
11903,178.24199999999999,0,0,0,0,0,1163,1,16,nan
11904,180.34999999999999,0,0,0,0,0,1184,1,16,nan
11905,173.51400000000001,0,0,0,0,0,1225,1,16,nan
11906,165.893,0,0,0,0,0,1031,1,16,nan
11907,157.81999999999999,0,0,0,0,0,953,1,16,nan
11908,154.17699999999999,0,0,0,0,0,786,1,16,nan
11909,176.24600000000001,0,0,0,0,0,1117,1,16,nan
11910,113.678,0,0,0,0,0,396,1,16,nan
11911,153.10900000000001,0,0,0,0,0,816,1,16,nan
11912,164.84200000000001,0,0,0,0,0,1015,1,16,nan
11913,186.661,0,0,0,0,0,1268,1,16,nan
11914,186.53999999999999,0,0,0,0,0,1258,1,16,nan
11915,197.81800000000001,0,0,0,0,0,1318,1,16,nan
11916,123.523,0,0,0,0,0,429,1,16,nan
11917,161.90000000000001,0,0,0,0,0,924,1,16,nan
11918,179.81899999999999,0,0,0,0,0,1160,1,16,nan
11919,155.35300000000001,0,0,0,0,0,773,1,16,nan
11920,158.33000000000001,0,0,0,0,0,899,1,16,nan
11921,180.05799999999999,0,0,0,0,0,1122,1,16,nan
11922,154.31200000000001,0,0,0,0,0,861,1,16,nan
11923,175.23599999999999,0,0,0,0,0,1051,1,16,nan
11924,183.03899999999999,0,0,0,0,0,1254,1,16,nan
11925,185.405,0,0,0,0,0,967,1,16,nan
11926,180.136,0,0,0,0,0,1027,1,16,nan
11927,193.76400000000001,0,0,0,0,0,1263,1,16,nan
11928,166.15199999999999,0,0,0,0,0,1011,1,16,nan
11929,154.07499999999999,0,0,0,0,0,801,1,16,nan
11930,191.952,0,0,0,0,0,1237,1,16,nan
11931,171.94399999999999,0,0,0,0,0,912,1,16,nan
11932,173.21600000000001,0,0,0,0,0,996,1,16,nan
11933,162.05799999999999,0,0,0,0,0,579,1,16,nan
11934,156.43899999999999,0,0,0,0,0,835,1,16,nan
11935,172.03299999999999,0,0,0,0,0,1104,1,16,nan
11936,171.18299999999999,0,0,0,0,0,1082,1,16,nan
11937,199.84899999999999,0,0,0,0,0,1320,1,16,nan
11938,179.572,0,0,0,0,0,1172,1,16,nan
11939,165.53299999999999,0,0,0,0,0,983,1,16,nan
11940,185.63399999999999,0,0,0,0,0,1242,1,16,nan
11941,183.64699999999999,0,0,0,0,0,1250,1,16,nan
11942,167.54900000000001,0,0,0,0,0,960,1,16,nan
11943,171.98699999999999,0,0,0,0,0,1114,1,16,nan
11944,150.85400000000001,0,0,0,0,0,892,1,16,nan
11945,179.57900000000001,0,0,0,0,0,1232,1,16,nan
11946,151.52199999999999,0,0,0,0,0,783,1,16,nan
11947,196.87299999999999,0,0,0,0,0,1289,1,16,nan
11948,158.18100000000001,0,0,0,0,0,862,1,16,nan
11949,161.87700000000001,0,0,0,0,0,912,1,16,nan
11950,169.55099999999999,0,0,0,0,0,1084,1,16,nan
11951,167.72800000000001,0,0,0,0,0,1044,1,16,nan
11952,166.56800000000001,0,0,0,0,0,1103,1,16,nan
11953,153.34100000000001,0,0,0,0,0,851,1,16,nan
11954,179.65700000000001,0,0,0,0,0,1140,1,16,nan
11955,147.17599999999999,0,0,0,0,0,733,1,16,nan
11956,137.78800000000001,0,0,0,0,0,635,1,16,nan
11957,172.48400000000001,0,0,0,0,0,1104,1,16,nan
11958,139.845,0,0,0,0,0,659,1,16,nan
11959,153.06800000000001,0,0,0,0,0,817,1,16,nan
11960,171.751,0,0,0,0,0,1152,1,16,nan
11961,194.304,0,0,0,0,0,1237,1,16,nan
11962,178.33000000000001,0,0,0,0,0,1142,1,16,nan
11963,164.78100000000001,0,0,0,0,0,1023,1,16,nan
11964,213.76300000000001,0,0,0,0,0,1535,1,16,nan
11965,184.898,0,0,0,0,0,1266,1,16,nan
11966,166.56299999999999,0,0,0,0,0,1011,1,16,nan
11967,179.11699999999999,0,0,0,0,0,1216,1,16,nan
11968,164.59899999999999,0,0,0,0,0,948,1,16,nan
11969,130.126,0,0,0,0,0,590,1,16,nan
11970,175.14099999999999,0,0,0,0,0,1059,1,16,nan
11971,156.72200000000001,0,0,0,0,0,909,1,16,nan
11972,195.90700000000001,0,0,0,0,0,1180,1,16,nan
11973,189.63399999999999,0,0,0,0,0,964,1,16,nan
11974,193.03700000000001,0,0,0,0,0,1193,1,16,nan
11975,205.215,0,0,0,0,0,1265,1,16,nan
11976,156.66999999999999,0,0,0,0,0,885,1,16,nan
11977,199.232,0,0,0,0,0,1241,1,16,nan
11978,195.89500000000001,0,0,0,0,0,1199,1,16,nan
11979,158.108,0,0,0,0,0,870,1,16,nan
11980,176.08000000000001,0,0,0,0,0,952,1,16,nan
11981,158.62799999999999,0,0,0,0,0,713,1,16,nan
11982,171.041,0,0,0,0,0,820,1,16,nan
11983,134.91,0,0,0,0,0,639,1,16,nan
11984,142.23699999999999,0,0,0,0,0,734,1,16,nan
11985,190.06200000000001,0,0,0,0,0,1003,1,16,nan
11986,176.54300000000001,0,0,0,0,0,966,1,16,nan
11987,181.476,0,0,0,0,0,982,1,16,nan
11988,186.904,0,0,0,0,0,781,1,16,nan
11989,166.84899999999999,0,0,0,0,0,935,1,16,nan
11990,177.768,0,0,0,0,0,1201,1,16,nan
11991,142.43199999999999,0,0,0,0,0,736,1,16,nan
11992,183.34100000000001,0,0,0,0,0,1175,1,16,nan
11993,176.63200000000001,0,0,0,0,0,1165,1,16,nan
11994,181.26400000000001,0,0,0,0,0,1205,1,16,nan
11995,193.42400000000001,0,0,0,0,0,1320,1,16,nan
11996,173.94399999999999,0,0,0,0,0,1111,1,16,nan
11997,185.25899999999999,0,0,0,0,0,1253,1,16,nan
11998,167.98699999999999,0,0,0,0,0,1067,1,16,nan
11999,168.65700000000001,0,0,0,0,0,1060,1,16,nan
12000,198.11799999999999,0,0,0,0,0,1413,1,16,nan
12001,133.42599999999999,0,0,0,0,0,564,1,16,nan
12002,173.453,0,0,0,0,0,1130,1,16,nan
12003,155.61500000000001,0,0,0,0,0,909,1,16,nan
12004,169.45400000000001,0,0,0,0,0,1010,1,16,nan
12005,166.59399999999999,0,0,0,0,0,1068,1,16,nan
12006,122.708,0,0,0,0,0,496,1,16,nan
12007,171.86199999999999,0,0,0,0,0,1019,1,16,nan
12008,185.16200000000001,0,0,0,0,0,1255,1,16,nan
12009,166.35599999999999,0,0,0,0,0,1053,1,16,nan
12010,189.441,0,0,0,0,0,1253,1,16,nan
12011,153.36799999999999,0,0,0,0,0,827,1,16,nan
12012,174.898,0,0,0,0,0,1123,1,16,nan
12013,189.19900000000001,0,0,0,0,0,1236,1,16,nan
12014,157.16300000000001,0,0,0,0,0,884,1,16,nan
12015,170.97999999999999,0,0,0,0,0,1103,1,16,nan
12016,189.05799999999999,0,0,0,0,0,1205,1,16,nan
12017,173.57400000000001,0,0,0,0,0,1115,1,16,nan
12018,214.232,0,0,0,0,0,1180,1,16,nan
12019,177.10300000000001,0,0,0,0,0,1130,1,16,nan
12020,213.833,0,0,0,0,0,1546,1,16,nan
12021,177.98500000000001,0,0,0,0,0,1142,1,16,nan
12022,163.08199999999999,0,0,0,0,0,1074,1,16,nan
12023,158.054,0,0,0,0,0,974,1,16,nan
12024,181.72499999999999,0,0,0,0,0,1127,1,16,nan
12025,171.096,0,0,0,0,0,1039,1,16,nan
12026,217.01400000000001,0,0,0,0,0,1525,1,16,nan
12027,198.11699999999999,0,0,0,0,0,1306,1,16,nan
12028,178.572,0,0,0,0,0,1227,1,16,nan
12029,196.17400000000001,0,0,0,0,0,1366,1,16,nan
12030,158.499,0,0,0,0,0,920,1,16,nan
12031,151.137,0,0,0,0,0,880,1,16,nan
12032,126.946,0,0,0,0,0,540,1,16,nan
12033,198.40299999999999,0,0,0,0,0,1229,1,16,nan
12034,168.72300000000001,0,0,0,0,0,942,1,16,nan
12035,172.86500000000001,0,0,0,0,0,958,1,16,nan
12036,159.41999999999999,0,0,0,0,0,775,1,16,nan
12037,152.26900000000001,0,0,0,0,0,793,1,16,nan
12038,198.88499999999999,0,0,0,0,0,1325,1,16,nan
12039,184.792,0,0,0,0,0,1134,1,16,nan
12040,219.39599999999999,0,0,0,0,0,1331,1,16,nan
12041,174.05000000000001,0,0,0,0,0,1014,1,16,nan
12042,181.12299999999999,0,0,0,0,0,1198,1,16,nan
12043,190.785,0,0,0,0,0,1200,1,16,nan
12044,129.36600000000001,0,0,0,0,0,564,1,16,nan
12045,156.37700000000001,0,0,0,0,0,887,1,16,nan
12046,150.477,0,0,0,0,0,813,1,16,nan
12047,191.054,0,0,0,0,0,1285,1,16,nan
12048,176.02699999999999,0,0,0,0,0,1104,1,16,nan
12049,162.46799999999999,0,0,0,0,0,992,1,16,nan
12050,200.36699999999999,0,0,0,0,0,1314,1,16,nan
12051,150.45400000000001,0,0,0,0,0,744,1,16,nan
12052,172.39599999999999,0,0,0,0,0,1108,1,16,nan
12053,185.66300000000001,0,0,0,0,0,1260,1,16,nan
12054,194.869,0,0,0,0,0,1246,1,16,nan
12055,173.08799999999999,0,0,0,0,0,1011,1,16,nan
12056,181.84800000000001,0,0,0,0,0,1244,1,16,nan
12057,149.596,0,0,0,0,0,870,1,16,nan
12058,170.36500000000001,0,0,0,0,0,1004,1,16,nan
12059,156.34800000000001,0,0,0,0,0,851,1,16,nan
12060,171.251,0,0,0,0,0,1135,1,16,nan
12061,172.90299999999999,0,0,0,0,0,1083,1,16,nan
12062,166.023,0,0,0,0,0,1056,1,16,nan
12063,158.98699999999999,0,0,0,0,0,893,1,16,nan
12064,113.958,0,0,0,0,0,309,1,16,nan
12065,166.21100000000001,0,0,0,0,0,1043,1,16,nan
12066,179.16999999999999,0,0,0,0,0,1210,1,16,nan
12067,187.089,0,0,0,0,0,1281,1,16,nan
12068,186.255,0,0,0,0,0,1184,1,16,nan
12069,176.262,0,0,0,0,0,1130,1,16,nan
12070,171.21299999999999,0,0,0,0,0,1064,1,16,nan
12071,190.792,0,0,0,0,0,1328,1,16,nan
12072,175.65899999999999,0,0,0,0,0,1063,1,16,nan
12073,186.71799999999999,0,0,0,0,0,1268,1,16,nan
12074,160.483,0,0,0,0,0,964,1,16,nan
12075,148.58199999999999,0,0,0,0,0,789,1,16,nan
12076,182.84299999999999,0,0,0,0,0,1212,1,16,nan
12077,177.97399999999999,0,0,0,0,0,1181,1,16,nan
12078,143.392,0,0,0,0,0,743,1,16,nan
12079,170.99000000000001,0,0,0,0,0,1120,1,16,nan
12080,166.05000000000001,0,0,0,0,0,996,1,16,nan
12081,183.48500000000001,0,0,0,0,0,1214,1,16,nan
12082,180.47499999999999,0,0,0,0,0,1132,1,16,nan
12083,192.63,0,0,0,0,0,1335,1,16,nan
12084,139.01499999999999,0,0,0,0,0,627,1,16,nan
12085,172.77699999999999,0,0,0,0,0,1089,1,16,nan
12086,182.15299999999999,0,0,0,0,0,1215,1,16,nan
12087,180.333,0,0,0,0,0,1165,1,16,nan
12088,166.43600000000001,0,0,0,0,0,1120,1,16,nan
12089,161.07499999999999,0,0,0,0,0,927,1,16,nan
12090,159.17599999999999,0,0,0,0,0,898,1,16,nan
12091,180.85400000000001,0,0,0,0,0,1192,1,16,nan
12092,175.88999999999999,0,0,0,0,0,1128,1,16,nan
12093,172.65799999999999,0,0,0,0,0,1138,1,16,nan
12094,181.45500000000001,0,0,0,0,0,1224,1,16,nan
12095,188.614,0,0,0,0,0,1305,1,16,nan
12096,181.393,0,0,0,0,0,1130,1,16,nan
12097,186.21899999999999,0,0,0,0,0,1275,1,16,nan
12098,165.988,0,0,0,0,0,1037,1,16,nan
12099,177.18899999999999,0,0,0,0,0,1125,1,16,nan
12100,161.52799999999999,0,0,0,0,0,1003,1,16,nan
12101,166.84,0,0,0,0,0,1128,1,16,nan
12102,155.935,0,0,0,0,0,972,1,16,nan
12103,153.27199999999999,0,0,0,0,0,485,1,16,nan
12104,161.06299999999999,0,0,0,0,0,966,1,16,nan
12105,183.45099999999999,0,0,0,0,0,1168,1,16,nan
12106,181.542,0,0,0,0,0,1166,1,16,nan
12107,174.56700000000001,0,0,0,0,0,1094,1,16,nan
12108,177.47,0,0,0,0,0,1189,1,16,nan
12109,176.643,0,0,0,0,0,1209,1,16,nan
12110,184.761,0,0,0,0,0,1296,1,16,nan
12111,187.33000000000001,0,0,0,0,0,1180,1,16,nan
12112,153.43700000000001,0,0,0,0,0,761,1,16,nan
12113,136.53700000000001,0,0,0,0,0,686,1,16,nan
12114,176.36799999999999,0,0,0,0,0,1183,1,16,nan
12115,181.11500000000001,0,0,0,0,0,1219,1,16,nan
12116,169.947,0,0,0,0,0,1032,1,16,nan
12117,178.25399999999999,0,0,0,0,0,1167,1,16,nan
12118,178.506,0,0,0,0,0,1215,1,16,nan
12119,179.28700000000001,0,0,0,0,0,1209,1,16,nan
12120,160.86199999999999,0,0,0,0,0,954,1,16,nan
12121,178.12,0,0,0,0,0,1151,1,16,nan
12122,177.41999999999999,0,0,0,0,0,1143,1,16,nan
12123,162.20099999999999,0,0,0,0,0,876,1,16,nan
12124,161.392,0,0,0,0,0,976,1,16,nan
12125,176.048,0,0,0,0,0,1210,1,16,nan
12126,195.91499999999999,0,0,0,0,0,1403,1,16,nan
12127,171.071,0,0,0,0,0,1103,1,16,nan
12128,198.21799999999999,0,0,0,0,0,1320,1,16,nan
12129,180.94800000000001,0,0,0,0,0,1268,1,16,nan
12130,178.18899999999999,0,0,0,0,0,1166,1,16,nan
12131,160.46299999999999,0,0,0,0,0,982,1,16,nan
12132,177.89400000000001,0,0,0,0,0,1201,1,16,nan
12133,163.57400000000001,0,0,0,0,0,973,1,16,nan
12134,179.465,0,0,0,0,0,1073,1,16,nan
12135,133.732,0,0,0,0,0,595,1,16,nan
12136,166.172,0,0,0,0,0,1083,1,16,nan
12137,155.13200000000001,0,0,0,0,0,782,1,16,nan
12138,181.334,0,0,0,0,0,1247,1,16,nan
12139,164.125,0,0,0,0,0,1065,1,16,nan
12140,184.679,0,0,0,0,0,1182,1,16,nan
12141,163.898,0,0,0,0,0,985,1,16,nan
12142,147.44900000000001,0,0,0,0,0,738,1,16,nan
12143,177.80699999999999,0,0,0,0,0,1159,1,16,nan
12144,157.76400000000001,0,0,0,0,0,887,1,16,nan
12145,172.56399999999999,0,0,0,0,0,1047,1,16,nan
12146,179.684,0,0,0,0,0,1091,1,16,nan
12147,158.971,0,0,0,0,0,880,1,16,nan
12148,155.55000000000001,0,0,0,0,0,878,1,16,nan
12149,163.923,0,0,0,0,0,981,1,16,nan
12150,181.76499999999999,0,0,0,0,0,1218,1,16,nan
12151,172.93199999999999,0,0,0,0,0,1008,1,16,nan
12152,167.191,0,0,0,0,0,1056,1,16,nan
12153,187.28999999999999,0,0,0,0,0,1299,1,16,nan
12154,150.72900000000001,0,0,0,0,0,892,1,16,nan
12155,138.31200000000001,0,0,0,0,0,652,1,16,nan
12156,170.88399999999999,0,0,0,0,0,1023,1,16,nan
12157,183.09800000000001,0,0,0,0,0,1190,1,16,nan
12158,209.417,0,0,0,0,0,1482,1,16,nan
12159,188.24299999999999,0,0,0,0,0,1304,1,16,nan
12160,156.83699999999999,0,0,0,0,0,592,1,16,nan
12161,199.524,0,0,0,0,0,1259,1,16,nan
12162,154.215,0,0,0,0,0,698,1,16,nan
12163,215.035,0,0,0,0,0,1246,1,16,nan
12164,197.21000000000001,0,0,0,0,0,1368,1,16,nan
12165,199.03700000000001,0,0,0,0,0,1169,1,16,nan
12166,216.67699999999999,0,0,0,0,0,1276,1,16,nan
12167,197.62299999999999,0,0,0,0,0,1291,1,16,nan
12168,169.626,0,0,0,0,0,906,1,16,nan
12169,171.82499999999999,0,0,0,0,0,999,1,16,nan
12170,188.19,0,0,0,0,0,1217,1,16,nan
12171,174.114,0,0,0,0,0,1054,1,16,nan
12172,170.31700000000001,0,0,0,0,0,1033,1,16,nan
12173,203.31899999999999,0,0,0,0,0,1211,1,16,nan
12174,196.31700000000001,0,0,0,0,0,1122,1,16,nan
12175,176.38999999999999,0,0,0,0,0,1125,1,16,nan
12176,150.33000000000001,0,0,0,0,0,810,1,16,nan
12177,176.27799999999999,0,0,0,0,0,1149,1,16,nan
12178,167.15100000000001,0,0,0,0,0,898,1,16,nan
12179,163.96600000000001,0,0,0,0,0,873,1,16,nan
12180,162.84200000000001,0,0,0,0,0,817,1,16,nan
12181,184.41999999999999,0,0,0,0,0,1215,1,16,nan
12182,175.56800000000001,0,0,0,0,0,1147,1,16,nan
12183,203.62899999999999,0,0,0,0,0,1164,1,16,nan
12184,203.57400000000001,0,0,0,0,0,1035,1,16,nan
12185,199.274,0,0,0,0,0,1092,1,16,nan
12186,202.88499999999999,0,0,0,0,0,1121,1,16,nan
12187,157.93100000000001,0,0,0,0,0,439,1,16,nan
12188,178.03700000000001,0,0,0,0,0,1121,1,16,nan
12189,178.446,0,0,0,0,0,1117,1,16,nan
12190,171.053,0,0,0,0,0,1110,1,16,nan
12191,215.06399999999999,0,0,0,0,0,1284,1,16,nan
12192,198.553,0,0,0,0,0,1143,1,16,nan
12193,195.73099999999999,0,0,0,0,0,1063,1,16,nan
12194,202.86000000000001,0,0,0,0,0,1224,1,16,nan
12195,181.887,0,0,0,0,0,895,1,16,nan
12196,180.53700000000001,0,0,0,0,0,1098,1,16,nan
12197,177.958,0,0,0,0,0,1151,1,16,nan
12198,184.726,0,0,0,0,0,1237,1,16,nan
12199,177.63800000000001,0,0,0,0,0,1165,1,16,nan
12200,158.84399999999999,0,0,0,0,0,858,1,16,nan
12201,158.363,0,0,0,0,0,810,1,16,nan
12202,159.23099999999999,0,0,0,0,0,893,1,16,nan
12203,163.32900000000001,0,0,0,0,0,995,1,16,nan
12204,174.148,0,0,0,0,0,1118,1,16,nan
12205,127.514,0,0,0,0,0,587,1,16,nan
12206,115.694,0,0,0,0,0,405,1,16,nan
12207,172.06100000000001,0,0,0,0,0,1087,1,16,nan
12208,182.65600000000001,0,0,0,0,0,1170,1,16,nan
12209,199.26499999999999,0,0,0,0,0,1317,1,16,nan
12210,189.55500000000001,0,0,0,0,0,1272,1,16,nan
12211,170.86000000000001,0,0,0,0,0,1059,1,16,nan
12212,168.803,0,0,0,0,0,1070,1,16,nan
12213,164.12200000000001,0,0,0,0,0,1038,1,16,nan
12214,179.25899999999999,0,0,0,0,0,1206,1,16,nan
12215,180.529,0,0,0,0,0,1227,1,16,nan
12216,180.97900000000001,0,0,0,0,0,1233,1,16,nan
12217,184.345,0,0,0,0,0,1220,1,16,nan
12218,163.315,0,0,0,0,0,996,1,16,nan
12219,192.798,0,0,0,0,0,1107,1,16,nan
12220,235.411,0,0,0,0,0,1659,1,16,nan
12221,135.15100000000001,0,0,0,0,0,542,1,16,nan
12222,145.99299999999999,0,0,0,0,0,696,1,16,nan
12223,152.81800000000001,0,0,0,0,0,805,1,16,nan
12224,174.41300000000001,0,0,0,0,0,1083,1,16,nan
12225,173.27600000000001,0,0,0,0,0,984,1,16,nan
12226,177.22999999999999,0,0,0,0,0,1142,1,16,nan
12227,187.69399999999999,0,0,0,0,0,1261,1,16,nan
12228,166.44200000000001,0,0,0,0,0,922,1,16,nan
12229,201.14099999999999,0,0,0,0,0,1351,1,16,nan
12230,207.94999999999999,0,0,0,0,0,1421,1,16,nan
12231,159.077,0,0,0,0,0,792,1,16,nan
12232,181.81700000000001,0,0,0,0,0,1176,1,16,nan
12233,152.95500000000001,0,0,0,0,0,826,1,16,nan
12234,170.601,0,0,0,0,0,1080,1,16,nan
12235,157.06200000000001,0,0,0,0,0,967,1,16,nan
12236,174.858,0,0,0,0,0,1141,1,16,nan
12237,161.67400000000001,0,0,0,0,0,1041,1,16,nan
12238,160.20400000000001,0,0,0,0,0,948,1,16,nan
12239,139.29300000000001,0,0,0,0,0,665,1,16,nan
12240,193.28999999999999,0,0,0,0,0,1279,1,16,nan
12241,181.386,0,0,0,0,0,1169,1,16,nan
12242,211.04300000000001,0,0,0,0,0,1488,1,16,nan
12243,193.72499999999999,0,0,0,0,0,1199,1,16,nan
12244,132.90600000000001,0,0,0,0,0,583,1,16,nan
12245,186.92099999999999,0,0,0,0,0,1308,1,16,nan
12246,147.571,0,0,0,0,0,813,1,16,nan
12247,174.898,0,0,0,0,0,1122,1,16,nan
12248,193.40700000000001,0,0,0,0,0,1323,1,16,nan
12249,178.49700000000001,0,0,0,0,0,1206,1,16,nan
12250,148.91800000000001,0,0,0,0,0,758,1,16,nan
12251,177.68199999999999,0,0,0,0,0,1173,1,16,nan
12252,169.86699999999999,0,0,0,0,0,1066,1,16,nan
12253,141.14400000000001,0,0,0,0,0,727,1,16,nan
12254,200.65799999999999,0,0,0,0,0,1367,1,16,nan
12255,191.76300000000001,0,0,0,0,0,1369,1,16,nan
12256,181.41300000000001,0,0,0,0,0,1217,1,16,nan
12257,188.94800000000001,0,0,0,0,0,1233,1,16,nan
12258,169.06999999999999,0,0,0,0,0,1098,1,16,nan
12259,186.631,0,0,0,0,0,1269,1,16,nan
12260,152.947,0,0,0,0,0,856,1,16,nan
12261,138.68700000000001,0,0,0,0,0,639,1,16,nan
12262,153.98500000000001,0,0,0,0,0,828,1,16,nan
12263,178.83500000000001,0,0,0,0,0,1179,1,16,nan
12264,146.91999999999999,0,0,0,0,0,782,1,16,nan
12265,180.84200000000001,0,0,0,0,0,1168,1,16,nan
12266,171.56800000000001,0,0,0,0,0,1030,1,16,nan
12267,161.51300000000001,0,0,0,0,0,988,1,16,nan
12268,162.99100000000001,0,0,0,0,0,967,1,16,nan
12269,159.364,0,0,0,0,0,932,1,16,nan
12270,168.13,0,0,0,0,0,1070,1,16,nan
12271,153.101,0,0,0,0,0,742,1,16,nan
12272,201.12700000000001,0,0,0,0,0,1113,1,16,nan
12273,154.999,0,0,0,0,0,903,1,16,nan
12274,165.74600000000001,0,0,0,0,0,993,1,16,nan
12275,183.16800000000001,0,0,0,0,0,1211,1,16,nan
12276,119.12,0,0,0,0,0,413,1,16,nan
12277,155.87200000000001,0,0,0,0,0,851,1,16,nan
12278,188.41200000000001,0,0,0,0,0,1226,1,16,nan
12279,191.74100000000001,0,0,0,0,0,1306,1,16,nan
12280,174.80000000000001,0,0,0,0,0,1146,1,16,nan
12281,185.80099999999999,0,0,0,0,0,1249,1,16,nan
12282,182.196,0,0,0,0,0,1213,1,16,nan
12283,126.592,0,0,0,0,0,486,1,16,nan
12284,163.07499999999999,0,0,0,0,0,878,1,16,nan
12285,143.56200000000001,0,0,0,0,0,722,1,16,nan
12286,151.38999999999999,0,0,0,0,0,836,1,16,nan
12287,161.81399999999999,0,0,0,0,0,932,1,16,nan
12288,184.07400000000001,0,0,0,0,0,1263,1,16,nan
12289,124.426,0,0,0,0,0,442,1,16,nan
12290,176.94399999999999,0,0,0,0,0,1153,1,16,nan
12291,172.08600000000001,0,0,0,0,0,1143,1,16,nan
12292,169.62700000000001,0,0,0,0,0,1046,1,16,nan
12293,208.66300000000001,0,0,0,0,0,1337,1,16,nan
12294,160.548,0,0,0,0,0,811,1,16,nan
12295,163.42400000000001,0,0,0,0,0,896,1,16,nan
12296,156.721,0,0,0,0,0,882,1,16,nan
12297,178.49600000000001,0,0,0,0,0,1143,1,16,nan
12298,184.20599999999999,0,0,0,0,0,1181,1,16,nan
12299,180.84299999999999,0,0,0,0,0,940,1,16,nan
12300,168.03399999999999,0,0,0,0,0,1083,1,16,nan
12301,176.352,0,0,0,0,0,1070,1,16,nan
12302,193.52099999999999,0,0,0,0,0,1347,1,16,nan
12303,181.60599999999999,0,0,0,0,0,1220,1,16,nan
12304,148.518,0,0,0,0,0,766,1,16,nan
12305,148.505,0,0,0,0,0,819,1,16,nan
12306,162.38999999999999,0,0,0,0,0,992,1,16,nan
12307,171.749,0,0,0,0,0,975,1,16,nan
12308,177.70400000000001,0,0,0,0,0,1159,1,16,nan
12309,152.39699999999999,0,0,0,0,0,988,1,16,nan
12310,176.66999999999999,0,0,0,0,0,1087,1,16,nan
12311,167.73699999999999,0,0,0,0,0,997,1,16,nan
12312,154.208,0,0,0,0,0,890,1,16,nan
12313,164.19,0,0,0,0,0,1071,1,16,nan
12314,140.40799999999999,0,0,0,0,0,664,1,16,nan
12315,190.75399999999999,0,0,0,0,0,1316,1,16,nan
12316,215.66900000000001,0,0,0,0,0,1578,1,16,nan
12317,184.33699999999999,0,0,0,0,0,1214,1,16,nan
12318,165.935,0,0,0,0,0,1073,1,16,nan
12319,168.708,0,0,0,0,0,1097,1,16,nan
12320,190.887,0,0,0,0,0,1299,1,16,nan
12321,181.11000000000001,0,0,0,0,0,1183,1,16,nan
12322,150.232,0,0,0,0,0,763,1,16,nan
12323,154.089,0,0,0,0,0,913,1,16,nan
12324,179.63999999999999,0,0,0,0,0,1133,1,16,nan
12325,194.34999999999999,0,0,0,0,0,1385,1,16,nan
12326,194.667,0,0,0,0,0,1341,1,16,nan
12327,188.489,0,0,0,0,0,1213,1,16,nan
12328,134.42599999999999,0,0,0,0,0,627,1,16,nan
12329,187.20599999999999,0,0,0,0,0,1283,1,16,nan
12330,190.774,0,0,0,0,0,1265,1,16,nan
12331,148.99100000000001,0,0,0,0,0,818,1,16,nan
12332,181.37799999999999,0,0,0,0,0,1196,1,16,nan
12333,181.363,0,0,0,0,0,1190,1,16,nan
12334,181.76400000000001,0,0,0,0,0,1217,1,16,nan
12335,168.13999999999999,0,0,0,0,0,1091,1,16,nan
12336,123.616,0,0,0,0,0,437,1,16,nan
12337,180.55699999999999,0,0,0,0,0,1259,1,16,nan
12338,141.155,0,0,0,0,0,718,1,16,nan
12339,143.721,0,0,0,0,0,863,1,16,nan
12340,194.26900000000001,0,0,0,0,0,1339,1,16,nan
12341,190.691,0,0,0,0,0,1321,1,16,nan
12342,172.65799999999999,0,0,0,0,0,1024,1,16,nan
12343,172.15199999999999,0,0,0,0,0,1135,1,16,nan
12344,184.51599999999999,0,0,0,0,0,1213,1,16,nan
12345,167.42699999999999,0,0,0,0,0,977,1,16,nan
12346,176.852,0,0,0,0,0,1165,1,16,nan
12347,179.73500000000001,0,0,0,0,0,1136,1,16,nan
12348,142.09200000000001,0,0,0,0,0,635,1,16,nan
12349,177.351,0,0,0,0,0,1178,1,16,nan
12350,174.77099999999999,0,0,0,0,0,1119,1,16,nan
12351,178.11799999999999,0,0,0,0,0,1182,1,16,nan
12352,187.536,0,0,0,0,0,1212,1,16,nan
12353,174.29499999999999,0,0,0,0,0,1169,1,16,nan
12354,151.64599999999999,0,0,0,0,0,879,1,16,nan
12355,168.25800000000001,0,0,0,0,0,1030,1,16,nan
12356,178.71000000000001,0,0,0,0,0,1182,1,16,nan
12357,217.89699999999999,0,0,0,0,0,1095,1,16,nan
12358,180.05799999999999,0,0,0,0,0,1066,1,16,nan
12359,210.179,0,0,0,0,0,1282,1,16,nan
12360,193.21199999999999,0,0,0,0,0,1263,1,16,nan
12361,179.94300000000001,0,0,0,0,0,1034,1,16,nan
12362,160.173,0,0,0,0,0,817,1,16,nan
12363,168.04599999999999,0,0,0,0,0,993,1,16,nan
12364,217.54300000000001,0,0,0,0,0,1099,1,16,nan
12365,197.94,0,0,0,0,0,1045,1,16,nan
12366,175.59700000000001,0,0,0,0,0,799,1,16,nan
12367,204.54499999999999,0,0,0,0,0,1060,1,16,nan
12368,170.74799999999999,0,0,0,0,0,1029,1,16,nan
12369,170.816,0,0,0,0,0,1085,1,16,nan
12370,210.32400000000001,0,0,0,0,0,1020,1,16,nan
12371,203.23599999999999,0,0,0,0,0,1114,1,16,nan
12372,182.434,0,0,0,0,0,889,1,16,nan
12373,198.72800000000001,0,0,0,0,0,1021,1,16,nan
12374,160.74600000000001,0,0,0,0,0,705,1,16,nan
12375,193.375,0,0,0,0,0,1238,1,16,nan
12376,195.995,0,0,0,0,0,1169,1,16,nan
12377,199.28800000000001,0,0,0,0,0,1372,1,16,nan
12378,177.256,0,0,0,0,0,1129,1,16,nan
12379,155.11799999999999,0,0,0,0,0,881,1,16,nan
12380,177.11799999999999,0,0,0,0,0,1035,1,16,nan
12381,168.404,0,0,0,0,0,1021,1,16,nan
12382,179.958,0,0,0,0,0,1213,1,16,nan
12383,168.411,0,0,0,0,0,1012,1,16,nan
12384,161.185,0,0,0,0,0,994,1,16,nan
12385,171.49600000000001,0,0,0,0,0,1045,1,16,nan
12386,177.98099999999999,0,0,0,0,0,835,1,16,nan
12387,190.518,0,0,0,0,0,1063,1,16,nan
12388,205.03399999999999,0,0,0,0,0,1217,1,16,nan
12389,199.023,0,0,0,0,0,1132,1,16,nan
12390,180.71899999999999,0,0,0,0,0,1138,1,16,nan
12391,157.47399999999999,0,0,0,0,0,879,1,16,nan
12392,186.16800000000001,0,0,0,0,0,1214,1,16,nan
12393,189.035,0,0,0,0,0,1254,1,16,nan
12394,197.75899999999999,0,0,0,0,0,1328,1,16,nan
12395,182.04499999999999,0,0,0,0,0,1190,1,16,nan
12396,137.20099999999999,0,0,0,0,0,617,1,16,nan
12397,160.73099999999999,0,0,0,0,0,925,1,16,nan
12398,172.59,0,0,0,0,0,1014,1,16,nan
12399,135.089,0,0,0,0,0,572,1,16,nan
12400,163.101,0,0,0,0,0,998,1,16,nan
12401,175.00700000000001,0,0,0,0,0,1042,1,16,nan
12402,226.626,0,0,0,0,0,1657,1,16,nan
12403,192.024,0,0,0,0,0,1189,1,16,nan
12404,168.39500000000001,0,0,0,0,0,1107,1,16,nan
12405,167.12299999999999,0,0,0,0,0,1020,1,16,nan
12406,175.012,0,0,0,0,0,1162,1,16,nan
12407,202.73500000000001,0,0,0,0,0,1403,1,16,nan
12408,160.56999999999999,0,0,0,0,0,1022,1,16,nan
12409,179.09299999999999,0,0,0,0,0,1149,1,16,nan
12410,177.49100000000001,0,0,0,0,0,1124,1,16,nan
12411,180.21799999999999,0,0,0,0,0,1194,1,16,nan
12412,155.114,0,0,0,0,0,950,1,16,nan
12413,167.221,0,0,0,0,0,1024,1,16,nan
12414,164.07599999999999,0,0,0,0,0,929,1,16,nan
12415,174.55500000000001,0,0,0,0,0,1156,1,16,nan
12416,172.04599999999999,0,0,0,0,0,872,1,16,nan
12417,176.74700000000001,0,0,0,0,0,1065,1,16,nan
12418,179.01499999999999,0,0,0,0,0,1109,1,16,nan
12419,154.17099999999999,0,0,0,0,0,794,1,16,nan
12420,181.709,0,0,0,0,0,1074,1,16,nan
12421,190.94900000000001,0,0,0,0,0,1267,1,16,nan
12422,161.43100000000001,0,0,0,0,0,854,1,16,nan
12423,174.91800000000001,0,0,0,0,0,950,1,16,nan
12424,175.43100000000001,0,0,0,0,0,1141,1,16,nan
12425,165.232,0,0,0,0,0,1043,1,16,nan
12426,157.87299999999999,0,0,0,0,0,831,1,16,nan
12427,176.71899999999999,0,0,0,0,0,1158,1,16,nan
12428,142.40899999999999,0,0,0,0,0,720,1,16,nan
12429,151.18100000000001,0,0,0,0,0,782,1,16,nan
12430,163.25299999999999,0,0,0,0,0,957,1,16,nan
12431,171.37899999999999,0,0,0,0,0,1043,1,16,nan
12432,189.46600000000001,0,0,0,0,0,1173,1,16,nan
12433,189.322,0,0,0,0,0,1277,1,16,nan
12434,179.417,0,0,0,0,0,1214,1,16,nan
12435,186.83199999999999,0,0,0,0,0,1289,1,16,nan
12436,157.28399999999999,0,0,0,0,0,965,1,16,nan
12437,188.76599999999999,0,0,0,0,0,1277,1,16,nan
12438,164.34399999999999,0,0,0,0,0,970,1,16,nan
12439,173.554,0,0,0,0,0,1110,1,16,nan
12440,125.83499999999999,0,0,0,0,0,499,1,16,nan
12441,167.19,0,0,0,0,0,560,1,16,nan
12442,147.16,0,0,0,0,0,751,1,16,nan
12443,173.01400000000001,0,0,0,0,0,1079,1,16,nan
12444,174.78999999999999,0,0,0,0,0,1067,1,16,nan
12445,174.029,0,0,0,0,0,1196,1,16,nan
12446,144.03299999999999,0,0,0,0,0,724,1,16,nan
12447,128.69999999999999,0,0,0,0,0,566,1,16,nan
12448,141.86699999999999,0,0,0,0,0,733,1,16,nan
12449,180.233,0,0,0,0,0,1105,1,16,nan
12450,170.494,0,0,0,0,0,1082,1,16,nan
12451,138.518,0,0,0,0,0,621,1,16,nan
12452,169.80000000000001,0,0,0,0,0,1110,1,16,nan
12453,174.02000000000001,0,0,0,0,0,1193,1,16,nan
12454,171.50800000000001,0,0,0,0,0,1079,1,16,nan
12455,169.60300000000001,0,0,0,0,0,1057,1,16,nan
12456,168.715,0,0,0,0,0,712,1,16,nan
12457,179.34299999999999,0,0,0,0,0,1001,1,16,nan
12458,211.64099999999999,0,0,0,0,0,1254,1,16,nan
12459,200.80000000000001,0,0,0,0,0,1231,1,16,nan
12460,187.07400000000001,0,0,0,0,0,1200,1,16,nan
12461,127.021,0,0,0,0,0,546,1,16,nan
12462,133.40899999999999,0,0,0,0,0,545,1,16,nan
12463,173.43799999999999,0,0,0,0,0,1143,1,16,nan
12464,170.41800000000001,0,0,0,0,0,1126,1,16,nan
12465,163.68600000000001,0,0,0,0,0,1026,1,16,nan
12466,164.68899999999999,0,0,0,0,0,958,1,16,nan
12467,116.896,0,0,0,0,0,397,1,16,nan
12468,178.34800000000001,0,0,0,0,0,1151,1,16,nan
12469,190.62299999999999,0,0,0,0,0,1237,1,16,nan
12470,126.431,0,0,0,0,0,578,1,16,nan
12471,172.00800000000001,0,0,0,0,0,1086,1,16,nan
12472,174.58500000000001,0,0,0,0,0,1114,1,16,nan
12473,162.643,0,0,0,0,0,943,1,16,nan
12474,153.315,0,0,0,0,0,784,1,16,nan
12475,152.86199999999999,0,0,0,0,0,877,1,16,nan
12476,165.655,0,0,0,0,0,978,1,16,nan
12477,127.05200000000001,0,0,0,0,0,501,1,16,nan
12478,163.911,0,0,0,0,0,993,1,16,nan
12479,170.64400000000001,0,0,0,0,0,1087,1,16,nan
12480,159.22900000000001,0,0,0,0,0,960,1,16,nan
12481,178.18899999999999,0,0,0,0,0,1051,1,16,nan
12482,148.608,0,0,0,0,0,755,1,16,nan
12483,183.57400000000001,0,0,0,0,0,1215,1,16,nan
12484,178.131,0,0,0,0,0,1138,1,16,nan
12485,162.983,0,0,0,0,0,893,1,16,nan
12486,143.904,0,0,0,0,0,740,1,16,nan
12487,187.25399999999999,0,0,0,0,0,1184,1,16,nan
12488,170.23099999999999,0,0,0,0,0,1118,1,16,nan
12489,181.76400000000001,0,0,0,0,0,1266,1,16,nan
12490,181.30099999999999,0,0,0,0,0,1132,1,16,nan
12491,181.203,0,0,0,0,0,1166,1,16,nan
12492,162.48099999999999,0,0,0,0,0,887,1,16,nan
12493,183.59800000000001,0,0,0,0,0,1163,1,16,nan
12494,163.16300000000001,0,0,0,0,0,920,1,16,nan
12495,174.762,0,0,0,0,0,1144,1,16,nan
12496,138.297,0,0,0,0,0,646,1,16,nan
12497,180.02600000000001,0,0,0,0,0,1159,1,16,nan
12498,145.876,0,0,0,0,0,721,1,16,nan
12499,126.989,0,0,0,0,0,681,1,16,nan
12500,167.53399999999999,0,0,0,0,0,999,1,16,nan
12501,164.55099999999999,0,0,0,0,0,1052,1,16,nan
12502,171.33099999999999,0,0,0,0,0,1155,1,16,nan
12503,140.49100000000001,0,0,0,0,0,733,1,16,nan
12504,178.053,0,0,0,0,0,1169,1,16,nan
12505,187.62899999999999,0,0,0,0,0,1271,1,16,nan
12506,189.208,0,0,0,0,0,1320,1,16,nan
12507,180.63399999999999,0,0,0,0,0,1212,1,16,nan
12508,158.298,0,0,0,0,0,930,1,16,nan
12509,192.447,0,0,0,0,0,1279,1,16,nan
12510,167.834,0,0,0,0,0,1026,1,16,nan
12511,158.328,0,0,0,0,0,809,1,16,nan
12512,176.089,0,0,0,0,0,1162,1,16,nan
12513,177.221,0,0,0,0,0,1079,1,16,nan
12514,170.72999999999999,0,0,0,0,0,1023,1,16,nan
12515,175.494,0,0,0,0,0,1109,1,16,nan
12516,153.19499999999999,0,0,0,0,0,851,1,16,nan
12517,174.59800000000001,0,0,0,0,0,1053,1,16,nan
12518,137.53999999999999,0,0,0,0,0,714,1,16,nan
12519,168.84100000000001,0,0,0,0,0,1079,1,16,nan
12520,164.29499999999999,0,0,0,0,0,1001,1,16,nan
12521,165.42599999999999,0,0,0,0,0,1020,1,16,nan
12522,178.19499999999999,0,0,0,0,0,894,1,16,nan
12523,187.017,0,0,0,0,0,1133,1,16,nan
12524,156.66200000000001,0,0,0,0,0,958,1,16,nan
12525,183.93600000000001,0,0,0,0,0,1187,1,16,nan
12526,197.24100000000001,0,0,0,0,0,965,1,16,nan
12527,186.589,0,0,0,0,0,1264,1,16,nan
12528,180.88399999999999,0,0,0,0,0,1165,1,16,nan
12529,159.928,0,0,0,0,0,992,1,16,nan
12530,190.506,0,0,0,0,0,1307,1,16,nan
12531,154.261,0,0,0,0,0,781,1,16,nan
12532,129.72200000000001,0,0,0,0,0,538,1,16,nan
12533,161.49100000000001,0,0,0,0,0,1064,1,16,nan
12534,178.05199999999999,0,0,0,0,0,1097,1,16,nan
12535,197.14099999999999,0,0,0,0,0,1346,1,16,nan
12536,165.56899999999999,0,0,0,0,0,1098,1,16,nan
12537,175.34700000000001,0,0,0,0,0,1098,1,16,nan
12538,151.083,0,0,0,0,0,570,1,16,nan
12539,161.83199999999999,0,0,0,0,0,772,1,16,nan
12540,191.179,0,0,0,0,0,1023,1,16,nan
12541,191.33099999999999,0,0,0,0,0,952,1,16,nan
12542,188.828,0,0,0,0,0,1271,1,16,nan
12543,191.28800000000001,0,0,0,0,0,1368,1,16,nan
12544,159.76900000000001,0,0,0,0,0,927,1,16,nan
12545,147.39599999999999,0,0,0,0,0,729,1,16,nan
12546,155.55000000000001,0,0,0,0,0,871,1,16,nan
12547,185.43000000000001,0,0,0,0,0,1197,1,16,nan
12548,173.09899999999999,0,0,0,0,0,1035,1,16,nan
12549,166.61699999999999,0,0,0,0,0,996,1,16,nan
12550,205.78700000000001,0,0,0,0,0,1332,1,16,nan
12551,167.60599999999999,0,0,0,0,0,767,1,16,nan
12552,218.26900000000001,0,0,0,0,0,1513,1,16,nan
12553,188.09100000000001,0,0,0,0,0,1190,1,16,nan
12554,189.74299999999999,0,0,0,0,0,1137,1,16,nan
12555,173.40700000000001,0,0,0,0,0,1078,1,16,nan
12556,189.886,0,0,0,0,0,1169,1,16,nan
12557,168.744,0,0,0,0,0,955,1,16,nan
12558,195.39699999999999,0,0,0,0,0,1184,1,16,nan
12559,124.51900000000001,0,0,0,0,0,428,1,16,nan
12560,194.691,0,0,0,0,0,1168,1,16,nan
12561,179.39099999999999,0,0,0,0,0,1158,1,16,nan
12562,192.637,0,0,0,0,0,1258,1,16,nan
12563,174.09299999999999,0,0,0,0,0,1152,1,16,nan
12564,186.46299999999999,0,0,0,0,0,1299,1,16,nan
12565,157.227,0,0,0,0,0,919,1,16,nan
12566,193.50399999999999,0,0,0,0,0,1270,1,16,nan
12567,168.011,0,0,0,0,0,964,1,16,nan
12568,178.143,0,0,0,0,0,1107,1,16,nan
12569,179.74299999999999,0,0,0,0,0,1200,1,16,nan
12570,147.60300000000001,0,0,0,0,0,783,1,16,nan
12571,175.75899999999999,0,0,0,0,0,1107,1,16,nan
12572,162.21700000000001,0,0,0,0,0,959,1,16,nan
12573,188.33199999999999,0,0,0,0,0,1246,1,16,nan
12574,157.06200000000001,0,0,0,0,0,878,1,16,nan
12575,192.72300000000001,0,0,0,0,0,1037,1,16,nan
12576,181.71799999999999,0,0,0,0,0,1014,1,16,nan
12577,171.04499999999999,0,0,0,0,0,1052,1,16,nan
12578,176.21100000000001,0,0,0,0,0,1120,1,16,nan
12579,173.67099999999999,0,0,0,0,0,968,1,16,nan
12580,183.39099999999999,0,0,0,0,0,1045,1,16,nan
12581,116.075,0,0,0,0,0,452,1,16,nan
12582,193.298,0,0,0,0,0,1371,1,16,nan
12583,183.23500000000001,0,0,0,0,0,1224,1,16,nan
12584,154.40100000000001,0,0,0,0,0,908,1,16,nan
12585,191.19300000000001,0,0,0,0,0,1239,1,16,nan
12586,173.20599999999999,0,0,0,0,0,1176,1,16,nan
12587,138.762,0,0,0,0,0,696,1,16,nan
12588,165.685,0,0,0,0,0,1067,1,16,nan
12589,165.74700000000001,0,0,0,0,0,1012,1,16,nan
12590,199.97900000000001,0,0,0,0,0,1400,1,16,nan
12591,186.26499999999999,0,0,0,0,0,1165,1,16,nan
12592,146.05099999999999,0,0,0,0,0,736,1,16,nan
12593,177.78200000000001,0,0,0,0,0,1076,1,16,nan
12594,191.00399999999999,0,0,0,0,0,1275,1,16,nan
12595,163.37700000000001,0,0,0,0,0,954,1,16,nan
12596,165.982,0,0,0,0,0,922,1,16,nan
12597,169.12200000000001,0,0,0,0,0,989,1,16,nan
12598,184.72499999999999,0,0,0,0,0,1236,1,16,nan
12599,162.58799999999999,0,0,0,0,0,1029,1,16,nan
12600,174.614,0,0,0,0,0,1118,1,16,nan
12601,161.11099999999999,0,0,0,0,0,928,1,16,nan
12602,174.70599999999999,0,0,0,0,0,1105,1,16,nan
12603,158.85900000000001,0,0,0,0,0,917,1,16,nan
12604,119.973,0,0,0,0,0,500,1,16,nan
12605,174.02699999999999,0,0,0,0,0,1188,1,16,nan
12606,161.42500000000001,0,0,0,0,0,933,1,16,nan
12607,174.95599999999999,0,0,0,0,0,1255,1,16,nan
12608,169.798,0,0,0,0,0,1098,1,16,nan
12609,220.297,0,0,0,0,0,1547,1,16,nan
12610,164.24799999999999,0,0,0,0,0,982,1,16,nan
12611,174.928,0,0,0,0,0,722,1,16,nan
12612,185.02799999999999,0,0,0,0,0,1209,1,16,nan
12613,190.19200000000001,0,0,0,0,0,1015,1,16,nan
12614,225.453,0,0,0,0,0,1299,1,16,nan
12615,152.501,0,0,0,0,0,584,1,16,nan
12616,197.809,0,0,0,0,0,1059,1,16,nan
12617,212.48699999999999,0,0,0,0,0,1236,1,16,nan
12618,204.62700000000001,0,0,0,0,0,1113,1,16,nan
12619,177.233,0,0,0,0,0,880,1,16,nan
12620,216.61500000000001,0,0,0,0,0,1359,1,16,nan
12621,206.56800000000001,0,0,0,0,0,1411,1,16,nan
12622,149.99600000000001,0,0,0,0,0,867,1,16,nan
12623,184.035,0,0,0,0,0,1212,1,16,nan
12624,193.00200000000001,0,0,0,0,0,1247,1,16,nan
12625,199.96000000000001,0,0,0,0,0,1266,1,16,nan
12626,190.87,0,0,0,0,0,1287,1,16,nan
12627,158.94800000000001,0,0,0,0,0,893,1,16,nan
12628,174.94,0,0,0,0,0,1065,1,16,nan
12629,162.17699999999999,0,0,0,0,0,918,1,16,nan
12630,192.62799999999999,0,0,0,0,0,1157,1,16,nan
12631,160.49600000000001,0,0,0,0,0,823,1,16,nan
12632,211.447,0,0,0,0,0,1182,1,16,nan
12633,166.08099999999999,0,0,0,0,0,722,1,16,nan
12634,204.69999999999999,0,0,0,0,0,1022,1,16,nan
12635,218.61600000000001,0,0,0,0,0,1321,1,16,nan
12636,183.82599999999999,0,0,0,0,0,1161,1,16,nan
12637,173.59299999999999,0,0,0,0,0,1153,1,16,nan
12638,179.62,0,0,0,0,0,1166,1,16,nan
12639,166.80099999999999,0,0,0,0,0,1129,1,16,nan
12640,133.08500000000001,0,0,0,0,0,606,1,16,nan
12641,187.29599999999999,0,0,0,0,0,1253,1,16,nan
12642,177.07300000000001,0,0,0,0,0,1193,1,16,nan
12643,163.83799999999999,0,0,0,0,0,1000,1,16,nan
12644,155.53,0,0,0,0,0,859,1,16,nan
12645,154.02600000000001,0,0,0,0,0,818,1,16,nan
12646,185.108,0,0,0,0,0,1232,1,16,nan
12647,159.88200000000001,0,0,0,0,0,938,1,16,nan
12648,188.67400000000001,0,0,0,0,0,1329,1,16,nan
12649,158.386,0,0,0,0,0,950,1,16,nan
12650,202.16800000000001,0,0,0,0,0,1420,1,16,nan
12651,168.54300000000001,0,0,0,0,0,1026,1,16,nan
12652,188.53100000000001,0,0,0,0,0,1168,1,16,nan
12653,144.79400000000001,0,0,0,0,0,732,1,16,nan
12654,194.47200000000001,0,0,0,0,0,1335,1,16,nan
12655,130.155,0,0,0,0,0,601,1,16,nan
12656,152.20599999999999,0,0,0,0,0,763,1,16,nan
12657,172.83099999999999,0,0,0,0,0,1049,1,16,nan
12658,147.31,0,0,0,0,0,749,1,16,nan
12659,181.988,0,0,0,0,0,1166,1,16,nan
12660,180.97499999999999,0,0,0,0,0,951,1,16,nan
12661,179.19499999999999,0,0,0,0,0,1120,1,16,nan
12662,192.90000000000001,0,0,0,0,0,1305,1,16,nan
12663,190.28299999999999,0,0,0,0,0,1192,1,16,nan
12664,188.37899999999999,0,0,0,0,0,1226,1,16,nan
12665,157.92500000000001,0,0,0,0,0,826,1,16,nan
12666,193.19800000000001,0,0,0,0,0,1198,1,16,nan
12667,125.432,0,0,0,0,0,519,1,16,nan
12668,130.62899999999999,0,0,0,0,0,611,1,16,nan
12669,173.32300000000001,0,0,0,0,0,1078,1,16,nan
12670,147.61199999999999,0,0,0,0,0,769,1,16,nan
12671,188.27699999999999,0,0,0,0,0,1203,1,16,nan
12672,159.60900000000001,0,0,0,0,0,956,1,16,nan
12673,198.292,0,0,0,0,0,1365,1,16,nan
12674,143.482,0,0,0,0,0,750,1,16,nan
12675,161.41,0,0,0,0,0,989,1,16,nan
12676,158.69999999999999,0,0,0,0,0,943,1,16,nan
12677,176.63800000000001,0,0,0,0,0,1063,1,16,nan
12678,169.60499999999999,0,0,0,0,0,1070,1,16,nan
12679,189.32900000000001,0,0,0,0,0,1279,1,16,nan
12680,156.905,0,0,0,0,0,872,1,16,nan
12681,178.87799999999999,0,0,0,0,0,1130,1,16,nan
12682,135.76499999999999,0,0,0,0,0,548,1,16,nan
12683,153.363,0,0,0,0,0,809,1,16,nan
12684,168.24799999999999,0,0,0,0,0,1049,1,16,nan
12685,163.52099999999999,0,0,0,0,0,1017,1,16,nan
12686,181.41399999999999,0,0,0,0,0,1198,1,16,nan
12687,177.29599999999999,0,0,0,0,0,1105,1,16,nan
12688,180.03100000000001,0,0,0,0,0,1172,1,16,nan
12689,178.86699999999999,0,0,0,0,0,1151,1,16,nan
12690,147.17500000000001,0,0,0,0,0,779,1,16,nan
12691,191.184,0,0,0,0,0,1256,1,16,nan
12692,135.80500000000001,0,0,0,0,0,641,1,16,nan
12693,134.04499999999999,0,0,0,0,0,614,1,16,nan
12694,152.804,0,0,0,0,0,771,1,16,nan
12695,207.37200000000001,0,0,0,0,0,1200,1,16,nan
12696,176.744,0,0,0,0,0,1107,1,16,nan
12697,146.06700000000001,0,0,0,0,0,818,1,16,nan
12698,205.37799999999999,0,0,0,0,0,1439,1,16,nan
12699,173.684,0,0,0,0,0,1097,1,16,nan
12700,152.886,0,0,0,0,0,728,1,16,nan
12701,184.28800000000001,0,0,0,0,0,1188,1,16,nan
12702,161.75700000000001,0,0,0,0,0,912,1,16,nan
12703,183.999,0,0,0,0,0,1225,1,16,nan
12704,175.24299999999999,0,0,0,0,0,1058,1,16,nan
12705,160.94800000000001,0,0,0,0,0,883,1,16,nan
12706,185.583,0,0,0,0,0,1150,1,16,nan
12707,175.102,0,0,0,0,0,1148,1,16,nan
12708,174.364,0,0,0,0,0,1121,1,16,nan
12709,190.16,0,0,0,0,0,1307,1,16,nan
12710,151.34700000000001,0,0,0,0,0,851,1,16,nan
12711,172.75399999999999,0,0,0,0,0,1113,1,16,nan
12712,171.66999999999999,0,0,0,0,0,1044,1,16,nan
12713,181.542,0,0,0,0,0,1218,1,16,nan
12714,164.37299999999999,0,0,0,0,0,1046,1,16,nan
12715,180.34399999999999,0,0,0,0,0,1126,1,16,nan
12716,168.375,0,0,0,0,0,1083,1,16,nan
12717,170.387,0,0,0,0,0,1052,1,16,nan
12718,175.55699999999999,0,0,0,0,0,1137,1,16,nan
12719,162.84399999999999,0,0,0,0,0,946,1,16,nan
12720,180.316,0,0,0,0,0,1184,1,16,nan
12721,127.095,0,0,0,0,0,562,1,16,nan
12722,128.18700000000001,0,0,0,0,0,503,1,16,nan
12723,192.917,0,0,0,0,0,1252,1,16,nan
12724,194.096,0,0,0,0,0,1361,1,16,nan
12725,165.625,0,0,0,0,0,1007,1,16,nan
12726,178.30500000000001,0,0,0,0,0,1153,1,16,nan
12727,131.06299999999999,0,0,0,0,0,650,1,16,nan
12728,153.00299999999999,0,0,0,0,0,861,1,16,nan
12729,167.339,0,0,0,0,0,987,1,16,nan
12730,172.64699999999999,0,0,0,0,0,978,1,16,nan
12731,201.63900000000001,0,0,0,0,0,1364,1,16,nan
12732,171.29900000000001,0,0,0,0,0,1127,1,16,nan
12733,200.64699999999999,0,0,0,0,0,1103,1,16,nan
12734,198.239,0,0,0,0,0,1292,1,16,nan
12735,191.30799999999999,0,0,0,0,0,1083,1,16,nan
12736,213.804,0,0,0,0,0,1136,1,16,nan
12737,179.947,0,0,0,0,0,1083,1,16,nan
12738,168.55600000000001,0,0,0,0,0,744,1,16,nan
12739,178.94,0,0,0,0,0,959,1,16,nan
12740,192.37299999999999,0,0,0,0,0,1157,1,16,nan
12741,167.179,0,0,0,0,0,912,1,16,nan
12742,180.43000000000001,0,0,0,0,0,1091,1,16,nan
12743,190.69200000000001,0,0,0,0,0,1208,1,16,nan
12744,168.274,0,0,0,0,0,956,1,16,nan
12745,206.81100000000001,0,0,0,0,0,1276,1,16,nan
12746,188.15600000000001,0,0,0,0,0,1075,1,16,nan
12747,182.04499999999999,0,0,0,0,0,1212,1,16,nan
12748,162.14400000000001,0,0,0,0,0,1002,1,16,nan
12749,154.727,0,0,0,0,0,889,1,16,nan
12750,169.262,0,0,0,0,0,1045,1,16,nan
12751,137.81100000000001,0,0,0,0,0,584,1,16,nan
12752,164.304,0,0,0,0,0,1005,1,16,nan
12753,143.93899999999999,0,0,0,0,0,823,1,16,nan
12754,175.072,0,0,0,0,0,1127,1,16,nan
12755,165.31200000000001,0,0,0,0,0,882,1,16,nan
12756,183.09,0,0,0,0,0,1184,1,16,nan
12757,164.37799999999999,0,0,0,0,0,1006,1,16,nan
12758,133.05099999999999,0,0,0,0,0,552,1,16,nan
12759,160.959,0,0,0,0,0,918,1,16,nan
12760,169.041,0,0,0,0,0,1066,1,16,nan
12761,183.209,0,0,0,0,0,1253,1,16,nan
12762,120.312,0,0,0,0,0,445,1,16,nan
12763,176.911,0,0,0,0,0,1097,1,16,nan
12764,154.08199999999999,0,0,0,0,0,822,1,16,nan
12765,149.46199999999999,0,0,0,0,0,794,1,16,nan
12766,177.68299999999999,0,0,0,0,0,1166,1,16,nan
12767,187.53200000000001,0,0,0,0,0,1269,1,16,nan
12768,182.62200000000001,0,0,0,0,0,1169,1,16,nan
12769,182.28399999999999,0,0,0,0,0,1193,1,16,nan
12770,205.46799999999999,0,0,0,0,0,1414,1,16,nan
12771,170.982,0,0,0,0,0,1075,1,16,nan
12772,161.49700000000001,0,0,0,0,0,951,1,16,nan
12773,163.95400000000001,0,0,0,0,0,1019,1,16,nan
12774,162.83699999999999,0,0,0,0,0,941,1,16,nan
12775,171.07499999999999,0,0,0,0,0,1085,1,16,nan
12776,176.67500000000001,0,0,0,0,0,1136,1,16,nan
12777,180.542,0,0,0,0,0,1195,1,16,nan
12778,190.39400000000001,0,0,0,0,0,1254,1,16,nan
12779,140.249,0,0,0,0,0,700,1,16,nan
12780,215.72999999999999,0,0,0,0,0,1241,1,16,nan
12781,195.56700000000001,0,0,0,0,0,1274,1,16,nan
12782,140.74799999999999,0,0,0,0,0,700,1,16,nan
12783,171.47300000000001,0,0,0,0,0,1031,1,16,nan
12784,149.15700000000001,0,0,0,0,0,838,1,16,nan
12785,158.30199999999999,0,0,0,0,0,954,1,16,nan
12786,153.999,0,0,0,0,0,708,1,16,nan
12787,143.61000000000001,0,0,0,0,0,784,1,16,nan
12788,171.65199999999999,0,0,0,0,0,1112,1,16,nan
12789,164.28399999999999,0,0,0,0,0,1100,1,16,nan
12790,110.578,0,0,0,0,0,328,1,16,nan
12791,148.398,0,0,0,0,0,956,1,16,nan
12792,180.416,0,0,0,0,0,1204,1,16,nan
12793,154.75,0,0,0,0,0,924,1,16,nan
12794,170.392,0,0,0,0,0,1091,1,16,nan
12795,135.923,0,0,0,0,0,640,1,16,nan
12796,137.68700000000001,0,0,0,0,0,641,1,16,nan
12797,168.68700000000001,0,0,0,0,0,1009,1,16,nan
12798,177.84399999999999,0,0,0,0,0,1242,1,16,nan
12799,191.465,0,0,0,0,0,1242,1,16,nan
12800,185.37899999999999,0,0,0,0,0,1062,1,16,nan
12801,178.745,0,0,0,0,0,1111,1,16,nan
12802,173.63800000000001,0,0,0,0,0,1053,1,16,nan
12803,183.27699999999999,0,0,0,0,0,1185,1,16,nan
12804,155.023,0,0,0,0,0,859,1,16,nan
12805,160.79300000000001,0,0,0,0,0,926,1,16,nan
12806,128.70500000000001,0,0,0,0,0,500,1,16,nan
12807,191.20699999999999,0,0,0,0,0,1133,1,16,nan
12808,152.77699999999999,0,0,0,0,0,780,1,16,nan
12809,175.31299999999999,0,0,0,0,0,1177,1,16,nan
12810,177.84899999999999,0,0,0,0,0,1195,1,16,nan
12811,183.56800000000001,0,0,0,0,0,1293,1,16,nan
12812,156.08000000000001,0,0,0,0,0,586,1,16,nan
12813,169.33099999999999,0,0,0,0,0,870,1,16,nan
12814,177.745,0,0,0,0,0,1191,1,16,nan
12815,162.07900000000001,0,0,0,0,0,853,1,16,nan
12816,174.535,0,0,0,0,0,1167,1,16,nan
12817,136.804,0,0,0,0,0,642,1,16,nan
12818,175.517,0,0,0,0,0,891,1,16,nan
12819,205.56299999999999,0,0,0,0,0,1317,1,16,nan
12820,165.36600000000001,0,0,0,0,0,1004,1,16,nan
12821,169.66300000000001,0,0,0,0,0,1052,1,16,nan
12822,186.05099999999999,0,0,0,0,0,1284,1,16,nan
12823,166.798,0,0,0,0,0,1019,1,16,nan
12824,140.66800000000001,0,0,0,0,0,736,1,16,nan
12825,170.30699999999999,0,0,0,0,0,1129,1,16,nan
12826,164.798,0,0,0,0,0,992,1,16,nan
12827,202.072,0,0,0,0,0,1412,1,16,nan
12828,203.27199999999999,0,0,0,0,0,1371,1,16,nan
12829,157.00999999999999,0,0,0,0,0,894,1,16,nan
12830,157.31399999999999,0,0,0,0,0,922,1,16,nan
12831,171.15000000000001,0,0,0,0,0,1132,1,16,nan
12832,180.20599999999999,0,0,0,0,0,1235,1,16,nan
12833,132.249,0,0,0,0,0,577,1,16,nan
12834,192.99199999999999,0,0,0,0,0,1347,1,16,nan
12835,180.864,0,0,0,0,0,896,1,16,nan
12836,206.571,0,0,0,0,0,1328,1,16,nan
12837,190.31100000000001,0,0,0,0,0,1261,1,16,nan
12838,150,0,0,0,0,0,851,1,16,nan
12839,170.76400000000001,0,0,0,0,0,1013,1,16,nan
12840,175.078,0,0,0,0,0,1122,1,16,nan
12841,178.04400000000001,0,0,0,0,0,863,1,16,nan
12842,166.79300000000001,0,0,0,0,0,929,1,16,nan
12843,182.71299999999999,0,0,0,0,0,1225,1,16,nan
12844,172.767,0,0,0,0,0,1116,1,16,nan
12845,176.22399999999999,0,0,0,0,0,1083,1,16,nan
12846,202.286,0,0,0,0,0,1401,1,16,nan
12847,149.017,0,0,0,0,0,707,1,16,nan
12848,178.178,0,0,0,0,0,1180,1,16,nan
12849,207.38999999999999,0,0,0,0,0,1107,1,16,nan
12850,147.63800000000001,0,0,0,0,0,559,1,16,nan
12851,210.02600000000001,0,0,0,0,0,1301,1,16,nan
12852,209.19800000000001,0,0,0,0,0,1234,1,16,nan
12853,184.303,0,0,0,0,0,1174,1,16,nan
12854,164.631,0,0,0,0,0,1051,1,16,nan
12855,172.851,0,0,0,0,0,1096,1,16,nan
12856,141.99700000000001,0,0,0,0,0,656,1,16,nan
12857,171.702,0,0,0,0,0,1047,1,16,nan
12858,187.37100000000001,0,0,0,0,0,1269,1,16,nan
12859,185.309,0,0,0,0,0,1243,1,16,nan
12860,176.47499999999999,0,0,0,0,0,1119,1,16,nan
12861,169.81200000000001,0,0,0,0,0,1053,1,16,nan
12862,151.44399999999999,0,0,0,0,0,846,1,16,nan
12863,179.79900000000001,0,0,0,0,0,1130,1,16,nan
12864,176.94,0,0,0,0,0,1204,1,16,nan
12865,146.93700000000001,0,0,0,0,0,445,1,16,nan
12866,179.541,0,0,0,0,0,1139,1,16,nan
12867,163.72,0,0,0,0,0,1064,1,16,nan
12868,168.08799999999999,0,0,0,0,0,1124,1,16,nan
12869,137.21199999999999,0,0,0,0,0,607,1,16,nan
12870,163.197,0,0,0,0,0,952,1,16,nan
12871,132.57300000000001,0,0,0,0,0,616,1,16,nan
12872,174.197,0,0,0,0,0,1093,1,16,nan
12873,185.078,0,0,0,0,0,1222,1,16,nan
12874,155.471,0,0,0,0,0,916,1,16,nan
12875,199.499,0,0,0,0,0,1047,1,16,nan
12876,174.75800000000001,0,0,0,0,0,928,1,16,nan
12877,182.74700000000001,0,0,0,0,0,997,1,16,nan
12878,165.005,0,0,0,0,0,737,1,16,nan
12879,126.331,0,0,0,0,0,486,1,16,nan
12880,167.238,0,0,0,0,0,996,1,16,nan
12881,179.21299999999999,0,0,0,0,0,1197,1,16,nan
12882,144.03299999999999,0,0,0,0,0,685,1,16,nan
12883,188.529,0,0,0,0,0,1290,1,16,nan
12884,166.97499999999999,0,0,0,0,0,999,1,16,nan
12885,174.06100000000001,0,0,0,0,0,1174,1,16,nan
12886,160.42699999999999,0,0,0,0,0,958,1,16,nan
12887,168.77000000000001,0,0,0,0,0,1006,1,16,nan
12888,164.51499999999999,0,0,0,0,0,980,1,16,nan
12889,169.61000000000001,0,0,0,0,0,1075,1,16,nan
12890,182.22800000000001,0,0,0,0,0,1252,1,16,nan
12891,174.56800000000001,0,0,0,0,0,1098,1,16,nan
12892,153.75299999999999,0,0,0,0,0,894,1,16,nan
12893,169.77199999999999,0,0,0,0,0,988,1,16,nan
12894,137.541,0,0,0,0,0,593,1,16,nan
12895,174.339,0,0,0,0,0,1119,1,16,nan
12896,159.35900000000001,0,0,0,0,0,830,1,16,nan
12897,159.57599999999999,0,0,0,0,0,980,1,16,nan
12898,187.53200000000001,0,0,0,0,0,1267,1,16,nan
12899,170.67400000000001,0,0,0,0,0,1014,1,16,nan
12900,186.83099999999999,0,0,0,0,0,1291,1,16,nan
12901,192.72200000000001,0,0,0,0,0,1364,1,16,nan
12902,175.44900000000001,0,0,0,0,0,1180,1,16,nan
12903,169.327,0,0,0,0,0,1097,1,16,nan
12904,183.96899999999999,0,0,0,0,0,1302,1,16,nan
12905,178.72300000000001,0,0,0,0,0,1142,1,16,nan
12906,198.91,0,0,0,0,0,1142,1,16,nan
12907,179.36600000000001,0,0,0,0,0,991,1,16,nan
12908,188.489,0,0,0,0,0,1058,1,16,nan
12909,180.49199999999999,0,0,0,0,0,965,1,16,nan
12910,165.31899999999999,0,0,0,0,0,765,1,16,nan
12911,193.893,0,0,0,0,0,1064,1,16,nan
12912,200.13,0,0,0,0,0,1342,1,16,nan
12913,117.449,0,0,0,0,0,383,1,16,nan
12914,142.22,0,0,0,0,0,721,1,16,nan
12915,160.21799999999999,0,0,0,0,0,905,1,16,nan
12916,186.57400000000001,0,0,0,0,0,1176,1,16,nan
12917,171.989,0,0,0,0,0,1026,1,16,nan
12918,144.93199999999999,0,0,0,0,0,731,1,16,nan
12919,153.07499999999999,0,0,0,0,0,838,1,16,nan
12920,181.57499999999999,0,0,0,0,0,1137,1,16,nan
12921,137.97200000000001,0,0,0,0,0,682,1,16,nan
12922,113.633,0,0,0,0,0,380,1,16,nan
12923,168.751,0,0,0,0,0,1065,1,16,nan
12924,168.62700000000001,0,0,0,0,0,1059,1,16,nan
12925,159.08099999999999,0,0,0,0,0,1016,1,16,nan
12926,179.33199999999999,0,0,0,0,0,1109,1,16,nan
12927,184.00999999999999,0,0,0,0,0,1218,1,16,nan
12928,186.94399999999999,0,0,0,0,0,1132,1,16,nan
12929,179.97900000000001,0,0,0,0,0,1206,1,16,nan
12930,187.59700000000001,0,0,0,0,0,1277,1,16,nan
12931,164.02699999999999,0,0,0,0,0,1032,1,16,nan
12932,208.27099999999999,0,0,0,0,0,1201,1,16,nan
12933,211.619,0,0,0,0,0,1314,1,16,nan
12934,196.27199999999999,0,0,0,0,0,1222,1,16,nan
12935,148.22399999999999,0,0,0,0,0,667,1,16,nan
12936,130.30099999999999,0,0,0,0,0,514,1,16,nan
12937,151.357,0,0,0,0,0,779,1,16,nan
12938,165.70400000000001,0,0,0,0,0,867,1,16,nan
12939,182.07599999999999,0,0,0,0,0,1079,1,16,nan
12940,145.941,0,0,0,0,0,619,1,16,nan
12941,184.16,0,0,0,0,0,1092,1,16,nan
12942,171.29300000000001,0,0,0,0,0,788,1,16,nan
12943,182.548,0,0,0,0,0,1160,1,16,nan
12944,180.375,0,0,0,0,0,1033,1,16,nan
12945,149.13800000000001,0,0,0,0,0,787,1,16,nan
12946,177.88399999999999,0,0,0,0,0,1113,1,16,nan
12947,132.346,0,0,0,0,0,635,1,16,nan
12948,142.94300000000001,0,0,0,0,0,663,1,16,nan
12949,220.197,0,0,0,0,0,1301,1,16,nan
12950,178.18299999999999,0,0,0,0,0,1145,1,16,nan
12951,174.488,0,0,0,0,0,844,1,16,nan
12952,198.16200000000001,0,0,0,0,0,1298,1,16,nan
12953,176.31700000000001,0,0,0,0,0,961,1,16,nan
12954,181.33500000000001,0,0,0,0,0,1144,1,16,nan
12955,176.916,0,0,0,0,0,1054,1,16,nan
12956,184.369,0,0,0,0,0,1093,1,16,nan
12957,182.35599999999999,0,0,0,0,0,1021,1,16,nan
12958,159.54499999999999,0,0,0,0,0,729,1,16,nan
12959,176.41900000000001,0,0,0,0,0,1092,1,16,nan
12960,172.714,0,0,0,0,0,1150,1,16,nan
12961,161.94900000000001,0,0,0,0,0,848,1,16,nan
12962,148.30799999999999,0,0,0,0,0,794,1,16,nan
12963,206.95400000000001,0,0,0,0,0,1461,1,16,nan
12964,189.995,0,0,0,0,0,1236,1,16,nan
12965,173.946,0,0,0,0,0,1193,1,16,nan
12966,222.04300000000001,0,0,0,0,0,1580,1,16,nan
12967,190.518,0,0,0,0,0,1237,1,16,nan
12968,201.06100000000001,0,0,0,0,0,1146,1,16,nan
12969,207.67699999999999,0,0,0,0,0,1237,1,16,nan
12970,205.74700000000001,0,0,0,0,0,1213,1,16,nan
12971,196.434,0,0,0,0,0,1144,1,16,nan
12972,127.47199999999999,0,0,0,0,0,561,1,16,nan
12973,177.43700000000001,0,0,0,0,0,1156,1,16,nan
12974,229.13800000000001,0,0,0,0,0,1211,1,16,nan
12975,192.905,0,0,0,0,0,1073,1,16,nan
12976,166.971,0,0,0,0,0,754,1,16,nan
12977,205.774,0,0,0,0,0,1133,1,16,nan
12978,211.50999999999999,0,0,0,0,0,1220,1,16,nan
12979,208.07499999999999,0,0,0,0,0,1307,1,16,nan
12980,168.55099999999999,0,0,0,0,0,1101,1,16,nan
12981,148.76499999999999,0,0,0,0,0,759,1,16,nan
12982,183.607,0,0,0,0,0,1289,1,16,nan
12983,152.512,0,0,0,0,0,863,1,16,nan
12984,191.309,0,0,0,0,0,1245,1,16,nan
12985,189.06999999999999,0,0,0,0,0,1284,1,16,nan
12986,122.401,0,0,0,0,0,440,1,16,nan
12987,180.24700000000001,0,0,0,0,0,1242,1,16,nan
12988,169.863,0,0,0,0,0,1085,1,16,nan
12989,158.309,0,0,0,0,0,948,1,16,nan
12990,156.90600000000001,0,0,0,0,0,909,1,16,nan
12991,193.011,0,0,0,0,0,1184,1,16,nan
12992,139.292,0,0,0,0,0,609,1,16,nan
12993,169.31800000000001,0,0,0,0,0,1021,1,16,nan
12994,177.495,0,0,0,0,0,1163,1,16,nan
12995,188.49000000000001,0,0,0,0,0,1162,1,16,nan
12996,196.66300000000001,0,0,0,0,0,1227,1,16,nan
12997,159.61000000000001,0,0,0,0,0,761,1,16,nan
12998,192.25200000000001,0,0,0,0,0,1300,1,16,nan
12999,155.316,0,0,0,0,0,932,1,16,nan
13000,147.35599999999999,0,0,0,0,0,801,1,16,nan
13001,190.048,0,0,0,0,0,1302,1,16,nan
13002,197.07900000000001,0,0,0,0,0,1322,1,16,nan
13003,188.422,0,0,0,0,0,1291,1,16,nan
13004,169.833,0,0,0,0,0,1031,1,16,nan
13005,136.20699999999999,0,0,0,0,0,625,1,16,nan
13006,159.005,0,0,0,0,0,912,1,16,nan
13007,112.494,0,0,0,0,0,367,1,16,nan
13008,165.40000000000001,0,0,0,0,0,961,1,16,nan
13009,164.32400000000001,0,0,0,0,0,1090,1,16,nan
13010,154.46799999999999,0,0,0,0,0,642,1,16,nan
13011,196.41200000000001,0,0,0,0,0,1243,1,16,nan
13012,173.083,0,0,0,0,0,1015,1,16,nan
13013,170.03299999999999,0,0,0,0,0,1117,1,16,nan
13014,218.50800000000001,0,0,0,0,0,1286,1,16,nan
13015,178.48500000000001,0,0,0,0,0,1115,1,16,nan
13016,187.374,0,0,0,0,0,1118,1,16,nan
13017,183.089,0,0,0,0,0,1152,1,16,nan
13018,179.83099999999999,0,0,0,0,0,1074,1,16,nan
13019,182.07599999999999,0,0,0,0,0,1090,1,16,nan
13020,219.458,0,0,0,0,0,1181,1,16,nan
13021,167.482,0,0,0,0,0,938,1,16,nan
13022,123.666,0,0,0,0,0,408,1,16,nan
13023,180.14599999999999,0,0,0,0,0,1105,1,16,nan
13024,162.53100000000001,0,0,0,0,0,852,1,16,nan
13025,200.36099999999999,0,0,0,0,0,1303,1,16,nan
13026,140.33000000000001,0,0,0,0,0,586,1,16,nan
13027,200.59399999999999,0,0,0,0,0,1142,1,16,nan
13028,171.80600000000001,0,0,0,0,0,1005,1,16,nan
13029,175.74299999999999,0,0,0,0,0,1075,1,16,nan
13030,128.22999999999999,0,0,0,0,0,470,1,16,nan
13031,193.751,0,0,0,0,0,1244,1,16,nan
13032,133.44999999999999,0,0,0,0,0,544,1,16,nan
13033,143.268,0,0,0,0,0,744,1,16,nan
13034,213.43199999999999,0,0,0,0,0,1200,1,16,nan
13035,157.858,0,0,0,0,0,832,1,16,nan
13036,199.17599999999999,0,0,0,0,0,1274,1,16,nan
13037,177.154,0,0,0,0,0,1070,1,16,nan
13038,203.83799999999999,0,0,0,0,0,1317,1,16,nan
13039,169.16,0,0,0,0,0,1011,1,16,nan
13040,137.95599999999999,0,0,0,0,0,534,1,16,nan
13041,181.05500000000001,0,0,0,0,0,1173,1,16,nan
13042,182.61199999999999,0,0,0,0,0,1145,1,16,nan
13043,199.745,0,0,0,0,0,1257,1,16,nan
13044,183.68000000000001,0,0,0,0,0,1171,1,16,nan
13045,147.625,0,0,0,0,0,706,1,16,nan
13046,177.62,0,0,0,0,0,1129,1,16,nan
13047,143.16800000000001,0,0,0,0,0,655,1,16,nan
13048,213.15199999999999,0,0,0,0,0,1450,1,16,nan
13049,178.345,0,0,0,0,0,1065,1,16,nan
13050,199.863,0,0,0,0,0,1313,1,16,nan
13051,187.267,0,0,0,0,0,1240,1,16,nan
13052,197.40100000000001,0,0,0,0,0,1322,1,16,nan
13053,178.316,0,0,0,0,0,1161,1,16,nan
13054,133.27099999999999,0,0,0,0,0,569,1,16,nan
13055,153.47399999999999,0,0,0,0,0,895,1,16,nan
13056,179.505,0,0,0,0,0,1058,1,16,nan
13057,193.77799999999999,0,0,0,0,0,1301,1,16,nan
13058,189.661,0,0,0,0,0,1202,1,16,nan
13059,200.15700000000001,0,0,0,0,0,1311,1,16,nan
13060,180.423,0,0,0,0,0,1082,1,16,nan
13061,210.45699999999999,0,0,0,0,0,1437,1,16,nan
13062,189.148,0,0,0,0,0,1256,1,16,nan
13063,198.09700000000001,0,0,0,0,0,1367,1,16,nan
13064,186.422,0,0,0,0,0,1092,1,16,nan
13065,173.71600000000001,0,0,0,0,0,947,1,16,nan
13066,164.773,0,0,0,0,0,893,1,16,nan
13067,144.93299999999999,0,0,0,0,0,747,1,16,nan
13068,222.69,0,0,0,0,0,1640,1,16,nan
13069,181.75899999999999,0,0,0,0,0,1222,1,16,nan
13070,190.524,0,0,0,0,0,1268,1,16,nan
13071,167.465,0,0,0,0,0,988,1,16,nan
13072,136.589,0,0,0,0,0,638,1,16,nan
13073,185.256,0,0,0,0,0,1179,1,16,nan
13074,181.25800000000001,0,0,0,0,0,1117,1,16,nan
13075,182.60300000000001,0,0,0,0,0,1154,1,16,nan
13076,202.51599999999999,0,0,0,0,0,1162,1,16,nan
13077,166.572,0,0,0,0,0,1008,1,16,nan
13078,162.68799999999999,0,0,0,0,0,941,1,16,nan
13079,167.149,0,0,0,0,0,1038,1,16,nan
13080,178.81399999999999,0,0,0,0,0,1104,1,16,nan
13081,186.99100000000001,0,0,0,0,0,1245,1,16,nan
13082,184.63499999999999,0,0,0,0,0,1177,1,16,nan
13083,156.25200000000001,0,0,0,0,0,833,1,16,nan
13084,188.98400000000001,0,0,0,0,0,1094,1,16,nan
13085,180.97,0,0,0,0,0,1142,1,16,nan
13086,162.21799999999999,0,0,0,0,0,944,1,16,nan
13087,164.91800000000001,0,0,0,0,0,979,1,16,nan
13088,203.83799999999999,0,0,0,0,0,1320,1,16,nan
13089,167.99600000000001,0,0,0,0,0,1055,1,16,nan
13090,180.22499999999999,0,0,0,0,0,1221,1,16,nan
13091,143.17699999999999,0,0,0,0,0,679,1,16,nan
13092,144.56999999999999,0,0,0,0,0,655,1,16,nan
13093,175.13900000000001,0,0,0,0,0,807,1,16,nan
13094,190.25299999999999,0,0,0,0,0,1261,1,16,nan
13095,163.047,0,0,0,0,0,903,1,16,nan
13096,199.62700000000001,0,0,0,0,0,1306,1,16,nan
13097,179.739,0,0,0,0,0,1084,1,16,nan
13098,186.60499999999999,0,0,0,0,0,1199,1,16,nan
13099,172.58600000000001,0,0,0,0,0,1060,1,16,nan
13100,177.678,0,0,0,0,0,1019,1,16,nan
13101,169.61000000000001,0,0,0,0,0,1065,1,16,nan
13102,167.441,0,0,0,0,0,988,1,16,nan
13103,171.18000000000001,0,0,0,0,0,1167,1,16,nan
13104,233.191,0,0,0,0,0,1184,1,16,nan
13105,177.84899999999999,0,0,0,0,0,891,1,16,nan
13106,177.78700000000001,0,0,0,0,0,810,1,16,nan
13107,190.774,0,0,0,0,0,1027,1,16,nan
13108,164.559,0,0,0,0,0,857,1,16,nan
13109,156.43799999999999,0,0,0,0,0,804,1,16,nan
13110,206.49000000000001,0,0,0,0,0,1246,1,16,nan
13111,128.68600000000001,0,0,0,0,0,511,1,16,nan
13112,163.65700000000001,0,0,0,0,0,940,1,16,nan
13113,178.74299999999999,0,0,0,0,0,1155,1,16,nan
13114,180.73599999999999,0,0,0,0,0,1204,1,16,nan
13115,138.36000000000001,0,0,0,0,0,668,1,16,nan
13116,168.17400000000001,0,0,0,0,0,1021,1,16,nan
13117,162.678,0,0,0,0,0,921,1,16,nan
13118,173.27199999999999,0,0,0,0,0,1210,1,16,nan
13119,200.09,0,0,0,0,0,1084,1,16,nan
13120,146.88800000000001,0,0,0,0,0,766,1,16,nan
13121,197.53999999999999,0,0,0,0,0,1130,1,16,nan
13122,191.49199999999999,0,0,0,0,0,995,1,16,nan
13123,155.83000000000001,0,0,0,0,0,750,1,16,nan
13124,160.21000000000001,0,0,0,0,0,913,1,16,nan
13125,203.97300000000001,0,0,0,0,0,1426,1,16,nan
13126,192.10900000000001,0,0,0,0,0,868,1,16,nan
13127,224.13399999999999,0,0,0,0,0,1272,1,16,nan
13128,218.018,0,0,0,0,0,1246,1,16,nan
13129,197.726,0,0,0,0,0,1069,1,16,nan
13130,221.744,0,0,0,0,0,1320,1,16,nan
13131,201.15199999999999,0,0,0,0,0,1255,1,16,nan
13132,142.19399999999999,0,0,0,0,0,731,1,16,nan
13133,161.803,0,0,0,0,0,872,1,16,nan
13134,174.59800000000001,0,0,0,0,0,1068,1,16,nan
13135,183.63800000000001,0,0,0,0,0,1189,1,16,nan
13136,219.34,0,0,0,0,0,1272,1,16,nan
13137,219.03200000000001,0,0,0,0,0,1383,1,16,nan
13138,209.84399999999999,0,0,0,0,0,1278,1,16,nan
13139,176.05600000000001,0,0,0,0,0,925,1,16,nan
13140,131.27199999999999,0,0,0,0,0,521,1,16,nan
13141,180.22399999999999,0,0,0,0,0,1094,1,16,nan
13142,177.339,0,0,0,0,0,1106,1,16,nan
13143,195.81999999999999,0,0,0,0,0,1372,1,16,nan
13144,162.30099999999999,0,0,0,0,0,1030,1,16,nan
13145,186.392,0,0,0,0,0,1277,1,16,nan
13146,139.49299999999999,0,0,0,0,0,632,1,16,nan
13147,150.36199999999999,0,0,0,0,0,817,1,16,nan
13148,176.80199999999999,0,0,0,0,0,1150,1,16,nan
13149,160.84200000000001,0,0,0,0,0,1021,1,16,nan
13150,129.864,0,0,0,0,0,487,1,16,nan
13151,161.54400000000001,0,0,0,0,0,875,1,16,nan
13152,167.595,0,0,0,0,0,1072,1,16,nan
13153,147.291,0,0,0,0,0,733,1,16,nan
13154,197.06999999999999,0,0,0,0,0,1366,1,16,nan
13155,145.58000000000001,0,0,0,0,0,713,1,16,nan
13156,171.72300000000001,0,0,0,0,0,1010,1,16,nan
13157,138.31100000000001,0,0,0,0,0,597,1,16,nan
13158,179.785,0,0,0,0,0,1185,1,16,nan
13159,181.886,0,0,0,0,0,1172,1,16,nan
13160,128.268,0,0,0,0,0,495,1,16,nan
13161,155.08799999999999,0,0,0,0,0,968,1,16,nan
13162,187.82599999999999,0,0,0,0,0,1158,1,16,nan
13163,181.47300000000001,0,0,0,0,0,1193,1,16,nan
13164,145.40899999999999,0,0,0,0,0,751,1,16,nan
13165,179.91,0,0,0,0,0,1207,1,16,nan
13166,164.01599999999999,0,0,0,0,0,975,1,16,nan
13167,168.078,0,0,0,0,0,1017,1,16,nan
13168,155.137,0,0,0,0,0,855,1,16,nan
13169,146.66499999999999,0,0,0,0,0,747,1,16,nan
13170,183.34800000000001,0,0,0,0,0,1204,1,16,nan
13171,165.92400000000001,0,0,0,0,0,965,1,16,nan
13172,168.90299999999999,0,0,0,0,0,1058,1,16,nan
13173,190.17699999999999,0,0,0,0,0,1238,1,16,nan
13174,184.851,0,0,0,0,0,1280,1,16,nan
13175,149.07900000000001,0,0,0,0,0,857,1,16,nan
13176,178.381,0,0,0,0,0,1124,1,16,nan
13177,190.40799999999999,0,0,0,0,0,1310,1,16,nan
13178,177.09200000000001,0,0,0,0,0,814,1,16,nan
13179,182.73500000000001,0,0,0,0,0,969,1,16,nan
13180,191.232,0,0,0,0,0,1028,1,16,nan
13181,187.36099999999999,0,0,0,0,0,1009,1,16,nan
13182,123.383,0,0,0,0,0,397,1,16,nan
13183,160.86099999999999,0,0,0,0,0,983,1,16,nan
13184,161.946,0,0,0,0,0,886,1,16,nan
13185,202.15600000000001,0,0,0,0,0,1479,1,16,nan
13186,154.98699999999999,0,0,0,0,0,829,1,16,nan
13187,156.964,0,0,0,0,0,862,1,16,nan
13188,169.21000000000001,0,0,0,0,0,1091,1,16,nan
13189,204.78399999999999,0,0,0,0,0,1399,1,16,nan
13190,165.68799999999999,0,0,0,0,0,1017,1,16,nan
13191,178.87,0,0,0,0,0,1245,1,16,nan
13192,191.62299999999999,0,0,0,0,0,1320,1,16,nan
13193,170.72300000000001,0,0,0,0,0,1097,1,16,nan
13194,133.10499999999999,0,0,0,0,0,558,1,16,nan
13195,180.81100000000001,0,0,0,0,0,1207,1,16,nan
13196,178.49100000000001,0,0,0,0,0,1023,1,16,nan
13197,169.673,0,0,0,0,0,1055,1,16,nan
13198,178.24299999999999,0,0,0,0,0,1194,1,16,nan
13199,140.01400000000001,0,0,0,0,0,672,1,16,nan
13200,154.61000000000001,0,0,0,0,0,872,1,16,nan
13201,141.703,0,0,0,0,0,664,1,16,nan
13202,166.52500000000001,0,0,0,0,0,1035,1,16,nan
13203,157.43600000000001,0,0,0,0,0,561,1,16,nan
13204,188.983,0,0,0,0,0,1285,1,16,nan
13205,188.61500000000001,0,0,0,0,0,1244,1,16,nan
13206,174.54300000000001,0,0,0,0,0,1053,1,16,nan
13207,180.517,0,0,0,0,0,1261,1,16,nan
13208,179.161,0,0,0,0,0,1047,1,16,nan
13209,171.96600000000001,0,0,0,0,0,1117,1,16,nan
13210,160.21899999999999,0,0,0,0,0,925,1,16,nan
13211,170.66499999999999,0,0,0,0,0,1030,1,16,nan
13212,154.571,0,0,0,0,0,891,1,16,nan
13213,172.15199999999999,0,0,0,0,0,1024,1,16,nan
13214,180.36000000000001,0,0,0,0,0,1195,1,16,nan
13215,172.989,0,0,0,0,0,1050,1,16,nan
13216,176.762,0,0,0,0,0,1179,1,16,nan
13217,182.047,0,0,0,0,0,1194,1,16,nan
13218,190.178,0,0,0,0,0,1269,1,16,nan
13219,177.97800000000001,0,0,0,0,0,1139,1,16,nan
13220,178.90899999999999,0,0,0,0,0,1168,1,16,nan
13221,170.239,0,0,0,0,0,1024,1,16,nan
13222,149.62100000000001,0,0,0,0,0,808,1,16,nan
13223,184.167,0,0,0,0,0,1242,1,16,nan
13224,218.85900000000001,0,0,0,0,0,1336,1,16,nan
13225,177.10499999999999,0,0,0,0,0,752,1,16,nan
13226,163.75700000000001,0,0,0,0,0,781,1,16,nan
13227,198.459,0,0,0,0,0,1128,1,16,nan
13228,196.102,0,0,0,0,0,1314,1,16,nan
13229,160.81999999999999,0,0,0,0,0,1007,1,16,nan
13230,156.35400000000001,0,0,0,0,0,884,1,16,nan
13231,173.62200000000001,0,0,0,0,0,1105,1,16,nan
13232,166.23099999999999,0,0,0,0,0,1032,1,16,nan
13233,185.26300000000001,0,0,0,0,0,1199,1,16,nan
13234,179.346,0,0,0,0,0,1089,1,16,nan
13235,164.124,0,0,0,0,0,1043,1,16,nan
13236,178.07599999999999,0,0,0,0,0,1152,1,16,nan
13237,160.59399999999999,0,0,0,0,0,968,1,16,nan
13238,172.01300000000001,0,0,0,0,0,1040,1,16,nan
13239,180.51300000000001,0,0,0,0,0,1194,1,16,nan
13240,166.22,0,0,0,0,0,1075,1,16,nan
13241,183.375,0,0,0,0,0,1118,1,16,nan
13242,169.08699999999999,0,0,0,0,0,1018,1,16,nan
13243,182.37799999999999,0,0,0,0,0,1199,1,16,nan
13244,147.00800000000001,0,0,0,0,0,791,1,16,nan
13245,175.548,0,0,0,0,0,1147,1,16,nan
13246,160.221,0,0,0,0,0,952,1,16,nan
13247,158.874,0,0,0,0,0,867,1,16,nan
13248,171.75299999999999,0,0,0,0,0,1016,1,16,nan
13249,148.36199999999999,0,0,0,0,0,801,1,16,nan
13250,172.72800000000001,0,0,0,0,0,1107,1,16,nan
13251,193.679,0,0,0,0,0,1341,1,16,nan
13252,187.05000000000001,0,0,0,0,0,1274,1,16,nan
13253,191.279,0,0,0,0,0,1207,1,16,nan
13254,130.18199999999999,0,0,0,0,0,565,1,16,nan
13255,176.696,0,0,0,0,0,1166,1,16,nan
13256,174.56700000000001,0,0,0,0,0,1148,1,16,nan
13257,180.56,0,0,0,0,0,1082,1,16,nan
13258,158.73500000000001,0,0,0,0,0,909,1,16,nan
13259,141.02000000000001,0,0,0,0,0,718,1,16,nan
13260,169.077,0,0,0,0,0,1021,1,16,nan
13261,166.143,0,0,0,0,0,1021,1,16,nan
13262,203.29300000000001,0,0,0,0,0,1127,1,16,nan
13263,202.90199999999999,0,0,0,0,0,1248,1,16,nan
13264,182.214,0,0,0,0,0,1075,1,16,nan
13265,179.40199999999999,0,0,0,0,0,854,1,16,nan
13266,202.96899999999999,0,0,0,0,0,1329,1,16,nan
13267,163.70599999999999,0,0,0,0,0,990,1,16,nan
13268,185.809,0,0,0,0,0,1286,1,16,nan
13269,168.791,0,0,0,0,0,1043,1,16,nan
13270,161.71100000000001,0,0,0,0,0,967,1,16,nan
13271,201.71000000000001,0,0,0,0,0,1346,1,16,nan
13272,170.11799999999999,0,0,0,0,0,1055,1,16,nan
13273,182.91300000000001,0,0,0,0,0,1184,1,16,nan
13274,166.25800000000001,0,0,0,0,0,977,1,16,nan
13275,162.364,0,0,0,0,0,972,1,16,nan
13276,187.309,0,0,0,0,0,1224,1,16,nan
13277,154.28200000000001,0,0,0,0,0,837,1,16,nan
13278,180.41300000000001,0,0,0,0,0,1132,1,16,nan
13279,168.827,0,0,0,0,0,1006,1,16,nan
13280,148.97300000000001,0,0,0,0,0,781,1,16,nan
13281,143.44,0,0,0,0,0,690,1,16,nan
13282,178.63399999999999,0,0,0,0,0,1183,1,16,nan
13283,191.108,0,0,0,0,0,1356,1,16,nan
13284,173.97399999999999,0,0,0,0,0,1068,1,16,nan
13285,182.98099999999999,0,0,0,0,0,1139,1,16,nan
13286,175.571,0,0,0,0,0,1095,1,16,nan
13287,168.32599999999999,0,0,0,0,0,1100,1,16,nan
13288,182.666,0,0,0,0,0,770,1,16,nan
13289,165.09999999999999,0,0,0,0,0,981,1,16,nan
13290,170.559,0,0,0,0,0,1086,1,16,nan
13291,158.227,0,0,0,0,0,949,1,16,nan
13292,162.494,0,0,0,0,0,1001,1,16,nan
13293,179.72900000000001,0,0,0,0,0,1193,1,16,nan
13294,189.476,0,0,0,0,0,1229,1,16,nan
13295,165.24600000000001,0,0,0,0,0,972,1,16,nan
13296,188.07499999999999,0,0,0,0,0,1339,1,16,nan
13297,182.90600000000001,0,0,0,0,0,1250,1,16,nan
13298,184.226,0,0,0,0,0,1197,1,16,nan
13299,178.166,0,0,0,0,0,1162,1,16,nan
13300,170.48400000000001,0,0,0,0,0,1132,1,16,nan
13301,186.233,0,0,0,0,0,1232,1,16,nan
13302,152.755,0,0,0,0,0,848,1,16,nan
13303,154.26599999999999,0,0,0,0,0,862,1,16,nan
13304,172.08199999999999,0,0,0,0,0,1035,1,16,nan
13305,186.797,0,0,0,0,0,1260,1,16,nan
13306,170.42099999999999,0,0,0,0,0,1072,1,16,nan
13307,162.37899999999999,0,0,0,0,0,977,1,16,nan
13308,157.58699999999999,0,0,0,0,0,1026,1,16,nan
13309,189.40000000000001,0,0,0,0,0,1261,1,16,nan
13310,177.56899999999999,0,0,0,0,0,1160,1,16,nan
13311,132.49700000000001,0,0,0,0,0,536,1,16,nan
13312,143.459,0,0,0,0,0,718,1,16,nan
13313,188.55199999999999,0,0,0,0,0,1102,1,16,nan
13314,185.45699999999999,0,0,0,0,0,1156,1,16,nan
13315,183.78200000000001,0,0,0,0,0,972,1,16,nan
13316,183.79300000000001,0,0,0,0,0,1080,1,16,nan
13317,194.745,0,0,0,0,0,1190,1,16,nan
13318,152.56700000000001,0,0,0,0,0,755,1,16,nan
13319,183.69999999999999,0,0,0,0,0,1187,1,16,nan
13320,154.14599999999999,0,0,0,0,0,808,1,16,nan
13321,136.10599999999999,0,0,0,0,0,567,1,16,nan
13322,214.81999999999999,0,0,0,0,0,1267,1,16,nan
13323,178.39500000000001,0,0,0,0,0,1101,1,16,nan
13324,147.26300000000001,0,0,0,0,0,843,1,16,nan
13325,163.976,0,0,0,0,0,901,1,16,nan
13326,145.511,0,0,0,0,0,739,1,16,nan
13327,164.97300000000001,0,0,0,0,0,922,1,16,nan
13328,196.19200000000001,0,0,0,0,0,1307,1,16,nan
13329,221.84100000000001,0,0,0,0,0,1601,1,16,nan
13330,130.18799999999999,0,0,0,0,0,572,1,16,nan
13331,176.232,0,0,0,0,0,1074,1,16,nan
13332,186.98099999999999,0,0,0,0,0,1245,1,16,nan
13333,199.11699999999999,0,0,0,0,0,1194,1,16,nan
13334,175.303,0,0,0,0,0,1031,1,16,nan
13335,160.09899999999999,0,0,0,0,0,891,1,16,nan
13336,215.90799999999999,0,0,0,0,0,1438,1,16,nan
13337,184.536,0,0,0,0,0,1174,1,16,nan
13338,188.566,0,0,0,0,0,1165,1,16,nan
13339,153.709,0,0,0,0,0,645,1,16,nan
13340,182.351,0,0,0,0,0,1151,1,16,nan
13341,166.83600000000001,0,0,0,0,0,1043,1,16,nan
13342,174.821,0,0,0,0,0,1146,1,16,nan
13343,202.05099999999999,0,0,0,0,0,1117,1,16,nan
13344,190.91300000000001,0,0,0,0,0,1053,1,16,nan
13345,177.00399999999999,0,0,0,0,0,902,1,16,nan
13346,184.55699999999999,0,0,0,0,0,909,1,16,nan
13347,194.15299999999999,0,0,0,0,0,1184,1,16,nan
13348,162.858,0,0,0,0,0,994,1,16,nan
13349,147.02600000000001,0,0,0,0,0,788,1,16,nan
13350,172.23699999999999,0,0,0,0,0,1108,1,16,nan
13351,199.131,0,0,0,0,0,1155,1,16,nan
13352,168.846,0,0,0,0,0,1014,1,16,nan
13353,173.291,0,0,0,0,0,1071,1,16,nan
13354,126.687,0,0,0,0,0,525,1,16,nan
13355,170.642,0,0,0,0,0,892,1,16,nan
13356,179.50999999999999,0,0,0,0,0,1184,1,16,nan
13357,156.69499999999999,0,0,0,0,0,783,1,16,nan
13358,178.43000000000001,0,0,0,0,0,1170,1,16,nan
13359,200.18199999999999,0,0,0,0,0,1371,1,16,nan
13360,148.79400000000001,0,0,0,0,0,790,1,16,nan
13361,169.429,0,0,0,0,0,1064,1,16,nan
13362,178.65899999999999,0,0,0,0,0,1187,1,16,nan
13363,174.24199999999999,0,0,0,0,0,1092,1,16,nan
13364,151.51499999999999,0,0,0,0,0,817,1,16,nan
13365,151.06100000000001,0,0,0,0,0,831,1,16,nan
13366,172.17599999999999,0,0,0,0,0,1182,1,16,nan
13367,173.81,0,0,0,0,0,1033,1,16,nan
13368,131.66300000000001,0,0,0,0,0,580,1,16,nan
13369,195.983,0,0,0,0,0,1316,1,16,nan
13370,174.04300000000001,0,0,0,0,0,991,1,16,nan
13371,176.119,0,0,0,0,0,1125,1,16,nan
13372,159.642,0,0,0,0,0,951,1,16,nan
13373,198.458,0,0,0,0,0,974,1,16,nan
13374,179.90799999999999,0,0,0,0,0,928,1,16,nan
13375,172.624,0,0,0,0,0,1044,1,16,nan
13376,143.47300000000001,0,0,0,0,0,619,1,16,nan
13377,173.512,0,0,0,0,0,1048,1,16,nan
13378,149.227,0,0,0,0,0,769,1,16,nan
13379,167.83799999999999,0,0,0,0,0,973,1,16,nan
13380,200.99799999999999,0,0,0,0,0,1263,1,16,nan
13381,162.524,0,0,0,0,0,794,1,16,nan
13382,179.13999999999999,0,0,0,0,0,1182,1,16,nan
13383,150.38200000000001,0,0,0,0,0,744,1,16,nan
13384,179.864,0,0,0,0,0,1245,1,16,nan
13385,134.97800000000001,0,0,0,0,0,620,1,16,nan
13386,193.27000000000001,0,0,0,0,0,1304,1,16,nan
13387,183.53800000000001,0,0,0,0,0,1239,1,16,nan
13388,149.30799999999999,0,0,0,0,0,868,1,16,nan
13389,183.22200000000001,0,0,0,0,0,1159,1,16,nan
13390,166.86000000000001,0,0,0,0,0,972,1,16,nan
13391,144.78800000000001,0,0,0,0,0,729,1,16,nan
13392,166.23699999999999,0,0,0,0,0,930,1,16,nan
13393,156.50700000000001,0,0,0,0,0,899,1,16,nan
13394,179.21600000000001,0,0,0,0,0,1196,1,16,nan
13395,154.797,0,0,0,0,0,816,1,16,nan
13396,184.035,0,0,0,0,0,1149,1,16,nan
13397,131.51599999999999,0,0,0,0,0,646,1,16,nan
13398,157.797,0,0,0,0,0,883,1,16,nan
13399,190.50800000000001,0,0,0,0,0,1023,1,16,nan
13400,194.58699999999999,0,0,0,0,0,1298,1,16,nan
13401,176.149,0,0,0,0,0,1048,1,16,nan
13402,192.596,0,0,0,0,0,1256,1,16,nan
13403,236.066,0,0,0,0,0,1257,1,16,nan
13404,186.03200000000001,0,0,0,0,0,861,1,16,nan
13405,197.066,0,0,0,0,0,879,1,16,nan
13406,188.64099999999999,0,0,0,0,0,915,1,16,nan
13407,181.739,0,0,0,0,0,1139,1,16,nan
13408,167.70400000000001,0,0,0,0,0,940,1,16,nan
13409,200.77099999999999,0,0,0,0,0,1212,1,16,nan
13410,146.00200000000001,0,0,0,0,0,788,1,16,nan
13411,121.965,0,0,0,0,0,460,1,16,nan
13412,180.54400000000001,0,0,0,0,0,1199,1,16,nan
13413,171.36000000000001,0,0,0,0,0,1143,1,16,nan
13414,118.227,0,0,0,0,0,447,1,16,nan
13415,180.45500000000001,0,0,0,0,0,1209,1,16,nan
13416,150.42500000000001,0,0,0,0,0,828,1,16,nan
13417,177.86600000000001,0,0,0,0,0,1079,1,16,nan
13418,174.49000000000001,0,0,0,0,0,1096,1,16,nan
13419,170.27500000000001,0,0,0,0,0,1081,1,16,nan
13420,156.03999999999999,0,0,0,0,0,878,1,16,nan
13421,184.80600000000001,0,0,0,0,0,1269,1,16,nan
13422,184.595,0,0,0,0,0,1205,1,16,nan
13423,215.99299999999999,0,0,0,0,0,1273,1,16,nan
13424,208.93799999999999,0,0,0,0,0,1288,1,16,nan
13425,205.75399999999999,0,0,0,0,0,1242,1,16,nan
13426,221.97499999999999,0,0,0,0,0,1403,1,16,nan
13427,192.797,0,0,0,0,0,1324,1,16,nan
13428,152.05600000000001,0,0,0,0,0,895,1,16,nan
13429,191.096,0,0,0,0,0,1294,1,16,nan
13430,163.339,0,0,0,0,0,1075,1,16,nan
13431,134.37,0,0,0,0,0,610,1,16,nan
13432,172.14400000000001,0,0,0,0,0,806,1,16,nan
13433,174.28399999999999,0,0,0,0,0,889,1,16,nan
13434,167.28200000000001,0,0,0,0,0,1030,1,16,nan
13435,185.845,0,0,0,0,0,1265,1,16,nan
13436,170.392,0,0,0,0,0,1028,1,16,nan
13437,172.268,0,0,0,0,0,1073,1,16,nan
13438,181.48699999999999,0,0,0,0,0,1181,1,16,nan
13439,162.19300000000001,0,0,0,0,0,965,1,16,nan
13440,161.49799999999999,0,0,0,0,0,1057,1,16,nan
13441,175.46100000000001,0,0,0,0,0,1160,1,16,nan
13442,116.17100000000001,0,0,0,0,0,411,1,16,nan
13443,155.55600000000001,0,0,0,0,0,913,1,16,nan
13444,182.59,0,0,0,0,0,1086,1,16,nan
13445,143.03200000000001,0,0,0,0,0,679,1,16,nan
13446,108.178,0,0,0,0,0,335,1,16,nan
13447,134.05199999999999,0,0,0,0,0,611,1,16,nan
13448,163.583,0,0,0,0,0,938,1,16,nan
13449,177.75999999999999,0,0,0,0,0,1141,1,16,nan
13450,174.51300000000001,0,0,0,0,0,1171,1,16,nan
13451,164.48400000000001,0,0,0,0,0,1037,1,16,nan
13452,172.96299999999999,0,0,0,0,0,1088,1,16,nan
13453,170.86099999999999,0,0,0,0,0,1142,1,16,nan
13454,171.566,0,0,0,0,0,1160,1,16,nan
13455,178.36799999999999,0,0,0,0,0,1153,1,16,nan
13456,171.77500000000001,0,0,0,0,0,1084,1,16,nan
13457,190.011,0,0,0,0,0,939,1,16,nan
13458,167.14699999999999,0,0,0,0,0,978,1,16,nan
13459,143.56999999999999,0,0,0,0,0,731,1,16,nan
13460,189.32900000000001,0,0,0,0,0,1281,1,16,nan
13461,142.94,0,0,0,0,0,760,1,16,nan
13462,188.809,0,0,0,0,0,1199,1,16,nan
13463,163.69900000000001,0,0,0,0,0,996,1,16,nan
13464,149.44900000000001,0,0,0,0,0,799,1,16,nan
13465,177.851,0,0,0,0,0,1095,1,16,nan
13466,179.39500000000001,0,0,0,0,0,1135,1,16,nan
13467,155.012,0,0,0,0,0,966,1,16,nan
13468,203.214,0,0,0,0,0,1347,1,16,nan
13469,164.672,0,0,0,0,0,959,1,16,nan
13470,173.34999999999999,0,0,0,0,0,1141,1,16,nan
13471,158.73699999999999,0,0,0,0,0,986,1,16,nan
13472,190.011,0,0,0,0,0,1336,1,16,nan
13473,176.54499999999999,0,0,0,0,0,1131,1,16,nan
13474,150.209,0,0,0,0,0,753,1,16,nan
13475,168.096,0,0,0,0,0,1001,1,16,nan
13476,180.053,0,0,0,0,0,1129,1,16,nan
13477,157.83699999999999,0,0,0,0,0,938,1,16,nan
13478,154.29499999999999,0,0,0,0,0,913,1,16,nan
13479,187.56800000000001,0,0,0,0,0,1287,1,16,nan
13480,138.761,0,0,0,0,0,735,1,16,nan
13481,126.074,0,0,0,0,0,573,1,16,nan
13482,185.36099999999999,0,0,0,0,0,1221,1,16,nan
13483,178.87799999999999,0,0,0,0,0,1106,1,16,nan
13484,156.28,0,0,0,0,0,879,1,16,nan
13485,152.63399999999999,0,0,0,0,0,877,1,16,nan
13486,189.232,0,0,0,0,0,1262,1,16,nan
13487,161.827,0,0,0,0,0,928,1,16,nan
13488,198.36199999999999,0,0,0,0,0,1373,1,16,nan
13489,182.52799999999999,0,0,0,0,0,1212,1,16,nan
13490,153.55600000000001,0,0,0,0,0,888,1,16,nan
13491,154.84200000000001,0,0,0,0,0,938,1,16,nan
13492,163.73400000000001,0,0,0,0,0,699,1,16,nan
13493,164.90700000000001,0,0,0,0,0,784,1,16,nan
13494,186.41,0,0,0,0,0,1004,1,16,nan
13495,200.822,0,0,0,0,0,1171,1,16,nan
13496,180.56899999999999,0,0,0,0,0,1053,1,16,nan
13497,187.35400000000001,0,0,0,0,0,1276,1,16,nan
13498,198.73400000000001,0,0,0,0,0,1343,1,16,nan
13499,177.09100000000001,0,0,0,0,0,1182,1,16,nan
13500,168.44399999999999,0,0,0,0,0,1038,1,16,nan
13501,194.072,0,0,0,0,0,1285,1,16,nan
13502,185.83099999999999,0,0,0,0,0,1227,1,16,nan
13503,198.779,0,0,0,0,0,1348,1,16,nan
13504,190.75700000000001,0,0,0,0,0,1351,1,16,nan
13505,180.65700000000001,0,0,0,0,0,1167,1,16,nan
13506,114.276,0,0,0,0,0,371,1,16,nan
13507,189.023,0,0,0,0,0,1078,1,16,nan
13508,198.81,0,0,0,0,0,1088,1,16,nan
13509,190.37299999999999,0,0,0,0,0,1141,1,16,nan
13510,186.47399999999999,0,0,0,0,0,1269,1,16,nan
13511,164.22300000000001,0,0,0,0,0,831,1,16,nan
13512,182.869,0,0,0,0,0,1173,1,16,nan
13513,195.46199999999999,0,0,0,0,0,1236,1,16,nan
13514,161.43199999999999,0,0,0,0,0,856,1,16,nan
13515,205.595,0,0,0,0,0,1242,1,16,nan
13516,166.08600000000001,0,0,0,0,0,803,1,16,nan
13517,173.04300000000001,0,0,0,0,0,1183,1,16,nan
13518,181.042,0,0,0,0,0,1203,1,16,nan
13519,192.565,0,0,0,0,0,1320,1,16,nan
13520,146.31200000000001,0,0,0,0,0,748,1,16,nan
13521,148.59299999999999,0,0,0,0,0,931,1,16,nan
13522,168.71100000000001,0,0,0,0,0,1158,1,16,nan
13523,191.54499999999999,0,0,0,0,0,1397,1,16,nan
13524,163.923,0,0,0,0,0,914,1,16,nan
13525,174.483,0,0,0,0,0,1130,1,16,nan
13526,148.51900000000001,0,0,0,0,0,779,1,16,nan
13527,173.83799999999999,0,0,0,0,0,1137,1,16,nan
13528,149.84999999999999,0,0,0,0,0,848,1,16,nan
13529,177.23400000000001,0,0,0,0,0,1078,1,16,nan
13530,167.429,0,0,0,0,0,982,1,16,nan
13531,161.99700000000001,0,0,0,0,0,1076,1,16,nan
13532,178.13900000000001,0,0,0,0,0,1136,1,16,nan
13533,186.61600000000001,0,0,0,0,0,1287,1,16,nan
13534,191.309,0,0,0,0,0,1322,1,16,nan
13535,185.30199999999999,0,0,0,0,0,1260,1,16,nan
13536,174.298,0,0,0,0,0,1010,1,16,nan
13537,182.93000000000001,0,0,0,0,0,1139,1,16,nan
13538,175.511,0,0,0,0,0,1061,1,16,nan
13539,164.779,0,0,0,0,0,974,1,16,nan
13540,141.19399999999999,0,0,0,0,0,687,1,16,nan
13541,168.15199999999999,0,0,0,0,0,1013,1,16,nan
13542,192.70599999999999,0,0,0,0,0,894,1,16,nan
13543,171.58099999999999,0,0,0,0,0,1008,1,16,nan
13544,187.14400000000001,0,0,0,0,0,1294,1,16,nan
13545,140.79900000000001,0,0,0,0,0,698,1,16,nan
13546,167.87799999999999,0,0,0,0,0,1019,1,16,nan
13547,159.69399999999999,0,0,0,0,0,1051,1,16,nan
13548,176.08000000000001,0,0,0,0,0,1099,1,16,nan
13549,149.59399999999999,0,0,0,0,0,756,1,16,nan
13550,160.77699999999999,0,0,0,0,0,927,1,16,nan
13551,156.571,0,0,0,0,0,824,1,16,nan
13552,163.52699999999999,0,0,0,0,0,946,1,16,nan
13553,174.91200000000001,0,0,0,0,0,1165,1,16,nan
13554,164.096,0,0,0,0,0,929,1,16,nan
13555,181.226,0,0,0,0,0,1126,1,16,nan
13556,134.53,0,0,0,0,0,600,1,16,nan
13557,191.94,0,0,0,0,0,1258,1,16,nan
13558,178.31200000000001,0,0,0,0,0,1166,1,16,nan
13559,188.95699999999999,0,0,0,0,0,1255,1,16,nan
13560,187.303,0,0,0,0,0,1230,1,16,nan
13561,184.374,0,0,0,0,0,1112,1,16,nan
13562,156.74799999999999,0,0,0,0,0,913,1,16,nan
13563,169.72300000000001,0,0,0,0,0,1117,1,16,nan
13564,162.45699999999999,0,0,0,0,0,1033,1,16,nan
13565,150.74199999999999,0,0,0,0,0,838,1,16,nan
13566,171.405,0,0,0,0,0,1140,1,16,nan
13567,197.959,0,0,0,0,0,1302,1,16,nan
13568,190.20500000000001,0,0,0,0,0,1117,1,16,nan
13569,193.20599999999999,0,0,0,0,0,1221,1,16,nan
13570,172.114,0,0,0,0,0,963,1,16,nan
13571,192.18899999999999,0,0,0,0,0,1260,1,16,nan
13572,191.16300000000001,0,0,0,0,0,1169,1,16,nan
13573,165.76499999999999,0,0,0,0,0,949,1,16,nan
13574,139.68000000000001,0,0,0,0,0,692,1,16,nan
13575,178.857,0,0,0,0,0,1039,1,16,nan
13576,141.48400000000001,0,0,0,0,0,674,1,16,nan
13577,170.14400000000001,0,0,0,0,0,1149,1,16,nan
13578,188.87200000000001,0,0,0,0,0,1198,1,16,nan
13579,152.858,0,0,0,0,0,851,1,16,nan
13580,150.59899999999999,0,0,0,0,0,949,1,16,nan
13581,164.71799999999999,0,0,0,0,0,935,1,16,nan
13582,156.85499999999999,0,0,0,0,0,937,1,16,nan
13583,165.739,0,0,0,0,0,1116,1,16,nan
13584,179.15700000000001,0,0,0,0,0,1077,1,16,nan
13585,190.565,0,0,0,0,0,1280,1,16,nan
13586,197.40000000000001,0,0,0,0,0,1339,1,16,nan
13587,174.55500000000001,0,0,0,0,0,1137,1,16,nan
13588,162.13,0,0,0,0,0,906,1,16,nan
13589,180.94499999999999,0,0,0,0,0,1150,1,16,nan
13590,180.53999999999999,0,0,0,0,0,1153,1,16,nan
13591,169.464,0,0,0,0,0,1034,1,16,nan
13592,183.499,0,0,0,0,0,1154,1,16,nan
13593,156.75299999999999,0,0,0,0,0,912,1,16,nan
13594,126.752,0,0,0,0,0,489,1,16,nan
13595,187.012,0,0,0,0,0,1308,1,16,nan
13596,183.26300000000001,0,0,0,0,0,1161,1,16,nan
13597,181.56899999999999,0,0,0,0,0,1203,1,16,nan
13598,168.583,0,0,0,0,0,1028,1,16,nan
13599,175.19200000000001,0,0,0,0,0,1119,1,16,nan
13600,182.785,0,0,0,0,0,1235,1,16,nan
13601,138.31700000000001,0,0,0,0,0,625,1,16,nan
13602,175.99700000000001,0,0,0,0,0,1093,1,16,nan
13603,173.29499999999999,0,0,0,0,0,1194,1,16,nan
13604,137.797,0,0,0,0,0,683,1,16,nan
13605,169.89400000000001,0,0,0,0,0,1115,1,16,nan
13606,177.322,0,0,0,0,0,1118,1,16,nan
13607,118.294,0,0,0,0,0,440,1,16,nan
13608,150.58199999999999,0,0,0,0,0,782,1,16,nan
13609,153.46799999999999,0,0,0,0,0,972,1,16,nan
13610,160.47900000000001,0,0,0,0,0,991,1,16,nan
13611,179.316,0,0,0,0,0,1161,1,16,nan
13612,143.50899999999999,0,0,0,0,0,737,1,16,nan
13613,187.15100000000001,0,0,0,0,0,1238,1,16,nan
13614,135.50899999999999,0,0,0,0,0,596,1,16,nan
13615,153.05099999999999,0,0,0,0,0,919,1,16,nan
13616,160.20099999999999,0,0,0,0,0,870,1,16,nan
13617,144.34,0,0,0,0,0,726,1,16,nan
13618,169.869,0,0,0,0,0,1006,1,16,nan
13619,151.53999999999999,0,0,0,0,0,840,1,16,nan
13620,136.34700000000001,0,0,0,0,0,610,1,16,nan
13621,164.35300000000001,0,0,0,0,0,974,1,16,nan
13622,157.06100000000001,0,0,0,0,0,965,1,16,nan
13623,158.97900000000001,0,0,0,0,0,955,1,16,nan
13624,173.80500000000001,0,0,0,0,0,1119,1,16,nan
13625,160.834,0,0,0,0,0,950,1,16,nan
13626,154.98599999999999,0,0,0,0,0,845,1,16,nan
13627,204.13999999999999,0,0,0,0,0,1068,1,16,nan
13628,197.72200000000001,0,0,0,0,0,1378,1,16,nan
13629,189.84899999999999,0,0,0,0,0,1316,1,16,nan
13630,176.41800000000001,0,0,0,0,0,1158,1,16,nan
13631,157.14500000000001,0,0,0,0,0,915,1,16,nan
13632,178.13800000000001,0,0,0,0,0,1092,1,16,nan
13633,177.702,0,0,0,0,0,1223,1,16,nan
13634,182.93899999999999,0,0,0,0,0,1174,1,16,nan
13635,185.482,0,0,0,0,0,1296,1,16,nan
13636,186.767,0,0,0,0,0,1149,1,16,nan
13637,174.87899999999999,0,0,0,0,0,1200,1,16,nan
13638,189.06,0,0,0,0,0,1224,1,16,nan
13639,182.053,0,0,0,0,0,1250,1,16,nan
13640,163.75200000000001,0,0,0,0,0,1040,1,16,nan
13641,176.768,0,0,0,0,0,1172,1,16,nan
13642,136.709,0,0,0,0,0,618,1,16,nan
13643,183.25999999999999,0,0,0,0,0,1130,1,16,nan
13644,119.45099999999999,0,0,0,0,0,478,1,16,nan
13645,184.626,0,0,0,0,0,1176,1,16,nan
13646,150.429,0,0,0,0,0,804,1,16,nan
13647,142.75299999999999,0,0,0,0,0,765,1,16,nan
13648,200.81899999999999,0,0,0,0,0,1405,1,16,nan
13649,153.553,0,0,0,0,0,867,1,16,nan
13650,145.32499999999999,0,0,0,0,0,762,1,16,nan
13651,176.91399999999999,0,0,0,0,0,1142,1,16,nan
13652,184.36600000000001,0,0,0,0,0,1293,1,16,nan
13653,175.99199999999999,0,0,0,0,0,1203,1,16,nan
13654,132.78200000000001,0,0,0,0,0,594,1,16,nan
13655,161.535,0,0,0,0,0,990,1,16,nan
13656,161.65600000000001,0,0,0,0,0,948,1,16,nan
13657,151.53700000000001,0,0,0,0,0,576,1,16,nan
13658,171.74799999999999,0,0,0,0,0,887,1,16,nan
13659,193.84200000000001,0,0,0,0,0,1201,1,16,nan
13660,219.43000000000001,0,0,0,0,0,1390,1,16,nan
13661,160.59999999999999,0,0,0,0,0,872,1,16,nan
13662,171.30099999999999,0,0,0,0,0,1094,1,16,nan
13663,184.04900000000001,0,0,0,0,0,1115,1,16,nan
13664,167.26499999999999,0,0,0,0,0,1060,1,16,nan
13665,203.37100000000001,0,0,0,0,0,1379,1,16,nan
13666,148.24700000000001,0,0,0,0,0,786,1,16,nan
13667,174.53200000000001,0,0,0,0,0,1121,1,16,nan
13668,180.88,0,0,0,0,0,1183,1,16,nan
13669,154.72,0,0,0,0,0,870,1,16,nan
13670,179.542,0,0,0,0,0,1121,1,16,nan
13671,165.82599999999999,0,0,0,0,0,1060,1,16,nan
13672,159.25200000000001,0,0,0,0,0,931,1,16,nan
13673,187.41900000000001,0,0,0,0,0,1231,1,16,nan
13674,193.828,0,0,0,0,0,1314,1,16,nan
13675,185.04499999999999,0,0,0,0,0,1247,1,16,nan
13676,170.70400000000001,0,0,0,0,0,1022,1,16,nan
13677,188.22800000000001,0,0,0,0,0,1174,1,16,nan
13678,176.471,0,0,0,0,0,1161,1,16,nan
13679,167.33000000000001,0,0,0,0,0,974,1,16,nan
13680,169.696,0,0,0,0,0,993,1,16,nan
13681,143.05600000000001,0,0,0,0,0,753,1,16,nan
13682,148.13200000000001,0,0,0,0,0,770,1,16,nan
13683,167.59399999999999,0,0,0,0,0,1008,1,16,nan
13684,156.005,0,0,0,0,0,870,1,16,nan
13685,167.26400000000001,0,0,0,0,0,1023,1,16,nan
13686,162.733,0,0,0,0,0,989,1,16,nan
13687,171.94999999999999,0,0,0,0,0,1056,1,16,nan
13688,143.44800000000001,0,0,0,0,0,756,1,16,nan
13689,145.084,0,0,0,0,0,672,1,16,nan
13690,128.58099999999999,0,0,0,0,0,528,1,16,nan
13691,196.583,0,0,0,0,0,1393,1,16,nan
13692,173.762,0,0,0,0,0,1012,1,16,nan
13693,199.19300000000001,0,0,0,0,0,1416,1,16,nan
13694,187.30699999999999,0,0,0,0,0,1218,1,16,nan
13695,173.70400000000001,0,0,0,0,0,1023,1,16,nan
13696,162.69499999999999,0,0,0,0,0,973,1,16,nan
13697,150.267,0,0,0,0,0,796,1,16,nan
13698,162.548,0,0,0,0,0,1015,1,16,nan
13699,174.44200000000001,0,0,0,0,0,1117,1,16,nan
13700,176.84299999999999,0,0,0,0,0,891,1,16,nan
13701,209.797,0,0,0,0,0,1251,1,16,nan
13702,233.83799999999999,0,0,0,0,0,1092,1,16,nan
13703,222.12200000000001,0,0,0,0,0,1253,1,16,nan
13704,177.273,0,0,0,0,0,977,1,16,nan
13705,180.42699999999999,0,0,0,0,0,1099,1,16,nan
13706,165.29300000000001,0,0,0,0,0,941,1,16,nan
13707,174.102,0,0,0,0,0,994,1,16,nan
13708,178.30199999999999,0,0,0,0,0,1114,1,16,nan
13709,163.023,0,0,0,0,0,904,1,16,nan
13710,190.309,0,0,0,0,0,1178,1,16,nan
13711,230.047,0,0,0,0,0,1191,1,16,nan
13712,142.38800000000001,0,0,0,0,0,667,1,16,nan
13713,172.58600000000001,0,0,0,0,0,956,1,16,nan
13714,186.25,0,0,0,0,0,1057,1,16,nan
13715,130.77699999999999,0,0,0,0,0,579,1,16,nan
13716,190.47900000000001,0,0,0,0,0,1319,1,16,nan
13717,153.56399999999999,0,0,0,0,0,809,1,16,nan
13718,159.50899999999999,0,0,0,0,0,955,1,16,nan
13719,154.51400000000001,0,0,0,0,0,821,1,16,nan
13720,126.99299999999999,0,0,0,0,0,490,1,16,nan
13721,133.136,0,0,0,0,0,593,1,16,nan
13722,157.863,0,0,0,0,0,850,1,16,nan
13723,139.63,0,0,0,0,0,644,1,16,nan
13724,169.11099999999999,0,0,0,0,0,1093,1,16,nan
13725,170.31800000000001,0,0,0,0,0,1041,1,16,nan
13726,200.994,0,0,0,0,0,1181,1,16,nan
13727,160.43600000000001,0,0,0,0,0,815,1,16,nan
13728,203.12,0,0,0,0,0,1305,1,16,nan
13729,183.727,0,0,0,0,0,1229,1,16,nan
13730,177.453,0,0,0,0,0,1143,1,16,nan
13731,203.78,0,0,0,0,0,1182,1,16,nan
13732,166.928,0,0,0,0,0,957,1,16,nan
13733,187.65100000000001,0,0,0,0,0,1148,1,16,nan
13734,185.79400000000001,0,0,0,0,0,1159,1,16,nan
13735,200.69800000000001,0,0,0,0,0,1383,1,16,nan
13736,144.22800000000001,0,0,0,0,0,693,1,16,nan
13737,170.66200000000001,0,0,0,0,0,921,1,16,nan
13738,165.20699999999999,0,0,0,0,0,824,1,16,nan
13739,186.36799999999999,0,0,0,0,0,1270,1,16,nan
13740,196.774,0,0,0,0,0,1353,1,16,nan
13741,173.34100000000001,0,0,0,0,0,1145,1,16,nan
13742,171.93700000000001,0,0,0,0,0,1054,1,16,nan
13743,188.66999999999999,0,0,0,0,0,1297,1,16,nan
13744,164.77099999999999,0,0,0,0,0,1010,1,16,nan
13745,171.11600000000001,0,0,0,0,0,1063,1,16,nan
13746,145.24000000000001,0,0,0,0,0,665,1,16,nan
13747,142.85499999999999,0,0,0,0,0,728,1,16,nan
13748,170.422,0,0,0,0,0,1004,1,16,nan
13749,163.52699999999999,0,0,0,0,0,964,1,16,nan
13750,166.49100000000001,0,0,0,0,0,1041,1,16,nan
13751,183.24199999999999,0,0,0,0,0,1169,1,16,nan
13752,153.727,0,0,0,0,0,834,1,16,nan
13753,152.804,0,0,0,0,0,911,1,16,nan
13754,169.41399999999999,0,0,0,0,0,1108,1,16,nan
13755,175.625,0,0,0,0,0,1097,1,16,nan
13756,127.952,0,0,0,0,0,510,1,16,nan
13757,186.93100000000001,0,0,0,0,0,1282,1,16,nan
13758,167.083,0,0,0,0,0,1060,1,16,nan
13759,164.17599999999999,0,0,0,0,0,954,1,16,nan
13760,118.45999999999999,0,0,0,0,0,410,1,16,nan
13761,226.709,0,0,0,0,0,1353,1,16,nan
13762,182.751,0,0,0,0,0,1134,1,16,nan
13763,156.535,0,0,0,0,0,972,1,16,nan
13764,125.039,0,0,0,0,0,544,1,16,nan
13765,171.81,0,0,0,0,0,824,1,16,nan
13766,154.64500000000001,0,0,0,0,0,815,1,16,nan
13767,181.87200000000001,0,0,0,0,0,1064,1,16,nan
13768,169.55600000000001,0,0,0,0,0,825,1,16,nan
13769,158.13999999999999,0,0,0,0,0,922,1,16,nan
13770,180.08799999999999,0,0,0,0,0,1224,1,16,nan
13771,179.93899999999999,0,0,0,0,0,1143,1,16,nan
13772,134.083,0,0,0,0,0,677,1,16,nan
13773,178.56,0,0,0,0,0,1128,1,16,nan
13774,193.376,0,0,0,0,0,1066,1,16,nan
13775,175.88300000000001,0,0,0,0,0,902,1,16,nan
13776,139.21000000000001,0,0,0,0,0,603,1,16,nan
13777,157.904,0,0,0,0,0,907,1,16,nan
13778,199.393,0,0,0,0,0,1321,1,16,nan
13779,175.83500000000001,0,0,0,0,0,1051,1,16,nan
13780,192.536,0,0,0,0,0,1133,1,16,nan
13781,140.78899999999999,0,0,0,0,0,713,1,16,nan
13782,170.886,0,0,0,0,0,1050,1,16,nan
13783,166.34200000000001,0,0,0,0,0,1026,1,16,nan
13784,188.64400000000001,0,0,0,0,0,1163,1,16,nan
13785,128.36000000000001,0,0,0,0,0,546,1,16,nan
13786,178.20599999999999,0,0,0,0,0,1154,1,16,nan
13787,185.28,0,0,0,0,0,1275,1,16,nan
13788,159.65000000000001,0,0,0,0,0,994,1,16,nan
13789,179.72200000000001,0,0,0,0,0,1146,1,16,nan
13790,164.261,0,0,0,0,0,734,1,16,nan
13791,188.71600000000001,0,0,0,0,0,1214,1,16,nan
13792,194.422,0,0,0,0,0,1303,1,16,nan
13793,174.61000000000001,0,0,0,0,0,996,1,16,nan
13794,171.477,0,0,0,0,0,1026,1,16,nan
13795,135.01900000000001,0,0,0,0,0,607,1,16,nan
13796,205.90700000000001,0,0,0,0,0,1144,1,16,nan
13797,206.399,0,0,0,0,0,1335,1,16,nan
13798,190.37200000000001,0,0,0,0,0,1316,1,16,nan
13799,176.93000000000001,0,0,0,0,0,1123,1,16,nan
13800,165.09800000000001,0,0,0,0,0,1009,1,16,nan
13801,170.827,0,0,0,0,0,1020,1,16,nan
13802,187.732,0,0,0,0,0,1265,1,16,nan
13803,192.267,0,0,0,0,0,1291,1,16,nan
13804,164.77099999999999,0,0,0,0,0,983,1,16,nan
13805,172.98099999999999,0,0,0,0,0,1126,1,16,nan
13806,170.584,0,0,0,0,0,1035,1,16,nan
13807,166.19999999999999,0,0,0,0,0,974,1,16,nan
13808,137.84,0,0,0,0,0,645,1,16,nan
13809,185.071,0,0,0,0,0,1211,1,16,nan
13810,178.642,0,0,0,0,0,1168,1,16,nan
13811,175.16300000000001,0,0,0,0,0,1159,1,16,nan
13812,175.672,0,0,0,0,0,1198,1,16,nan
13813,185.81100000000001,0,0,0,0,0,1230,1,16,nan
13814,183.40299999999999,0,0,0,0,0,1224,1,16,nan
13815,136.47999999999999,0,0,0,0,0,591,1,16,nan
13816,123.502,0,0,0,0,0,544,1,16,nan
13817,190.136,0,0,0,0,0,1298,1,16,nan
13818,187.41300000000001,0,0,0,0,0,1280,1,16,nan
13819,201.482,0,0,0,0,0,1407,1,16,nan
13820,166.77699999999999,0,0,0,0,0,1058,1,16,nan
13821,172.965,0,0,0,0,0,1163,1,16,nan
13822,183.63499999999999,0,0,0,0,0,1242,1,16,nan
13823,169.404,0,0,0,0,0,1124,1,16,nan
13824,170.74100000000001,0,0,0,0,0,1032,1,16,nan
13825,140.86099999999999,0,0,0,0,0,691,1,16,nan
13826,160.845,0,0,0,0,0,959,1,16,nan
13827,181.684,0,0,0,0,0,1238,1,16,nan
13828,170.11000000000001,0,0,0,0,0,1008,1,16,nan
13829,182.99100000000001,0,0,0,0,0,1281,1,16,nan
13830,132.518,0,0,0,0,0,565,1,16,nan
13831,195.309,0,0,0,0,0,1130,1,16,nan
13832,134.85900000000001,0,0,0,0,0,620,1,16,nan
13833,172.01599999999999,0,0,0,0,0,1010,1,16,nan
13834,135.804,0,0,0,0,0,613,1,16,nan
13835,164.50700000000001,0,0,0,0,0,884,1,16,nan
13836,194.03399999999999,0,0,0,0,0,1226,1,16,nan
13837,221,0,0,0,0,0,1411,1,16,nan
13838,181.33199999999999,0,0,0,0,0,1127,1,16,nan
13839,176.80500000000001,0,0,0,0,0,1231,1,16,nan
13840,193.02600000000001,0,0,0,0,0,1223,1,16,nan
13841,136.30799999999999,0,0,0,0,0,634,1,16,nan
13842,159.017,0,0,0,0,0,870,1,16,nan
13843,223.584,0,0,0,0,0,1658,1,16,nan
13844,166.489,0,0,0,0,0,1045,1,16,nan
13845,183.47300000000001,0,0,0,0,0,1200,1,16,nan
13846,177.88999999999999,0,0,0,0,0,1213,1,16,nan
13847,175.09399999999999,0,0,0,0,0,1042,1,16,nan
13848,183.173,0,0,0,0,0,1180,1,16,nan
13849,190.803,0,0,0,0,0,1189,1,16,nan
13850,176.91999999999999,0,0,0,0,0,1207,1,16,nan
13851,207.82400000000001,0,0,0,0,0,1408,1,16,nan
13852,170.78899999999999,0,0,0,0,0,1017,1,16,nan
13853,135.29300000000001,0,0,0,0,0,599,1,16,nan
13854,136.12799999999999,0,0,0,0,0,625,1,16,nan
13855,182.72300000000001,0,0,0,0,0,1210,1,16,nan
13856,173.51400000000001,0,0,0,0,0,1204,1,16,nan
13857,148.59299999999999,0,0,0,0,0,678,1,16,nan
13858,171.126,0,0,0,0,0,1158,1,16,nan
13859,175.881,0,0,0,0,0,1144,1,16,nan
13860,167.642,0,0,0,0,0,950,1,16,nan
13861,211.774,0,0,0,0,0,1435,1,16,nan
13862,155.77099999999999,0,0,0,0,0,935,1,16,nan
13863,151.95599999999999,0,0,0,0,0,841,1,16,nan
13864,185.357,0,0,0,0,0,1227,1,16,nan
13865,170.583,0,0,0,0,0,1061,1,16,nan
13866,205.364,0,0,0,0,0,1472,1,16,nan
13867,182.40000000000001,0,0,0,0,0,1172,1,16,nan
13868,183.94399999999999,0,0,0,0,0,1268,1,16,nan
13869,189.125,0,0,0,0,0,1227,1,16,nan
13870,153.08600000000001,0,0,0,0,0,812,1,16,nan
13871,173.05199999999999,0,0,0,0,0,1149,1,16,nan
13872,177.67699999999999,0,0,0,0,0,1235,1,16,nan
13873,158.88900000000001,0,0,0,0,0,862,1,16,nan
13874,170.05600000000001,0,0,0,0,0,1047,1,16,nan
13875,176.572,0,0,0,0,0,1137,1,16,nan
13876,213.66999999999999,0,0,0,0,0,1565,1,16,nan
13877,182.35300000000001,0,0,0,0,0,1210,1,16,nan
13878,194.619,0,0,0,0,0,1313,1,16,nan
13879,186.28399999999999,0,0,0,0,0,1213,1,16,nan
13880,184.20099999999999,0,0,0,0,0,1187,1,16,nan
13881,205.05500000000001,0,0,0,0,0,1092,1,16,nan
13882,151.70699999999999,0,0,0,0,0,874,1,16,nan
13883,171.86699999999999,0,0,0,0,0,1075,1,16,nan
13884,168.411,0,0,0,0,0,1051,1,16,nan
13885,176.70599999999999,0,0,0,0,0,1151,1,16,nan
13886,189.41300000000001,0,0,0,0,0,1278,1,16,nan
13887,161.00800000000001,0,0,0,0,0,1020,1,16,nan
13888,193.31200000000001,0,0,0,0,0,1342,1,16,nan
13889,155.636,0,0,0,0,0,619,1,16,nan
13890,127.60899999999999,0,0,0,0,0,451,1,16,nan
13891,200.98099999999999,0,0,0,0,0,1148,1,16,nan
13892,154.15600000000001,0,0,0,0,0,707,1,16,nan
13893,170.06399999999999,0,0,0,0,0,891,1,16,nan
13894,173.941,0,0,0,0,0,1007,1,16,nan
13895,204.59200000000001,0,0,0,0,0,1407,1,16,nan
13896,199.583,0,0,0,0,0,1303,1,16,nan
13897,199.648,0,0,0,0,0,1286,1,16,nan
13898,174.62200000000001,0,0,0,0,0,883,1,16,nan
13899,149.35900000000001,0,0,0,0,0,620,1,16,nan
13900,188.90100000000001,0,0,0,0,0,1298,1,16,nan
13901,122.134,0,0,0,0,0,496,1,16,nan
13902,176.154,0,0,0,0,0,1122,1,16,nan
13903,144.41900000000001,0,0,0,0,0,767,1,16,nan
13904,208.62299999999999,0,0,0,0,0,1368,1,16,nan
13905,173.19999999999999,0,0,0,0,0,1076,1,16,nan
13906,163.94499999999999,0,0,0,0,0,991,1,16,nan
13907,173.01300000000001,0,0,0,0,0,1075,1,16,nan
13908,168.70099999999999,0,0,0,0,0,1012,1,16,nan
13909,172.48599999999999,0,0,0,0,0,994,1,16,nan
13910,176.68899999999999,0,0,0,0,0,1092,1,16,nan
13911,186.852,0,0,0,0,0,1295,1,16,nan
13912,177.292,0,0,0,0,0,1229,1,16,nan
13913,154.41499999999999,0,0,0,0,0,962,1,16,nan
13914,169.05799999999999,0,0,0,0,0,1003,1,16,nan
13915,184.09399999999999,0,0,0,0,0,1178,1,16,nan
13916,154.15700000000001,0,0,0,0,0,795,1,16,nan
13917,202.809,0,0,0,0,0,1427,1,16,nan
13918,144.209,0,0,0,0,0,677,1,16,nan
13919,158.17400000000001,0,0,0,0,0,833,1,16,nan
13920,153.506,0,0,0,0,0,906,1,16,nan
13921,190.86000000000001,0,0,0,0,0,1304,1,16,nan
13922,170.22300000000001,0,0,0,0,0,1049,1,16,nan
13923,155.12200000000001,0,0,0,0,0,889,1,16,nan
13924,188.06200000000001,0,0,0,0,0,1314,1,16,nan
13925,160.25899999999999,0,0,0,0,0,973,1,16,nan
13926,183.24100000000001,0,0,0,0,0,1249,1,16,nan
13927,161.80000000000001,0,0,0,0,0,1041,1,16,nan
13928,172.11099999999999,0,0,0,0,0,971,1,16,nan
13929,157.16200000000001,0,0,0,0,0,921,1,16,nan
13930,170.76900000000001,0,0,0,0,0,1098,1,16,nan
13931,204.30000000000001,0,0,0,0,0,1448,1,16,nan
13932,175.71799999999999,0,0,0,0,0,1061,1,16,nan
13933,176.328,0,0,0,0,0,1122,1,16,nan
13934,174.94999999999999,0,0,0,0,0,1138,1,16,nan
13935,181.37899999999999,0,0,0,0,0,1147,1,16,nan
13936,117.05500000000001,0,0,0,0,0,389,1,16,nan
13937,172.25299999999999,0,0,0,0,0,784,1,16,nan
13938,185.34,0,0,0,0,0,1096,1,16,nan
13939,190.542,0,0,0,0,0,1045,1,16,nan
13940,194.04499999999999,0,0,0,0,0,983,1,16,nan
13941,202.452,0,0,0,0,0,1296,1,16,nan
13942,176.71799999999999,0,0,0,0,0,1133,1,16,nan
13943,168.54300000000001,0,0,0,0,0,1091,1,16,nan
13944,158.47,0,0,0,0,0,1017,1,16,nan
13945,210.17099999999999,0,0,0,0,0,1411,1,16,nan
13946,158.917,0,0,0,0,0,865,1,16,nan
13947,178.65100000000001,0,0,0,0,0,1248,1,16,nan
13948,171.19499999999999,0,0,0,0,0,985,1,16,nan
13949,142.471,0,0,0,0,0,645,1,16,nan
13950,184.74000000000001,0,0,0,0,0,1138,1,16,nan
13951,205.72900000000001,0,0,0,0,0,1223,1,16,nan
13952,180.82300000000001,0,0,0,0,0,1171,1,16,nan
13953,224.30500000000001,0,0,0,0,0,1310,1,16,nan
13954,183.73699999999999,0,0,0,0,0,957,1,16,nan
13955,196.18600000000001,0,0,0,0,0,1119,1,16,nan
13956,224.27799999999999,0,0,0,0,0,1286,1,16,nan
13957,171.184,0,0,0,0,0,1141,1,16,nan
13958,158.84899999999999,0,0,0,0,0,882,1,16,nan
13959,175.86000000000001,0,0,0,0,0,1131,1,16,nan
13960,169.03999999999999,0,0,0,0,0,1031,1,16,nan
13961,179.29300000000001,0,0,0,0,0,1154,1,16,nan
13962,167.74199999999999,0,0,0,0,0,1007,1,16,nan
13963,186.56200000000001,0,0,0,0,0,1274,1,16,nan
13964,148.624,0,0,0,0,0,814,1,16,nan
13965,179.60900000000001,0,0,0,0,0,880,1,16,nan
13966,191.797,0,0,0,0,0,1316,1,16,nan
13967,177.768,0,0,0,0,0,1039,1,16,nan
13968,186.08099999999999,0,0,0,0,0,1263,1,16,nan
13969,200.26400000000001,0,0,0,0,0,1385,1,16,nan
13970,165.786,0,0,0,0,0,1019,1,16,nan
13971,162.154,0,0,0,0,0,1006,1,16,nan
13972,175.33500000000001,0,0,0,0,0,1115,1,16,nan
13973,185.20500000000001,0,0,0,0,0,1235,1,16,nan
13974,156.18199999999999,0,0,0,0,0,867,1,16,nan
13975,184.45699999999999,0,0,0,0,0,1308,1,16,nan
13976,165.267,0,0,0,0,0,1005,1,16,nan
13977,157.46600000000001,0,0,0,0,0,914,1,16,nan
13978,175.65299999999999,0,0,0,0,0,1062,1,16,nan
13979,178.322,0,0,0,0,0,1122,1,16,nan
13980,180.268,0,0,0,0,0,1168,1,16,nan
13981,175.184,0,0,0,0,0,1145,1,16,nan
13982,149.72800000000001,0,0,0,0,0,761,1,16,nan
13983,171.67699999999999,0,0,0,0,0,1089,1,16,nan
13984,175.25200000000001,0,0,0,0,0,1035,1,16,nan
13985,144.42500000000001,0,0,0,0,0,682,1,16,nan
13986,166.048,0,0,0,0,0,1011,1,16,nan
13987,158.91399999999999,0,0,0,0,0,950,1,16,nan
13988,169.523,0,0,0,0,0,1084,1,16,nan
13989,144.25700000000001,0,0,0,0,0,671,1,16,nan
13990,141.244,0,0,0,0,0,676,1,16,nan
13991,210.81800000000001,0,0,0,0,0,1149,1,16,nan
13992,150.244,0,0,0,0,0,801,1,16,nan
13993,179.191,0,0,0,0,0,1138,1,16,nan
13994,178.005,0,0,0,0,0,1117,1,16,nan
13995,164.85400000000001,0,0,0,0,0,977,1,16,nan
13996,177.92400000000001,0,0,0,0,0,1152,1,16,nan
13997,166.48400000000001,0,0,0,0,0,1185,1,16,nan
13998,147.73099999999999,0,0,0,0,0,732,1,16,nan
13999,197.16399999999999,0,0,0,0,0,1375,1,16,nan
14000,139.27799999999999,0,0,0,0,0,685,1,16,nan
14001,186.91999999999999,0,0,0,0,0,1252,1,16,nan
14002,170.25700000000001,0,0,0,0,0,1060,1,16,nan
14003,180.101,0,0,0,0,0,1083,1,16,nan
14004,174.88499999999999,0,0,0,0,0,1192,1,16,nan
14005,159.38300000000001,0,0,0,0,0,993,1,16,nan
14006,146.751,0,0,0,0,0,815,1,16,nan
14007,148.68000000000001,0,0,0,0,0,856,1,16,nan
14008,172.91499999999999,0,0,0,0,0,1053,1,16,nan
14009,170.53700000000001,0,0,0,0,0,1070,1,16,nan
14010,183.75800000000001,0,0,0,0,0,1141,1,16,nan
14011,156.167,0,0,0,0,0,867,1,16,nan
14012,165.38200000000001,0,0,0,0,0,1012,1,16,nan
14013,162.643,0,0,0,0,0,952,1,16,nan
14014,158.828,0,0,0,0,0,937,1,16,nan
14015,172.35400000000001,0,0,0,0,0,1026,1,16,nan
14016,194.26499999999999,0,0,0,0,0,1321,1,16,nan
14017,155.005,0,0,0,0,0,839,1,16,nan
14018,182.88800000000001,0,0,0,0,0,1227,1,16,nan
14019,174.39500000000001,0,0,0,0,0,1158,1,16,nan
14020,155.13999999999999,0,0,0,0,0,887,1,16,nan
14021,202.52699999999999,0,0,0,0,0,1432,1,16,nan
14022,189.94300000000001,0,0,0,0,0,1271,1,16,nan
14023,180.911,0,0,0,0,0,1264,1,16,nan
14024,197.71199999999999,0,0,0,0,0,1340,1,16,nan
14025,185.608,0,0,0,0,0,1228,1,16,nan
14026,136.54900000000001,0,0,0,0,0,740,1,16,nan
14027,187.88,0,0,0,0,0,1260,1,16,nan
14028,190.31999999999999,0,0,0,0,0,1232,1,16,nan
14029,164.80500000000001,0,0,0,0,0,990,1,16,nan
14030,200.637,0,0,0,0,0,1412,1,16,nan
14031,180.785,0,0,0,0,0,1206,1,16,nan
14032,145.696,0,0,0,0,0,749,1,16,nan
14033,138.46299999999999,0,0,0,0,0,641,1,16,nan
14034,182.559,0,0,0,0,0,1217,1,16,nan
14035,194.31700000000001,0,0,0,0,0,1269,1,16,nan
14036,184.93000000000001,0,0,0,0,0,1246,1,16,nan
14037,185.85900000000001,0,0,0,0,0,977,1,16,nan
14038,205.167,0,0,0,0,0,1324,1,16,nan
14039,177.63900000000001,0,0,0,0,0,1120,1,16,nan
14040,169.059,0,0,0,0,0,962,1,16,nan
14041,179.53299999999999,0,0,0,0,0,1204,1,16,nan
14042,177.16200000000001,0,0,0,0,0,1054,1,16,nan
14043,173.262,0,0,0,0,0,1149,1,16,nan
14044,134.84999999999999,0,0,0,0,0,630,1,16,nan
14045,160.316,0,0,0,0,0,986,1,16,nan
14046,119.452,0,0,0,0,0,441,1,16,nan
14047,174.15600000000001,0,0,0,0,0,1099,1,16,nan
14048,182.846,0,0,0,0,0,1244,1,16,nan
14049,143.79599999999999,0,0,0,0,0,765,1,16,nan
14050,190.54900000000001,0,0,0,0,0,983,1,16,nan
14051,175.06399999999999,0,0,0,0,0,1203,1,16,nan
14052,183.50399999999999,0,0,0,0,0,1271,1,16,nan
14053,147.56800000000001,0,0,0,0,0,823,1,16,nan
14054,192.017,0,0,0,0,0,1255,1,16,nan
14055,163.33799999999999,0,0,0,0,0,990,1,16,nan
14056,154.82599999999999,0,0,0,0,0,883,1,16,nan
14057,186.21600000000001,0,0,0,0,0,1318,1,16,nan
14058,185.434,0,0,0,0,0,1245,1,16,nan
14059,156.60900000000001,0,0,0,0,0,852,1,16,nan
14060,210.03700000000001,0,0,0,0,0,1464,1,16,nan
14061,178.55500000000001,0,0,0,0,0,1183,1,16,nan
14062,177.102,0,0,0,0,0,1127,1,16,nan
14063,193.80699999999999,0,0,0,0,0,1320,1,16,nan
14064,170.49100000000001,0,0,0,0,0,1089,1,16,nan
14065,167.666,0,0,0,0,0,1080,1,16,nan
14066,170.11500000000001,0,0,0,0,0,1056,1,16,nan
14067,195.09700000000001,0,0,0,0,0,1420,1,16,nan
14068,148.31299999999999,0,0,0,0,0,770,1,16,nan
14069,146.06399999999999,0,0,0,0,0,764,1,16,nan
14070,168.81200000000001,0,0,0,0,0,977,1,16,nan
14071,196.46600000000001,0,0,0,0,0,1342,1,16,nan
14072,162.40000000000001,0,0,0,0,0,1022,1,16,nan
14073,166.01400000000001,0,0,0,0,0,969,1,16,nan
14074,170.43799999999999,0,0,0,0,0,1045,1,16,nan
14075,155.23599999999999,0,0,0,0,0,917,1,16,nan
14076,186.95699999999999,0,0,0,0,0,1263,1,16,nan
14077,160.733,0,0,0,0,0,914,1,16,nan
14078,148.529,0,0,0,0,0,816,1,16,nan
14079,124.315,0,0,0,0,0,503,1,16,nan
14080,178.95500000000001,0,0,0,0,0,1092,1,16,nan
14081,207.721,0,0,0,0,0,1307,1,16,nan
14082,150.983,0,0,0,0,0,789,1,16,nan
14083,189.95500000000001,0,0,0,0,0,990,1,16,nan
14084,164.79300000000001,0,0,0,0,0,965,1,16,nan
14085,171.41200000000001,0,0,0,0,0,952,1,16,nan
14086,182.08600000000001,0,0,0,0,0,1173,1,16,nan
14087,192.05199999999999,0,0,0,0,0,1264,1,16,nan
14088,152.13499999999999,0,0,0,0,0,747,1,16,nan
14089,188.982,0,0,0,0,0,1184,1,16,nan
14090,128.655,0,0,0,0,0,490,1,16,nan
14091,182.089,0,0,0,0,0,944,1,16,nan
14092,197.29900000000001,0,0,0,0,0,1234,1,16,nan
14093,171.94900000000001,0,0,0,0,0,1096,1,16,nan
14094,150.06100000000001,0,0,0,0,0,825,1,16,nan
14095,175.92699999999999,0,0,0,0,0,1049,1,16,nan
14096,142.20699999999999,0,0,0,0,0,713,1,16,nan
14097,202.28700000000001,0,0,0,0,0,1418,1,16,nan
14098,155.48500000000001,0,0,0,0,0,826,1,16,nan
14099,149.523,0,0,0,0,0,811,1,16,nan
14100,147.09100000000001,0,0,0,0,0,804,1,16,nan
14101,206.626,0,0,0,0,0,1388,1,16,nan
14102,164.10300000000001,0,0,0,0,0,1022,1,16,nan
14103,171.035,0,0,0,0,0,1142,1,16,nan
14104,191.72399999999999,0,0,0,0,0,1112,1,16,nan
14105,144.19900000000001,0,0,0,0,0,674,1,16,nan
14106,183.05799999999999,0,0,0,0,0,1130,1,16,nan
14107,148.98099999999999,0,0,0,0,0,786,1,16,nan
14108,182.25299999999999,0,0,0,0,0,1107,1,16,nan
14109,156.089,0,0,0,0,0,898,1,16,nan
14110,174.739,0,0,0,0,0,1020,1,16,nan
14111,191.739,0,0,0,0,0,1121,1,16,nan
14112,155.15000000000001,0,0,0,0,0,902,1,16,nan
14113,175.982,0,0,0,0,0,1110,1,16,nan
14114,191.42699999999999,0,0,0,0,0,1294,1,16,nan
14115,163.542,0,0,0,0,0,988,1,16,nan
14116,187.167,0,0,0,0,0,1225,1,16,nan
14117,175.65600000000001,0,0,0,0,0,1176,1,16,nan
14118,173.21100000000001,0,0,0,0,0,1089,1,16,nan
14119,179.51499999999999,0,0,0,0,0,1171,1,16,nan
14120,188.94499999999999,0,0,0,0,0,1261,1,16,nan
14121,186.91499999999999,0,0,0,0,0,1223,1,16,nan
14122,188.18000000000001,0,0,0,0,0,1293,1,16,nan
14123,151.10499999999999,0,0,0,0,0,874,1,16,nan
14124,190.35900000000001,0,0,0,0,0,1308,1,16,nan
14125,188.268,0,0,0,0,0,1223,1,16,nan
14126,173.096,0,0,0,0,0,1169,1,16,nan
14127,144.05699999999999,0,0,0,0,0,694,1,16,nan
14128,139.37799999999999,0,0,0,0,0,719,1,16,nan
14129,170.274,0,0,0,0,0,1025,1,16,nan
14130,207.44800000000001,0,0,0,0,0,1249,1,16,nan
14131,156.399,0,0,0,0,0,662,1,16,nan
14132,160.71899999999999,0,0,0,0,0,916,1,16,nan
14133,183.01599999999999,0,0,0,0,0,1157,1,16,nan
14134,159.09,0,0,0,0,0,879,1,16,nan
14135,200.09999999999999,0,0,0,0,0,1003,1,16,nan
14136,178.78800000000001,0,0,0,0,0,1079,1,16,nan
14137,156.90100000000001,0,0,0,0,0,991,1,16,nan
14138,165.06200000000001,0,0,0,0,0,987,1,16,nan
14139,184.44999999999999,0,0,0,0,0,1252,1,16,nan
14140,177.97,0,0,0,0,0,1052,1,16,nan
14141,166.929,0,0,0,0,0,1038,1,16,nan
14142,180.869,0,0,0,0,0,860,1,16,nan
14143,165.70599999999999,0,0,0,0,0,920,1,16,nan
14144,145.501,0,0,0,0,0,701,1,16,nan
14145,182.416,0,0,0,0,0,1155,1,16,nan
14146,189.495,0,0,0,0,0,1205,1,16,nan
14147,164.46700000000001,0,0,0,0,0,858,1,16,nan
14148,179.28,0,0,0,0,0,1125,1,16,nan
14149,113.89,0,0,0,0,0,302,1,16,nan
14150,191.297,0,0,0,0,0,1266,1,16,nan
14151,176.10499999999999,0,0,0,0,0,1038,1,16,nan
14152,163.72399999999999,0,0,0,0,0,964,1,16,nan
14153,207.72300000000001,0,0,0,0,0,1318,1,16,nan
14154,160.96899999999999,0,0,0,0,0,935,1,16,nan
14155,181.72900000000001,0,0,0,0,0,1253,1,16,nan
14156,171.78800000000001,0,0,0,0,0,1076,1,16,nan
14157,181.24700000000001,0,0,0,0,0,1151,1,16,nan
14158,185.392,0,0,0,0,0,1300,1,16,nan
14159,203.60599999999999,0,0,0,0,0,1386,1,16,nan
14160,185.815,0,0,0,0,0,1194,1,16,nan
14161,151.52099999999999,0,0,0,0,0,789,1,16,nan
14162,196.01900000000001,0,0,0,0,0,1360,1,16,nan
14163,181.149,0,0,0,0,0,1260,1,16,nan
14164,163.571,0,0,0,0,0,889,1,16,nan
14165,149.36000000000001,0,0,0,0,0,748,1,16,nan
14166,162.38399999999999,0,0,0,0,0,994,1,16,nan
14167,171.66200000000001,0,0,0,0,0,1044,1,16,nan
14168,218.86099999999999,0,0,0,0,0,1554,1,16,nan
14169,178.84399999999999,0,0,0,0,0,1141,1,16,nan
14170,179.77799999999999,0,0,0,0,0,1161,1,16,nan
14171,168.214,0,0,0,0,0,943,1,16,nan
14172,182.05699999999999,0,0,0,0,0,1209,1,16,nan
14173,180.84100000000001,0,0,0,0,0,1114,1,16,nan
14174,144.98500000000001,0,0,0,0,0,715,1,16,nan
14175,186.988,0,0,0,0,0,1259,1,16,nan
14176,203.28299999999999,0,0,0,0,0,1247,1,16,nan
14177,149.72499999999999,0,0,0,0,0,811,1,16,nan
14178,189.15700000000001,0,0,0,0,0,1209,1,16,nan
14179,136.976,0,0,0,0,0,592,1,16,nan
14180,173.197,0,0,0,0,0,1021,1,16,nan
14181,155.46199999999999,0,0,0,0,0,853,1,16,nan
14182,129.49000000000001,0,0,0,0,0,425,1,16,nan
14183,163.267,0,0,0,0,0,914,1,16,nan
14184,154.19999999999999,0,0,0,0,0,739,1,16,nan
14185,183.911,0,0,0,0,0,1219,1,16,nan
14186,168.43600000000001,0,0,0,0,0,916,1,16,nan
14187,176.81700000000001,0,0,0,0,0,1110,1,16,nan
14188,181.08699999999999,0,0,0,0,0,1088,1,16,nan
14189,193.32599999999999,0,0,0,0,0,1319,1,16,nan
14190,169.38200000000001,0,0,0,0,0,933,1,16,nan
14191,192.756,0,0,0,0,0,1316,1,16,nan
14192,126.128,0,0,0,0,0,421,1,16,nan
14193,105.721,0,0,0,0,0,269,1,16,nan
14194,135.66,0,0,0,0,0,517,1,16,nan
14195,156.92699999999999,0,0,0,0,0,869,1,16,nan
14196,170.11000000000001,0,0,0,0,0,983,1,16,nan
14197,162.22499999999999,0,0,0,0,0,894,1,16,nan
14198,188.10400000000001,0,0,0,0,0,834,1,16,nan
14199,153.32900000000001,0,0,0,0,0,615,1,16,nan
14200,208.262,0,0,0,0,0,1227,1,16,nan
14201,225.815,0,0,0,0,0,1305,1,16,nan
14202,182.09700000000001,0,0,0,0,0,1159,1,16,nan
14203,172.846,0,0,0,0,0,1172,1,16,nan
14204,165.803,0,0,0,0,0,1050,1,16,nan
14205,190.625,0,0,0,0,0,1082,1,16,nan
14206,176.36500000000001,0,0,0,0,0,1071,1,16,nan
14207,158.71600000000001,0,0,0,0,0,861,1,16,nan
14208,185.20699999999999,0,0,0,0,0,1137,1,16,nan
14209,172.83699999999999,0,0,0,0,0,1053,1,16,nan
14210,171.77099999999999,0,0,0,0,0,1035,1,16,nan
14211,130.20500000000001,0,0,0,0,0,488,1,16,nan
14212,215.072,0,0,0,0,0,1497,1,16,nan
14213,200.17400000000001,0,0,0,0,0,1299,1,16,nan
14214,183.70500000000001,0,0,0,0,0,1182,1,16,nan
14215,175.744,0,0,0,0,0,1056,1,16,nan
14216,152.28800000000001,0,0,0,0,0,814,1,16,nan
14217,152.34399999999999,0,0,0,0,0,716,1,16,nan
14218,208.87899999999999,0,0,0,0,0,1364,1,16,nan
14219,151.108,0,0,0,0,0,414,1,16,nan
14220,170.20699999999999,0,0,0,0,0,1015,1,16,nan
14221,161.34100000000001,0,0,0,0,0,989,1,16,nan
14222,173.047,0,0,0,0,0,1099,1,16,nan
14223,151.173,0,0,0,0,0,803,1,16,nan
14224,165.38999999999999,0,0,0,0,0,1038,1,16,nan
14225,162.38900000000001,0,0,0,0,0,1019,1,16,nan
14226,193.62700000000001,0,0,0,0,0,1358,1,16,nan
14227,135.80799999999999,0,0,0,0,0,643,1,16,nan
14228,189.45699999999999,0,0,0,0,0,1259,1,16,nan
14229,201.69,0,0,0,0,0,1127,1,16,nan
14230,185.13399999999999,0,0,0,0,0,1057,1,16,nan
14231,161.649,0,0,0,0,0,697,1,16,nan
14232,192.447,0,0,0,0,0,961,1,16,nan
14233,139.715,0,0,0,0,0,630,1,16,nan
14234,165.48099999999999,0,0,0,0,0,975,1,16,nan
14235,179.06899999999999,0,0,0,0,0,1169,1,16,nan
14236,179.68700000000001,0,0,0,0,0,1165,1,16,nan
14237,142.17400000000001,0,0,0,0,0,740,1,16,nan
14238,164.21600000000001,0,0,0,0,0,999,1,16,nan
14239,141.035,0,0,0,0,0,875,1,16,nan
14240,173.43600000000001,0,0,0,0,0,1030,1,16,nan
14241,210.82900000000001,0,0,0,0,0,1489,1,16,nan
14242,188.64599999999999,0,0,0,0,0,1289,1,16,nan
14243,204.20400000000001,0,0,0,0,0,1341,1,16,nan
14244,137.995,0,0,0,0,0,667,1,16,nan
14245,186.51900000000001,0,0,0,0,0,1227,1,16,nan
14246,149.40899999999999,0,0,0,0,0,784,1,16,nan
14247,168.91200000000001,0,0,0,0,0,928,1,16,nan
14248,174.65000000000001,0,0,0,0,0,1119,1,16,nan
14249,187.20699999999999,0,0,0,0,0,1299,1,16,nan
14250,129.13300000000001,0,0,0,0,0,573,1,16,nan
14251,162.87299999999999,0,0,0,0,0,1001,1,16,nan
